[rospy.client][INFO] 2026-07-23 22:29:28,922: init_node, name[/zhuoyi_10v10_controller], pid[579536]
[xmlrpc][INFO] 2026-07-23 22:29:28,922: XML-RPC server binding to 0.0.0.0:0
[xmlrpc][INFO] 2026-07-23 22:29:28,922: Started XML-RPC server [http://gpufree-container:44355/]
[rospy.init][INFO] 2026-07-23 22:29:28,922: ROS Slave URI: [http://gpufree-container:44355/]
[rospy.impl.masterslave][INFO] 2026-07-23 22:29:28,923: _ready: http://gpufree-container:44355/
[rospy.registration][INFO] 2026-07-23 22:29:28,923: Registering with master node http://localhost:11311
[xmlrpc][INFO] 2026-07-23 22:29:28,923: xml rpc node: starting XML-RPC server
[rospy.init][INFO] 2026-07-23 22:29:29,023: registered with master
[rospy.rosout][INFO] 2026-07-23 22:29:29,023: initializing /rosout core topic
[rospy.rosout][INFO] 2026-07-23 22:29:29,026: connected to core topic /rosout
[rospy.simtime][INFO] 2026-07-23 22:29:29,026: /use_sim_time is not set, will not subscribe to simulated time [/clock] topic
[rospy.internal][INFO] 2026-07-23 22:29:29,031: topic[/interceptor1/origin] adding connection to [http://gpufree-container:35563/], count 0
[rospy.internal][INFO] 2026-07-23 22:29:29,033: topic[/mavros/local_position/odom] adding connection to [http://gpufree-container:45985/], count 0
[rospy.internal][INFO] 2026-07-23 22:29:29,034: topic[/mavros/state] adding connection to [http://gpufree-container:45985/], count 0
[rospy.internal][INFO] 2026-07-23 22:29:29,035: topic[/radar/target1/position] adding connection to [http://gpufree-container:35563/], count 0
[rospy.internal][INFO] 2026-07-23 22:29:29,037: topic[/interceptor2/origin] adding connection to [http://gpufree-container:35563/], count 0
[rospy.internal][INFO] 2026-07-23 22:29:29,037: topic[/mavros2/local_position/odom] adding connection to [http://gpufree-container:45985/], count 0
[rospy.internal][INFO] 2026-07-23 22:29:29,039: topic[/mavros2/state] adding connection to [http://gpufree-container:45985/], count 0
[rospy.internal][INFO] 2026-07-23 22:29:29,041: topic[/radar/target2/position] adding connection to [http://gpufree-container:35563/], count 0
[rospy.internal][INFO] 2026-07-23 22:29:29,042: topic[/mavros3/local_position/odom] adding connection to [http://gpufree-container:45985/], count 0
[rospy.internal][INFO] 2026-07-23 22:29:29,042: topic[/interceptor3/origin] adding connection to [http://gpufree-container:35563/], count 0
[rospy.internal][INFO] 2026-07-23 22:29:29,044: topic[/mavros3/state] adding connection to [http://gpufree-container:45985/], count 0
[rospy.internal][INFO] 2026-07-23 22:29:29,046: topic[/radar/target3/position] adding connection to [http://gpufree-container:35563/], count 0
[rospy.internal][INFO] 2026-07-23 22:29:29,048: topic[/mavros4/local_position/odom] adding connection to [http://gpufree-container:45985/], count 0
[rospy.internal][INFO] 2026-07-23 22:29:29,048: topic[/interceptor4/origin] adding connection to [http://gpufree-container:35563/], count 0
[rospy.internal][INFO] 2026-07-23 22:29:29,049: topic[/mavros4/state] adding connection to [http://gpufree-container:45985/], count 0
[rospy.internal][INFO] 2026-07-23 22:29:29,054: topic[/radar/target4/position] adding connection to [http://gpufree-container:35563/], count 0
[rospy.internal][INFO] 2026-07-23 22:29:29,054: topic[/interceptor5/origin] adding connection to [http://gpufree-container:35563/], count 0
[rospy.internal][INFO] 2026-07-23 22:29:29,056: topic[/mavros5/local_position/odom] adding connection to [http://gpufree-container:45985/], count 0
[rospy.internal][INFO] 2026-07-23 22:29:29,057: topic[/mavros5/state] adding connection to [http://gpufree-container:45985/], count 0
[rospy.internal][INFO] 2026-07-23 22:29:29,059: topic[/radar/target5/position] adding connection to [http://gpufree-container:35563/], count 0
[rospy.internal][INFO] 2026-07-23 22:29:29,061: topic[/interceptor6/origin] adding connection to [http://gpufree-container:35563/], count 0
[rospy.internal][INFO] 2026-07-23 22:29:29,062: topic[/mavros6/local_position/odom] adding connection to [http://gpufree-container:45985/], count 0
[rospy.internal][INFO] 2026-07-23 22:29:29,064: topic[/mavros6/state] adding connection to [http://gpufree-container:45985/], count 0
[rospy.internal][INFO] 2026-07-23 22:29:29,066: topic[/radar/target6/position] adding connection to [http://gpufree-container:35563/], count 0
[rospy.internal][INFO] 2026-07-23 22:29:29,067: topic[/interceptor7/origin] adding connection to [http://gpufree-container:35563/], count 0
[rospy.internal][INFO] 2026-07-23 22:29:29,069: topic[/mavros7/local_position/odom] adding connection to [http://gpufree-container:45985/], count 0
[rospy.internal][INFO] 2026-07-23 22:29:29,071: topic[/mavros7/state] adding connection to [http://gpufree-container:45985/], count 0
[rospy.internal][INFO] 2026-07-23 22:29:29,072: topic[/radar/target7/position] adding connection to [http://gpufree-container:35563/], count 0
[rospy.internal][INFO] 2026-07-23 22:29:29,074: topic[/interceptor8/origin] adding connection to [http://gpufree-container:35563/], count 0
[rospy.internal][INFO] 2026-07-23 22:29:29,075: topic[/mavros8/local_position/odom] adding connection to [http://gpufree-container:45985/], count 0
[rospy.internal][INFO] 2026-07-23 22:29:29,077: topic[/mavros8/state] adding connection to [http://gpufree-container:45985/], count 0
[rospy.internal][INFO] 2026-07-23 22:29:29,078: topic[/radar/target8/position] adding connection to [http://gpufree-container:35563/], count 0
[rospy.internal][INFO] 2026-07-23 22:29:29,080: topic[/interceptor9/origin] adding connection to [http://gpufree-container:35563/], count 0
[rospy.internal][INFO] 2026-07-23 22:29:29,082: topic[/mavros9/local_position/odom] adding connection to [http://gpufree-container:45985/], count 0
[rospy.internal][INFO] 2026-07-23 22:29:29,084: topic[/mavros9/state] adding connection to [http://gpufree-container:45985/], count 0
[rospy.internal][INFO] 2026-07-23 22:29:29,086: topic[/radar/target9/position] adding connection to [http://gpufree-container:35563/], count 0
[rospy.internal][INFO] 2026-07-23 22:29:29,088: topic[/interceptor10/origin] adding connection to [http://gpufree-container:35563/], count 0
[rospy.internal][INFO] 2026-07-23 22:29:29,089: topic[/mavros10/local_position/odom] adding connection to [http://gpufree-container:45985/], count 0
[rosout][INFO] 2026-07-23 22:29:29,090: 等待公开话题 origin=0/10 odom=8/10 state=0/10 target=0/10
[rospy.internal][INFO] 2026-07-23 22:29:29,092: topic[/mavros10/state] adding connection to [http://gpufree-container:45985/], count 0
[rospy.internal][INFO] 2026-07-23 22:29:29,093: topic[/radar/target10/position] adding connection to [http://gpufree-container:35563/], count 0
[rospy.internal][INFO] 2026-07-23 22:29:29,281: topic[/rosout] adding connection to [/rosout], count 0
[rosout][INFO] 2026-07-23 22:29:29,290: 公开话题已就绪 origin=10 odom=10 state=10 target=10
[rosout][INFO] 2026-07-23 22:29:29,292: observe agent=10 target=10 armed=0 target_speed=[0.00, 0.00]
[rosout][INFO] 2026-07-23 22:29:29,792: observe agent=10 target=10 armed=0 target_speed=[0.00, 0.00]
[rosout][INFO] 2026-07-23 22:29:30,392: observe agent=10 target=10 armed=0 target_speed=[0.00, 0.00]
[rosout][INFO] 2026-07-23 22:29:30,892: observe agent=10 target=10 armed=0 target_speed=[0.00, 0.00]
[rosout][INFO] 2026-07-23 22:29:31,492: observe agent=10 target=10 armed=0 target_speed=[0.00, 0.00]
[rosout][INFO] 2026-07-23 22:29:32,092: observe agent=10 target=10 armed=0 target_speed=[0.00, 0.00]
[rosout][INFO] 2026-07-23 22:29:32,592: observe agent=10 target=10 armed=0 target_speed=[0.00, 0.00]
[rosout][INFO] 2026-07-23 22:29:33,192: observe agent=10 target=10 armed=0 target_speed=[0.00, 0.00]
[rosout][INFO] 2026-07-23 22:29:33,692: observe agent=10 target=10 armed=0 target_speed=[0.00, 0.00]
[rosout][INFO] 2026-07-23 22:29:34,192: observe agent=10 target=10 armed=0 target_speed=[0.00, 0.00]
[rosout][INFO] 2026-07-23 22:29:34,792: observe agent=10 target=10 armed=0 target_speed=[0.00, 0.00]
[rosout][INFO] 2026-07-23 22:29:35,392: observe agent=10 target=10 armed=0 target_speed=[0.00, 0.00]
[rosout][INFO] 2026-07-23 22:29:35,892: observe agent=10 target=10 armed=0 target_speed=[0.00, 0.00]
[rosout][INFO] 2026-07-23 22:29:36,392: observe agent=10 target=10 armed=0 target_speed=[0.00, 0.00]
[rosout][INFO] 2026-07-23 22:29:36,893: observe agent=10 target=10 armed=0 target_speed=[0.00, 0.00]
[rosout][INFO] 2026-07-23 22:29:37,492: observe agent=10 target=10 armed=0 target_speed=[0.00, 0.00]
[rosout][INFO] 2026-07-23 22:29:38,092: observe agent=10 target=10 armed=0 target_speed=[0.00, 0.00]
[rosout][INFO] 2026-07-23 22:29:38,692: observe agent=10 target=10 armed=0 target_speed=[0.00, 0.00]
[rosout][INFO] 2026-07-23 22:29:39,292: observe agent=10 target=10 armed=0 target_speed=[0.00, 0.00]
[rosout][INFO] 2026-07-23 22:29:39,892: observe agent=10 target=10 armed=0 target_speed=[0.00, 0.00]
[rosout][INFO] 2026-07-23 22:29:40,392: observe agent=10 target=10 armed=0 target_speed=[0.00, 0.00]
[rosout][INFO] 2026-07-23 22:29:40,892: observe agent=10 target=10 armed=0 target_speed=[0.00, 0.00]
[rosout][INFO] 2026-07-23 22:29:41,392: observe agent=10 target=10 armed=0 target_speed=[0.00, 0.00]
[rosout][INFO] 2026-07-23 22:29:41,992: observe agent=10 target=10 armed=0 target_speed=[0.00, 0.00]
[rosout][INFO] 2026-07-23 22:29:42,592: observe agent=10 target=10 armed=0 target_speed=[0.00, 0.00]
[rosout][INFO] 2026-07-23 22:29:43,192: observe agent=10 target=10 armed=0 target_speed=[0.00, 0.00]
[rosout][INFO] 2026-07-23 22:29:43,792: observe agent=10 target=10 armed=0 target_speed=[0.00, 0.00]
[rosout][INFO] 2026-07-23 22:29:44,392: observe agent=10 target=10 armed=0 target_speed=[0.00, 0.00]
[rosout][INFO] 2026-07-23 22:29:44,892: observe agent=10 target=10 armed=0 target_speed=[0.00, 0.00]
[rosout][INFO] 2026-07-23 22:29:45,392: observe agent=10 target=10 armed=0 target_speed=[0.00, 0.00]
[rosout][INFO] 2026-07-23 22:29:45,992: observe agent=10 target=10 armed=0 target_speed=[0.00, 0.00]
[rosout][INFO] 2026-07-23 22:29:46,492: observe agent=10 target=10 armed=0 target_speed=[0.00, 0.00]
[rosout][INFO] 2026-07-23 22:29:47,092: observe agent=10 target=10 armed=0 target_speed=[0.00, 0.00]
[rosout][INFO] 2026-07-23 22:29:47,692: observe agent=10 target=10 armed=0 target_speed=[0.00, 0.00]
[rosout][INFO] 2026-07-23 22:29:48,292: observe agent=10 target=10 armed=0 target_speed=[0.00, 0.00]
[rosout][INFO] 2026-07-23 22:29:48,892: observe agent=10 target=10 armed=0 target_speed=[0.00, 0.00]
[rospy.core][INFO] 2026-07-23 22:29:49,293: signal_shutdown [atexit]
[rospy.internal][INFO] 2026-07-23 22:29:49,298: topic[/rosout] removing connection to /rosout
[rospy.internal][INFO] 2026-07-23 22:29:49,299: topic[/interceptor1/origin] removing connection to http://gpufree-container:35563/
[rospy.internal][INFO] 2026-07-23 22:29:49,299: topic[/mavros/local_position/odom] removing connection to http://gpufree-container:45985/
[rospy.internal][INFO] 2026-07-23 22:29:49,300: topic[/mavros/state] removing connection to http://gpufree-container:45985/
[rospy.internal][INFO] 2026-07-23 22:29:49,300: topic[/radar/target1/position] removing connection to http://gpufree-container:35563/
[rospy.internal][INFO] 2026-07-23 22:29:49,300: topic[/interceptor2/origin] removing connection to http://gpufree-container:35563/
[rospy.internal][INFO] 2026-07-23 22:29:49,300: topic[/mavros2/local_position/odom] removing connection to http://gpufree-container:45985/
[rospy.internal][INFO] 2026-07-23 22:29:49,301: topic[/mavros2/state] removing connection to http://gpufree-container:45985/
[rospy.internal][INFO] 2026-07-23 22:29:49,301: topic[/radar/target2/position] removing connection to http://gpufree-container:35563/
[rospy.internal][INFO] 2026-07-23 22:29:49,301: topic[/radar/target2/position] removing connection to http://gpufree-container:35563/
[rospy.internal][INFO] 2026-07-23 22:29:49,301: topic[/interceptor3/origin] removing connection to http://gpufree-container:35563/
[rospy.internal][INFO] 2026-07-23 22:29:49,301: topic[/mavros3/local_position/odom] removing connection to http://gpufree-container:45985/
[rospy.internal][INFO] 2026-07-23 22:29:49,302: topic[/mavros3/state] removing connection to http://gpufree-container:45985/
[rospy.internal][INFO] 2026-07-23 22:29:49,302: topic[/radar/target3/position] removing connection to http://gpufree-container:35563/
[rospy.internal][INFO] 2026-07-23 22:29:49,302: topic[/interceptor4/origin] removing connection to http://gpufree-container:35563/
[rospy.internal][INFO] 2026-07-23 22:29:49,302: topic[/mavros4/local_position/odom] removing connection to http://gpufree-container:45985/
[rospy.internal][INFO] 2026-07-23 22:29:49,302: topic[/mavros4/state] removing connection to http://gpufree-container:45985/
[rospy.internal][INFO] 2026-07-23 22:29:49,303: topic[/radar/target4/position] removing connection to http://gpufree-container:35563/
[rospy.internal][INFO] 2026-07-23 22:29:49,303: topic[/interceptor5/origin] removing connection to http://gpufree-container:35563/
[rospy.internal][INFO] 2026-07-23 22:29:49,303: topic[/mavros5/local_position/odom] removing connection to http://gpufree-container:45985/
[rospy.internal][INFO] 2026-07-23 22:29:49,303: topic[/mavros5/state] removing connection to http://gpufree-container:45985/
[rospy.internal][INFO] 2026-07-23 22:29:49,304: topic[/radar/target5/position] removing connection to http://gpufree-container:35563/
[rospy.internal][INFO] 2026-07-23 22:29:49,304: topic[/interceptor6/origin] removing connection to http://gpufree-container:35563/
[rospy.internal][INFO] 2026-07-23 22:29:49,304: topic[/mavros6/local_position/odom] removing connection to http://gpufree-container:45985/
[rospy.internal][INFO] 2026-07-23 22:29:49,304: topic[/mavros6/state] removing connection to http://gpufree-container:45985/
[rospy.internal][INFO] 2026-07-23 22:29:49,305: topic[/radar/target6/position] removing connection to http://gpufree-container:35563/
[rospy.internal][INFO] 2026-07-23 22:29:49,305: topic[/interceptor7/origin] removing connection to http://gpufree-container:35563/
[rospy.internal][INFO] 2026-07-23 22:29:49,305: topic[/mavros7/local_position/odom] removing connection to http://gpufree-container:45985/
[rospy.internal][INFO] 2026-07-23 22:29:49,305: topic[/mavros7/state] removing connection to http://gpufree-container:45985/
[rospy.internal][INFO] 2026-07-23 22:29:49,305: topic[/radar/target7/position] removing connection to http://gpufree-container:35563/
[rospy.internal][INFO] 2026-07-23 22:29:49,306: topic[/interceptor8/origin] removing connection to http://gpufree-container:35563/
[rospy.internal][INFO] 2026-07-23 22:29:49,306: topic[/mavros8/local_position/odom] removing connection to http://gpufree-container:45985/
[rospy.internal][INFO] 2026-07-23 22:29:49,306: topic[/mavros8/state] removing connection to http://gpufree-container:45985/
[rospy.internal][INFO] 2026-07-23 22:29:49,306: topic[/radar/target8/position] removing connection to http://gpufree-container:35563/
[rospy.internal][INFO] 2026-07-23 22:29:49,306: topic[/interceptor9/origin] removing connection to http://gpufree-container:35563/
[rospy.internal][INFO] 2026-07-23 22:29:49,307: topic[/mavros9/local_position/odom] removing connection to http://gpufree-container:45985/
[rospy.internal][INFO] 2026-07-23 22:29:49,307: topic[/mavros9/state] removing connection to http://gpufree-container:45985/
[rospy.internal][INFO] 2026-07-23 22:29:49,307: topic[/radar/target9/position] removing connection to http://gpufree-container:35563/
[rospy.internal][INFO] 2026-07-23 22:29:49,307: topic[/interceptor10/origin] removing connection to http://gpufree-container:35563/
[rospy.internal][INFO] 2026-07-23 22:29:49,308: topic[/mavros10/local_position/odom] removing connection to http://gpufree-container:45985/
[rospy.internal][INFO] 2026-07-23 22:29:49,308: topic[/mavros10/state] removing connection to http://gpufree-container:45985/
[rospy.internal][INFO] 2026-07-23 22:29:49,308: topic[/radar/target10/position] removing connection to http://gpufree-container:35563/
[rospy.impl.masterslave][INFO] 2026-07-23 22:29:49,308: atexit
[rospy.client][INFO] 2026-07-23 22:31:00,077: init_node, name[/zhuoyi_10v10_controller], pid[582891]
[xmlrpc][INFO] 2026-07-23 22:31:00,077: XML-RPC server binding to 0.0.0.0:0
[xmlrpc][INFO] 2026-07-23 22:31:00,078: Started XML-RPC server [http://gpufree-container:33213/]
[rospy.init][INFO] 2026-07-23 22:31:00,078: ROS Slave URI: [http://gpufree-container:33213/]
[rospy.impl.masterslave][INFO] 2026-07-23 22:31:00,078: _ready: http://gpufree-container:33213/
[xmlrpc][INFO] 2026-07-23 22:31:00,124: xml rpc node: starting XML-RPC server
[rospy.registration][INFO] 2026-07-23 22:31:00,124: Registering with master node http://localhost:11311
[rospy.init][INFO] 2026-07-23 22:31:00,178: registered with master
[rospy.rosout][INFO] 2026-07-23 22:31:00,178: initializing /rosout core topic
[rospy.rosout][INFO] 2026-07-23 22:31:00,182: connected to core topic /rosout
[rospy.simtime][INFO] 2026-07-23 22:31:00,182: /use_sim_time is not set, will not subscribe to simulated time [/clock] topic
[rospy.internal][INFO] 2026-07-23 22:31:00,188: topic[/interceptor1/origin] adding connection to [http://gpufree-container:35563/], count 0
[rospy.internal][INFO] 2026-07-23 22:31:00,189: topic[/mavros/local_position/odom] adding connection to [http://gpufree-container:45985/], count 0
[rospy.internal][INFO] 2026-07-23 22:31:00,191: topic[/mavros/state] adding connection to [http://gpufree-container:45985/], count 0
[rospy.internal][INFO] 2026-07-23 22:31:00,194: topic[/mavros2/local_position/odom] adding connection to [http://gpufree-container:45985/], count 0
[rospy.internal][INFO] 2026-07-23 22:31:00,195: topic[/radar/target1/position] adding connection to [http://gpufree-container:35563/], count 0
[rospy.internal][INFO] 2026-07-23 22:31:00,197: topic[/mavros2/state] adding connection to [http://gpufree-container:45985/], count 0
[rospy.internal][INFO] 2026-07-23 22:31:00,197: topic[/interceptor2/origin] adding connection to [http://gpufree-container:35563/], count 0
[rospy.internal][INFO] 2026-07-23 22:31:00,199: topic[/radar/target2/position] adding connection to [http://gpufree-container:35563/], count 0
[rospy.internal][INFO] 2026-07-23 22:31:00,201: topic[/mavros3/local_position/odom] adding connection to [http://gpufree-container:45985/], count 0
[rospy.internal][INFO] 2026-07-23 22:31:00,201: topic[/interceptor3/origin] adding connection to [http://gpufree-container:35563/], count 0
[rospy.internal][INFO] 2026-07-23 22:31:00,203: topic[/mavros3/state] adding connection to [http://gpufree-container:45985/], count 0
[rospy.internal][INFO] 2026-07-23 22:31:00,205: topic[/radar/target3/position] adding connection to [http://gpufree-container:35563/], count 0
[rospy.internal][INFO] 2026-07-23 22:31:00,207: topic[/interceptor4/origin] adding connection to [http://gpufree-container:35563/], count 0
[rospy.internal][INFO] 2026-07-23 22:31:00,208: topic[/mavros4/local_position/odom] adding connection to [http://gpufree-container:45985/], count 0
[rospy.internal][INFO] 2026-07-23 22:31:00,210: topic[/mavros4/state] adding connection to [http://gpufree-container:45985/], count 0
[rospy.internal][INFO] 2026-07-23 22:31:00,211: topic[/radar/target4/position] adding connection to [http://gpufree-container:35563/], count 0
[rospy.internal][INFO] 2026-07-23 22:31:00,213: topic[/interceptor5/origin] adding connection to [http://gpufree-container:35563/], count 0
[rospy.internal][INFO] 2026-07-23 22:31:00,214: topic[/mavros5/local_position/odom] adding connection to [http://gpufree-container:45985/], count 0
[rospy.internal][INFO] 2026-07-23 22:31:00,216: topic[/mavros5/state] adding connection to [http://gpufree-container:45985/], count 0
[rospy.internal][INFO] 2026-07-23 22:31:00,218: topic[/radar/target5/position] adding connection to [http://gpufree-container:35563/], count 0
[rospy.internal][INFO] 2026-07-23 22:31:00,220: topic[/interceptor6/origin] adding connection to [http://gpufree-container:35563/], count 0
[rospy.internal][INFO] 2026-07-23 22:31:00,222: topic[/mavros6/local_position/odom] adding connection to [http://gpufree-container:45985/], count 0
[rospy.internal][INFO] 2026-07-23 22:31:00,223: topic[/mavros6/state] adding connection to [http://gpufree-container:45985/], count 0
[rospy.internal][INFO] 2026-07-23 22:31:00,228: topic[/radar/target6/position] adding connection to [http://gpufree-container:35563/], count 0
[rospy.internal][INFO] 2026-07-23 22:31:00,229: topic[/interceptor7/origin] adding connection to [http://gpufree-container:35563/], count 0
[rospy.internal][INFO] 2026-07-23 22:31:00,230: topic[/mavros7/local_position/odom] adding connection to [http://gpufree-container:45985/], count 0
[rospy.internal][INFO] 2026-07-23 22:31:00,232: topic[/mavros7/state] adding connection to [http://gpufree-container:45985/], count 0
[rospy.internal][INFO] 2026-07-23 22:31:00,234: topic[/radar/target7/position] adding connection to [http://gpufree-container:35563/], count 0
[rospy.internal][INFO] 2026-07-23 22:31:00,236: topic[/interceptor8/origin] adding connection to [http://gpufree-container:35563/], count 0
[rospy.internal][INFO] 2026-07-23 22:31:00,237: topic[/mavros8/local_position/odom] adding connection to [http://gpufree-container:45985/], count 0
[rospy.internal][INFO] 2026-07-23 22:31:00,239: topic[/mavros8/state] adding connection to [http://gpufree-container:45985/], count 0
[rospy.internal][INFO] 2026-07-23 22:31:00,242: topic[/radar/target8/position] adding connection to [http://gpufree-container:35563/], count 0
[rospy.internal][INFO] 2026-07-23 22:31:00,243: topic[/interceptor9/origin] adding connection to [http://gpufree-container:35563/], count 0
[rospy.internal][INFO] 2026-07-23 22:31:00,244: topic[/mavros9/local_position/odom] adding connection to [http://gpufree-container:45985/], count 0
[rospy.internal][INFO] 2026-07-23 22:31:00,246: topic[/mavros9/state] adding connection to [http://gpufree-container:45985/], count 0
[rospy.internal][INFO] 2026-07-23 22:31:00,250: topic[/radar/target9/position] adding connection to [http://gpufree-container:35563/], count 0
[rospy.internal][INFO] 2026-07-23 22:31:00,252: topic[/mavros10/local_position/odom] adding connection to [http://gpufree-container:45985/], count 0
[rospy.internal][INFO] 2026-07-23 22:31:00,252: topic[/interceptor10/origin] adding connection to [http://gpufree-container:35563/], count 0
[rospy.internal][INFO] 2026-07-23 22:31:00,254: topic[/mavros10/state] adding connection to [http://gpufree-container:45985/], count 0
[rosout][INFO] 2026-07-23 22:31:00,254: 等待公开话题 origin=6/10 odom=7/10 state=0/10 target=5/10
[rospy.internal][INFO] 2026-07-23 22:31:00,256: topic[/radar/target10/position] adding connection to [http://gpufree-container:35563/], count 0
[rospy.internal][INFO] 2026-07-23 22:31:00,390: topic[/rosout] adding connection to [/rosout], count 0
[rosout][INFO] 2026-07-23 22:31:00,454: 公开话题已就绪 origin=10 odom=10 state=10 target=10
[rosout][INFO] 2026-07-23 22:31:00,456: 预热 10 路设定点流 2.0 秒
[rospy.internal][INFO] 2026-07-23 22:31:00,488: topic[/mavros/setpoint_raw/local] adding connection to [/rostrans_ros1], count 0
[rospy.internal][INFO] 2026-07-23 22:31:00,488: topic[/mavros2/setpoint_raw/local] adding connection to [/rostrans_ros1], count 0
[rospy.internal][INFO] 2026-07-23 22:31:00,489: topic[/mavros3/setpoint_raw/local] adding connection to [/rostrans_ros1], count 0
[rospy.internal][INFO] 2026-07-23 22:31:00,490: topic[/mavros4/setpoint_raw/local] adding connection to [/rostrans_ros1], count 0
[rospy.internal][INFO] 2026-07-23 22:31:00,490: topic[/mavros5/setpoint_raw/local] adding connection to [/rostrans_ros1], count 0
[rospy.internal][INFO] 2026-07-23 22:31:00,490: topic[/mavros6/setpoint_raw/local] adding connection to [/rostrans_ros1], count 0
[rospy.internal][INFO] 2026-07-23 22:31:00,490: topic[/mavros7/setpoint_raw/local] adding connection to [/rostrans_ros1], count 0
[rospy.internal][INFO] 2026-07-23 22:31:00,491: topic[/mavros8/setpoint_raw/local] adding connection to [/rostrans_ros1], count 0
[rospy.internal][INFO] 2026-07-23 22:31:00,491: topic[/mavros9/setpoint_raw/local] adding connection to [/rostrans_ros1], count 0
[rospy.internal][INFO] 2026-07-23 22:31:01,511: topic[/mavros10/setpoint_raw/local] adding connection to [/rostrans_ros1], count 0
[rosout][INFO] 2026-07-23 22:31:02,481: 并发解锁 retry=1 armed=0/10 offboard=0/10 service_ok=10/10
[rosout][INFO] 2026-07-23 22:31:02,907: 并发解锁 retry=2 armed=10/10 offboard=10/10 service_ok=10/10
[rosout][INFO] 2026-07-23 22:31:02,911: control target=10 agent=10 armed=10 cmd_max=0.0 actual_max=0.0
[rosout][INFO] 2026-07-23 22:31:03,411: control target=10 agent=10 armed=10 cmd_max=2.5 actual_max=1.7
[rosout][INFO] 2026-07-23 22:31:03,911: control target=10 agent=10 armed=10 cmd_max=4.1 actual_max=3.0
[rosout][INFO] 2026-07-23 22:31:04,512: control target=10 agent=10 armed=10 cmd_max=6.5 actual_max=4.5
[rosout][INFO] 2026-07-23 22:31:05,111: control target=10 agent=10 armed=10 cmd_max=9.3 actual_max=7.2
[rosout][INFO] 2026-07-23 22:31:05,611: control target=10 agent=10 armed=10 cmd_max=11.7 actual_max=9.4
[rosout][INFO] 2026-07-23 22:31:06,111: control target=10 agent=10 armed=10 cmd_max=14.1 actual_max=11.8
[rosout][INFO] 2026-07-23 22:31:06,711: control target=10 agent=10 armed=10 cmd_max=17.0 actual_max=14.5
[rosout][INFO] 2026-07-23 22:31:07,311: control target=10 agent=10 armed=10 cmd_max=20.0 actual_max=15.9
[rosout][INFO] 2026-07-23 22:31:07,811: control target=10 agent=10 armed=10 cmd_max=20.0 actual_max=16.4
[rosout][INFO] 2026-07-23 22:31:08,311: control target=10 agent=10 armed=10 cmd_max=20.0 actual_max=16.8
[rosout][INFO] 2026-07-23 22:31:08,911: control target=10 agent=10 armed=10 cmd_max=20.0 actual_max=17.2
[rosout][INFO] 2026-07-23 22:31:09,511: control target=10 agent=10 armed=10 cmd_max=20.0 actual_max=17.5
[rosout][INFO] 2026-07-23 22:31:10,011: control target=10 agent=10 armed=10 cmd_max=20.0 actual_max=17.7
[rosout][INFO] 2026-07-23 22:31:10,611: control target=10 agent=10 armed=10 cmd_max=20.0 actual_max=18.0
[rosout][INFO] 2026-07-23 22:31:11,211: control target=10 agent=10 armed=10 cmd_max=20.0 actual_max=18.3
[rosout][INFO] 2026-07-23 22:31:11,711: control target=10 agent=10 armed=10 cmd_max=20.0 actual_max=18.5
[rosout][INFO] 2026-07-23 22:31:12,311: control target=10 agent=10 armed=10 cmd_max=20.0 actual_max=18.7
[rosout][INFO] 2026-07-23 22:31:12,911: control target=10 agent=10 armed=10 cmd_max=20.0 actual_max=18.9
[rosout][INFO] 2026-07-23 22:31:13,511: control target=10 agent=10 armed=10 cmd_max=20.0 actual_max=19.1
[rosout][INFO] 2026-07-23 22:31:14,111: control target=10 agent=10 armed=10 cmd_max=20.0 actual_max=19.4
[rosout][INFO] 2026-07-23 22:31:14,711: control target=10 agent=10 armed=10 cmd_max=20.0 actual_max=19.6
[rosout][INFO] 2026-07-23 22:31:15,311: control target=10 agent=10 armed=10 cmd_max=20.0 actual_max=19.6
[rosout][INFO] 2026-07-23 22:31:15,811: control target=10 agent=10 armed=10 cmd_max=20.0 actual_max=19.6
[rosout][INFO] 2026-07-23 22:31:16,411: control target=10 agent=10 armed=10 cmd_max=20.0 actual_max=19.7
[rosout][INFO] 2026-07-23 22:31:16,911: control target=10 agent=10 armed=10 cmd_max=20.0 actual_max=19.7
[rosout][INFO] 2026-07-23 22:31:17,511: control target=10 agent=10 armed=10 cmd_max=20.0 actual_max=20.0
[rosout][INFO] 2026-07-23 22:31:18,111: control target=10 agent=10 armed=10 cmd_max=20.0 actual_max=19.8
[rosout][INFO] 2026-07-23 22:31:18,711: control target=10 agent=10 armed=10 cmd_max=20.0 actual_max=19.8
[rosout][INFO] 2026-07-23 22:31:19,311: control target=10 agent=10 armed=10 cmd_max=20.0 actual_max=20.1
[rosout][INFO] 2026-07-23 22:31:19,911: control target=10 agent=10 armed=10 cmd_max=20.0 actual_max=19.9
[rosout][INFO] 2026-07-23 22:31:20,411: control target=10 agent=10 armed=10 cmd_max=20.0 actual_max=20.1
[rosout][INFO] 2026-07-23 22:31:21,011: control target=10 agent=10 armed=10 cmd_max=20.0 actual_max=20.0
[rosout][INFO] 2026-07-23 22:31:21,611: control target=10 agent=10 armed=10 cmd_max=20.0 actual_max=20.0
[rosout][INFO] 2026-07-23 22:31:22,211: control target=10 agent=10 armed=10 cmd_max=20.0 actual_max=20.0
[rosout][INFO] 2026-07-23 22:31:22,711: control target=10 agent=10 armed=10 cmd_max=20.0 actual_max=20.0
[rosout][INFO] 2026-07-23 22:31:23,311: control target=10 agent=10 armed=10 cmd_max=20.0 actual_max=20.0
[rosout][INFO] 2026-07-23 22:31:23,911: control target=10 agent=10 armed=10 cmd_max=20.0 actual_max=20.0
[rosout][INFO] 2026-07-23 22:31:24,511: control target=10 agent=10 armed=10 cmd_max=20.0 actual_max=20.0
[rosout][INFO] 2026-07-23 22:31:25,111: control target=10 agent=10 armed=10 cmd_max=20.0 actual_max=20.0
[rosout][INFO] 2026-07-23 22:31:25,711: control target=10 agent=10 armed=10 cmd_max=20.0 actual_max=20.0
[rosout][INFO] 2026-07-23 22:31:26,211: control target=10 agent=10 armed=10 cmd_max=20.0 actual_max=20.0
[rosout][INFO] 2026-07-23 22:31:26,711: control target=10 agent=10 armed=10 cmd_max=20.0 actual_max=20.0
[rosout][INFO] 2026-07-23 22:31:27,211: control target=10 agent=10 armed=10 cmd_max=20.0 actual_max=20.0
[rosout][INFO] 2026-07-23 22:31:27,811: control target=10 agent=10 armed=10 cmd_max=20.0 actual_max=19.9
[rosout][INFO] 2026-07-23 22:31:28,411: control target=10 agent=10 armed=10 cmd_max=20.0 actual_max=19.9
[rosout][INFO] 2026-07-23 22:31:28,912: control target=10 agent=10 armed=10 cmd_max=20.0 actual_max=19.9
[rosout][INFO] 2026-07-23 22:31:29,511: control target=10 agent=10 armed=10 cmd_max=20.0 actual_max=20.0
[rosout][INFO] 2026-07-23 22:31:30,111: control target=10 agent=10 armed=10 cmd_max=20.0 actual_max=20.0
[rosout][INFO] 2026-07-23 22:31:30,711: control target=10 agent=10 armed=10 cmd_max=20.0 actual_max=19.9
[rosout][INFO] 2026-07-23 22:31:31,311: control target=10 agent=10 armed=10 cmd_max=20.0 actual_max=19.8
[rosout][INFO] 2026-07-23 22:31:31,811: control target=10 agent=10 armed=10 cmd_max=20.0 actual_max=19.5
[rosout][INFO] 2026-07-23 22:31:32,311: control target=10 agent=10 armed=10 cmd_max=20.0 actual_max=19.4
[rosout][INFO] 2026-07-23 22:31:32,811: control target=10 agent=10 armed=10 cmd_max=20.0 actual_max=19.4
[rosout][INFO] 2026-07-23 22:31:33,411: control target=10 agent=10 armed=10 cmd_max=20.0 actual_max=19.4
[rosout][INFO] 2026-07-23 22:31:33,911: control target=10 agent=10 armed=10 cmd_max=20.0 actual_max=19.4
[rosout][INFO] 2026-07-23 22:31:34,511: control target=10 agent=10 armed=10 cmd_max=20.0 actual_max=19.5
[rosout][INFO] 2026-07-23 22:31:35,111: control target=10 agent=10 armed=10 cmd_max=20.0 actual_max=19.4
[rosout][INFO] 2026-07-23 22:31:35,611: control target=10 agent=10 armed=10 cmd_max=20.0 actual_max=19.4
[rosout][INFO] 2026-07-23 22:31:36,211: control target=10 agent=10 armed=10 cmd_max=20.0 actual_max=19.4
[rosout][INFO] 2026-07-23 22:31:36,812: control target=10 agent=10 armed=10 cmd_max=20.0 actual_max=19.5
[rosout][INFO] 2026-07-23 22:31:37,311: control target=10 agent=10 armed=10 cmd_max=20.0 actual_max=19.5
[rosout][INFO] 2026-07-23 22:31:37,912: control target=10 agent=10 armed=10 cmd_max=20.0 actual_max=19.6
[rosout][INFO] 2026-07-23 22:31:38,411: control target=10 agent=10 armed=10 cmd_max=20.0 actual_max=19.6
[rosout][INFO] 2026-07-23 22:31:39,011: control target=10 agent=10 armed=10 cmd_max=20.0 actual_max=19.5
[rosout][INFO] 2026-07-23 22:31:39,612: control target=10 agent=10 armed=10 cmd_max=20.0 actual_max=19.5
[rosout][INFO] 2026-07-23 22:31:40,211: control target=10 agent=10 armed=10 cmd_max=20.0 actual_max=19.5
[rosout][INFO] 2026-07-23 22:31:40,711: control target=10 agent=10 armed=10 cmd_max=20.0 actual_max=19.5
[rosout][INFO] 2026-07-23 22:31:41,311: control target=10 agent=10 armed=10 cmd_max=20.0 actual_max=19.5
[rosout][INFO] 2026-07-23 22:31:41,811: control target=10 agent=10 armed=10 cmd_max=20.0 actual_max=19.5
[rosout][INFO] 2026-07-23 22:31:42,311: control target=10 agent=10 armed=10 cmd_max=20.0 actual_max=19.5
[rosout][INFO] 2026-07-23 22:31:42,811: control target=10 agent=10 armed=10 cmd_max=20.0 actual_max=19.4
[rosout][INFO] 2026-07-23 22:31:43,311: control target=10 agent=10 armed=10 cmd_max=20.0 actual_max=19.4
[rosout][INFO] 2026-07-23 22:31:43,911: control target=10 agent=10 armed=10 cmd_max=20.0 actual_max=19.4
[rosout][INFO] 2026-07-23 22:31:44,411: control target=10 agent=10 armed=10 cmd_max=20.0 actual_max=19.4
[rosout][INFO] 2026-07-23 22:31:44,911: control target=10 agent=10 armed=10 cmd_max=20.0 actual_max=19.4
[rosout][INFO] 2026-07-23 22:31:45,511: control target=10 agent=10 armed=10 cmd_max=20.0 actual_max=19.3
[rosout][INFO] 2026-07-23 22:31:46,111: control target=10 agent=10 armed=10 cmd_max=20.0 actual_max=19.3
[rosout][INFO] 2026-07-23 22:31:46,712: control target=10 agent=10 armed=10 cmd_max=20.0 actual_max=19.3
[rosout][INFO] 2026-07-23 22:31:47,211: control target=10 agent=10 armed=10 cmd_max=20.0 actual_max=19.3
[rosout][INFO] 2026-07-23 22:31:47,711: control target=10 agent=10 armed=10 cmd_max=20.0 actual_max=19.3
[rosout][INFO] 2026-07-23 22:31:48,311: control target=10 agent=10 armed=10 cmd_max=20.0 actual_max=19.3
[rosout][INFO] 2026-07-23 22:31:48,811: control target=10 agent=10 armed=10 cmd_max=20.0 actual_max=19.3
[rosout][INFO] 2026-07-23 22:31:49,412: control target=10 agent=10 armed=10 cmd_max=20.0 actual_max=19.2
[rosout][INFO] 2026-07-23 22:31:49,912: control target=10 agent=10 armed=10 cmd_max=20.0 actual_max=19.2
[rosout][INFO] 2026-07-23 22:31:50,511: control target=10 agent=10 armed=10 cmd_max=20.0 actual_max=19.2
[rosout][INFO] 2026-07-23 22:31:51,111: control target=10 agent=10 armed=10 cmd_max=20.0 actual_max=19.2
[rosout][INFO] 2026-07-23 22:31:51,711: control target=10 agent=10 armed=10 cmd_max=20.0 actual_max=19.2
[rosout][INFO] 2026-07-23 22:31:52,211: control target=10 agent=10 armed=10 cmd_max=20.0 actual_max=19.2
[rosout][INFO] 2026-07-23 22:31:52,811: control target=10 agent=10 armed=10 cmd_max=20.0 actual_max=19.2
[rosout][INFO] 2026-07-23 22:31:53,311: control target=10 agent=10 armed=10 cmd_max=20.0 actual_max=19.2
[rosout][INFO] 2026-07-23 22:31:53,911: control target=10 agent=10 armed=10 cmd_max=20.0 actual_max=19.2
[rosout][INFO] 2026-07-23 22:31:54,511: control target=10 agent=10 armed=10 cmd_max=20.0 actual_max=19.2
[rosout][INFO] 2026-07-23 22:31:55,111: control target=10 agent=10 armed=10 cmd_max=20.0 actual_max=19.2
[rosout][INFO] 2026-07-23 22:31:55,611: control target=10 agent=10 armed=10 cmd_max=20.0 actual_max=19.2
[rosout][INFO] 2026-07-23 22:31:56,111: control target=10 agent=10 armed=10 cmd_max=20.0 actual_max=19.2
[rosout][INFO] 2026-07-23 22:31:56,611: control target=10 agent=10 armed=10 cmd_max=20.0 actual_max=19.2
[rosout][INFO] 2026-07-23 22:31:57,211: control target=10 agent=10 armed=10 cmd_max=20.0 actual_max=19.2
[rosout][INFO] 2026-07-23 22:31:57,711: control target=10 agent=10 armed=10 cmd_max=20.0 actual_max=19.2
[rosout][INFO] 2026-07-23 22:31:58,211: control target=10 agent=10 armed=10 cmd_max=20.0 actual_max=19.2
[rosout][INFO] 2026-07-23 22:31:58,811: control target=10 agent=10 armed=10 cmd_max=20.0 actual_max=19.2
[rosout][INFO] 2026-07-23 22:31:59,413: control target=10 agent=10 armed=10 cmd_max=20.0 actual_max=19.2
[rosout][INFO] 2026-07-23 22:32:00,011: control target=10 agent=10 armed=10 cmd_max=20.0 actual_max=19.2
[rosout][INFO] 2026-07-23 22:32:00,511: control target=10 agent=10 armed=10 cmd_max=20.0 actual_max=19.2
[rosout][INFO] 2026-07-23 22:32:01,111: control target=10 agent=10 armed=10 cmd_max=20.0 actual_max=19.2
[rosout][INFO] 2026-07-23 22:32:01,711: control target=10 agent=10 armed=10 cmd_max=20.0 actual_max=19.1
[rosout][INFO] 2026-07-23 22:32:02,211: control target=7 agent=10 armed=9 cmd_max=20.0 actual_max=19.1
[rosout][INFO] 2026-07-23 22:32:02,811: control target=5 agent=7 armed=7 cmd_max=20.0 actual_max=19.1
[rosout][INFO] 2026-07-23 22:32:03,311: control target=4 agent=5 armed=5 cmd_max=20.0 actual_max=19.4
[rosout][INFO] 2026-07-23 22:32:03,910: control target=3 agent=3 armed=4 cmd_max=20.0 actual_max=19.1
[rosout][INFO] 2026-07-23 22:32:04,409: control target=3 agent=3 armed=3 cmd_max=20.0 actual_max=19.1
[rosout][INFO] 2026-07-23 22:32:05,010: control target=3 agent=3 armed=3 cmd_max=20.0 actual_max=19.1
[rosout][INFO] 2026-07-23 22:32:05,509: control target=2 agent=2 armed=2 cmd_max=20.0 actual_max=19.0
[rosout][INFO] 2026-07-23 22:32:06,009: control target=2 agent=2 armed=2 cmd_max=20.0 actual_max=19.0
[rosout][INFO] 2026-07-23 22:32:06,509: control target=2 agent=2 armed=2 cmd_max=20.0 actual_max=19.0
[rosout][INFO] 2026-07-23 22:32:07,109: control target=1 agent=1 armed=1 cmd_max=19.5 actual_max=19.0
[rosout][INFO] 2026-07-23 22:32:07,609: control target=1 agent=1 armed=1 cmd_max=17.8 actual_max=19.0
[rosout][INFO] 2026-07-23 22:32:08,209: control target=1 agent=1 armed=1 cmd_max=15.8 actual_max=19.0
[rosout][INFO] 2026-07-23 22:32:08,809: control target=1 agent=1 armed=1 cmd_max=14.1 actual_max=19.0
[rosout][INFO] 2026-07-23 22:32:09,309: control target=1 agent=1 armed=1 cmd_max=13.0 actual_max=19.0
[rosout][INFO] 2026-07-23 22:32:09,909: control target=1 agent=1 armed=1 cmd_max=12.2 actual_max=19.0
[rosout][INFO] 2026-07-23 22:32:10,409: control target=1 agent=1 armed=1 cmd_max=12.1 actual_max=19.0
[rosout][INFO] 2026-07-23 22:32:10,909: control target=1 agent=1 armed=1 cmd_max=12.4 actual_max=19.0
[rosout][INFO] 2026-07-23 22:32:11,410: control target=1 agent=1 armed=1 cmd_max=13.2 actual_max=19.0
[rosout][INFO] 2026-07-23 22:32:12,010: control target=1 agent=1 armed=1 cmd_max=14.6 actual_max=19.0
[rosout][INFO] 2026-07-23 22:32:12,610: control target=1 agent=1 armed=1 cmd_max=16.4 actual_max=19.0
[rosout][INFO] 2026-07-23 22:32:13,210: control target=1 agent=1 armed=1 cmd_max=18.5 actual_max=19.0
[rosout][INFO] 2026-07-23 22:32:13,710: control target=1 agent=1 armed=1 cmd_max=20.0 actual_max=19.0
[rosout][INFO] 2026-07-23 22:32:14,310: control target=1 agent=1 armed=1 cmd_max=20.0 actual_max=19.0
[rosout][INFO] 2026-07-23 22:32:14,810: control target=1 agent=1 armed=1 cmd_max=20.0 actual_max=19.0
[rosout][INFO] 2026-07-23 22:32:15,410: control target=1 agent=1 armed=1 cmd_max=20.0 actual_max=19.0
[rosout][INFO] 2026-07-23 22:32:15,910: control target=1 agent=1 armed=1 cmd_max=20.0 actual_max=19.0
[rosout][INFO] 2026-07-23 22:32:16,410: control target=1 agent=1 armed=1 cmd_max=20.0 actual_max=19.0
[rosout][INFO] 2026-07-23 22:32:17,010: control target=1 agent=1 armed=1 cmd_max=20.0 actual_max=19.0
[rosout][INFO] 2026-07-23 22:32:17,510: control target=1 agent=1 armed=1 cmd_max=20.0 actual_max=19.0
[rosout][INFO] 2026-07-23 22:32:18,110: control target=1 agent=1 armed=1 cmd_max=20.0 actual_max=19.0
[rosout][INFO] 2026-07-23 22:32:18,610: control target=1 agent=1 armed=1 cmd_max=20.0 actual_max=19.0
[rosout][INFO] 2026-07-23 22:32:19,110: control target=1 agent=1 armed=1 cmd_max=19.9 actual_max=19.0
[rosout][INFO] 2026-07-23 22:32:19,710: control target=1 agent=1 armed=1 cmd_max=19.3 actual_max=19.0
[rosout][INFO] 2026-07-23 22:32:20,310: control target=1 agent=1 armed=1 cmd_max=17.5 actual_max=19.0
[rosout][INFO] 2026-07-23 22:32:20,810: control target=1 agent=1 armed=1 cmd_max=15.3 actual_max=19.0
[rosout][INFO] 2026-07-23 22:32:21,410: control target=1 agent=1 armed=1 cmd_max=12.4 actual_max=19.0
[rosout][INFO] 2026-07-23 22:32:21,910: control target=1 agent=1 armed=1 cmd_max=9.9 actual_max=19.0
[rosout][INFO] 2026-07-23 22:32:22,510: control target=1 agent=1 armed=1 cmd_max=7.5 actual_max=19.0
[rosout][INFO] 2026-07-23 22:32:23,110: control target=1 agent=1 armed=1 cmd_max=6.6 actual_max=19.0
[rosout][INFO] 2026-07-23 22:32:23,609: control target=1 agent=1 armed=1 cmd_max=7.7 actual_max=19.0
[rosout][INFO] 2026-07-23 22:32:24,209: control target=1 agent=1 armed=1 cmd_max=10.4 actual_max=19.0
[rosout][INFO] 2026-07-23 22:32:24,809: control target=1 agent=1 armed=1 cmd_max=12.7 actual_max=19.0
[rosout][INFO] 2026-07-23 22:32:25,310: control target=1 agent=1 armed=1 cmd_max=13.8 actual_max=19.0
[rosout][INFO] 2026-07-23 22:32:25,909: control target=1 agent=1 armed=1 cmd_max=14.6 actual_max=19.0
[rosout][INFO] 2026-07-23 22:32:26,409: control target=1 agent=1 armed=1 cmd_max=15.3 actual_max=19.0
[rosout][INFO] 2026-07-23 22:32:27,009: control target=1 agent=1 armed=1 cmd_max=16.0 actual_max=19.0
[rosout][INFO] 2026-07-23 22:32:27,510: control target=1 agent=1 armed=1 cmd_max=16.7 actual_max=19.0
[rosout][INFO] 2026-07-23 22:32:28,110: control target=1 agent=1 armed=1 cmd_max=17.0 actual_max=19.0
[rosout][INFO] 2026-07-23 22:32:28,610: control target=1 agent=1 armed=1 cmd_max=15.9 actual_max=19.0
[rosout][INFO] 2026-07-23 22:32:29,210: control target=1 agent=1 armed=1 cmd_max=13.1 actual_max=19.0
[rosout][INFO] 2026-07-23 22:32:29,809: control target=1 agent=1 armed=1 cmd_max=11.2 actual_max=19.0
[rosout][INFO] 2026-07-23 22:32:30,409: control target=1 agent=1 armed=1 cmd_max=10.3 actual_max=19.0
[rosout][INFO] 2026-07-23 22:32:30,909: control target=1 agent=1 armed=1 cmd_max=10.4 actual_max=19.0
[rosout][INFO] 2026-07-23 22:32:31,509: control target=1 agent=1 armed=1 cmd_max=11.5 actual_max=19.0
[rosout][INFO] 2026-07-23 22:32:32,109: control target=1 agent=1 armed=1 cmd_max=13.4 actual_max=19.0
[rosout][INFO] 2026-07-23 22:32:32,610: control target=1 agent=1 armed=1 cmd_max=15.5 actual_max=19.0
[rosout][INFO] 2026-07-23 22:32:33,209: control target=1 agent=1 armed=1 cmd_max=18.3 actual_max=19.0
[rosout][INFO] 2026-07-23 22:32:33,709: control target=1 agent=1 armed=1 cmd_max=18.6 actual_max=19.0
[rosout][INFO] 2026-07-23 22:32:34,209: control target=1 agent=1 armed=1 cmd_max=17.6 actual_max=19.0
[rosout][INFO] 2026-07-23 22:32:34,809: control target=1 agent=1 armed=1 cmd_max=16.1 actual_max=19.0
[rosout][INFO] 2026-07-23 22:32:35,309: control target=1 agent=1 armed=1 cmd_max=15.0 actual_max=19.0
[rosout][INFO] 2026-07-23 22:32:35,910: control target=1 agent=1 armed=1 cmd_max=13.9 actual_max=19.0
[rosout][INFO] 2026-07-23 22:32:36,411: control target=1 agent=1 armed=1 cmd_max=13.4 actual_max=19.0
[rosout][INFO] 2026-07-23 22:32:37,009: control target=1 agent=1 armed=1 cmd_max=13.0 actual_max=19.0
[rosout][INFO] 2026-07-23 22:32:37,609: control target=1 agent=1 armed=1 cmd_max=13.0 actual_max=19.0
[rosout][INFO] 2026-07-23 22:32:38,110: control target=1 agent=1 armed=1 cmd_max=13.0 actual_max=19.0
[rosout][INFO] 2026-07-23 22:32:38,709: control target=1 agent=1 armed=1 cmd_max=11.8 actual_max=19.0
[rosout][INFO] 2026-07-23 22:32:39,309: control target=1 agent=1 armed=1 cmd_max=9.4 actual_max=19.0
[rosout][INFO] 2026-07-23 22:32:39,909: control target=1 agent=1 armed=1 cmd_max=8.5 actual_max=19.0
[rosout][INFO] 2026-07-23 22:32:40,509: control target=1 agent=1 armed=1 cmd_max=8.8 actual_max=19.0
[rosout][INFO] 2026-07-23 22:32:41,009: control target=1 agent=1 armed=1 cmd_max=9.9 actual_max=19.0
[rosout][INFO] 2026-07-23 22:32:41,509: control target=1 agent=1 armed=1 cmd_max=11.5 actual_max=19.0
[rosout][INFO] 2026-07-23 22:32:42,009: control target=1 agent=1 armed=1 cmd_max=13.4 actual_max=19.0
[rosout][INFO] 2026-07-23 22:32:42,509: control target=1 agent=1 armed=1 cmd_max=15.6 actual_max=19.0
[rosout][INFO] 2026-07-23 22:32:43,010: control target=1 agent=1 armed=1 cmd_max=17.8 actual_max=19.0
[rosout][INFO] 2026-07-23 22:32:43,609: control target=1 agent=1 armed=1 cmd_max=20.0 actual_max=19.0
[rosout][INFO] 2026-07-23 22:32:44,109: control target=1 agent=1 armed=1 cmd_max=20.0 actual_max=19.0
[rosout][INFO] 2026-07-23 22:32:44,609: control target=1 agent=1 armed=1 cmd_max=20.0 actual_max=19.0
[rosout][INFO] 2026-07-23 22:32:45,209: control target=1 agent=1 armed=1 cmd_max=20.0 actual_max=19.0
[rosout][INFO] 2026-07-23 22:32:45,709: control target=1 agent=1 armed=1 cmd_max=20.0 actual_max=19.0
[rosout][INFO] 2026-07-23 22:32:46,309: control target=1 agent=1 armed=1 cmd_max=19.5 actual_max=19.0
[rosout][INFO] 2026-07-23 22:32:46,910: control target=1 agent=1 armed=1 cmd_max=17.9 actual_max=19.0
[rosout][INFO] 2026-07-23 22:32:47,410: control target=1 agent=1 armed=1 cmd_max=16.0 actual_max=19.0
[rosout][INFO] 2026-07-23 22:32:47,910: control target=1 agent=1 armed=1 cmd_max=13.8 actual_max=19.0
[rosout][INFO] 2026-07-23 22:32:48,410: control target=1 agent=1 armed=1 cmd_max=11.3 actual_max=19.0
[rosout][INFO] 2026-07-23 22:32:49,009: control target=1 agent=1 armed=1 cmd_max=8.4 actual_max=19.0
[rosout][INFO] 2026-07-23 22:32:49,509: control target=1 agent=1 armed=1 cmd_max=6.4 actual_max=19.0
[rosout][INFO] 2026-07-23 22:32:50,009: control target=1 agent=1 armed=1 cmd_max=5.6 actual_max=19.0
[rosout][INFO] 2026-07-23 22:32:50,609: control target=1 agent=1 armed=1 cmd_max=7.6 actual_max=19.0
[rosout][INFO] 2026-07-23 22:32:51,109: control target=1 agent=1 armed=1 cmd_max=10.0 actual_max=19.0
[rosout][INFO] 2026-07-23 22:32:51,710: control target=1 agent=1 armed=1 cmd_max=12.4 actual_max=19.0
[rosout][INFO] 2026-07-23 22:32:52,309: control target=1 agent=1 armed=1 cmd_max=14.2 actual_max=19.0
[rosout][INFO] 2026-07-23 22:32:52,809: control target=1 agent=1 armed=1 cmd_max=15.5 actual_max=19.0
[rosout][INFO] 2026-07-23 22:32:53,309: control target=1 agent=1 armed=1 cmd_max=16.5 actual_max=19.0
[rosout][INFO] 2026-07-23 22:32:53,909: control target=1 agent=1 armed=1 cmd_max=17.5 actual_max=19.0
[rosout][INFO] 2026-07-23 22:32:54,409: control target=1 agent=1 armed=1 cmd_max=18.0 actual_max=19.0
[rosout][INFO] 2026-07-23 22:32:55,009: control target=1 agent=1 armed=1 cmd_max=17.6 actual_max=19.0
[rosout][INFO] 2026-07-23 22:32:55,509: control target=1 agent=1 armed=1 cmd_max=15.3 actual_max=19.0
[rosout][INFO] 2026-07-23 22:32:56,109: control target=1 agent=1 armed=1 cmd_max=12.8 actual_max=19.0
[rosout][INFO] 2026-07-23 22:32:56,610: control target=1 agent=1 armed=1 cmd_max=11.2 actual_max=19.0
[rosout][INFO] 2026-07-23 22:32:57,209: control target=1 agent=1 armed=1 cmd_max=10.2 actual_max=19.0
[rosout][INFO] 2026-07-23 22:32:57,709: control target=1 agent=1 armed=1 cmd_max=10.2 actual_max=19.0
[rosout][INFO] 2026-07-23 22:32:58,309: control target=1 agent=1 armed=1 cmd_max=11.2 actual_max=19.0
[rosout][INFO] 2026-07-23 22:32:58,910: control target=1 agent=1 armed=1 cmd_max=13.2 actual_max=19.0
[rosout][INFO] 2026-07-23 22:32:59,410: control target=1 agent=1 armed=1 cmd_max=15.4 actual_max=19.0
[rosout][INFO] 2026-07-23 22:32:59,910: control target=1 agent=1 armed=1 cmd_max=17.1 actual_max=19.0
[rosout][INFO] 2026-07-23 22:33:00,410: control target=1 agent=1 armed=1 cmd_max=17.1 actual_max=19.0
[rosout][INFO] 2026-07-23 22:33:01,009: control target=0 agent=0 armed=0 cmd_max=0.0 actual_max=19.0
[rosout][INFO] 2026-07-23 22:33:01,609: control target=0 agent=0 armed=0 cmd_max=0.0 actual_max=19.0
[rosout][INFO] 2026-07-23 22:33:02,109: control target=0 agent=0 armed=0 cmd_max=0.0 actual_max=19.0
[rosout][INFO] 2026-07-23 22:33:02,709: control target=0 agent=0 armed=0 cmd_max=0.0 actual_max=19.0
[rosout][INFO] 2026-07-23 22:33:02,809: 全部目标话题已超时，结束控制循环
[rospy.core][INFO] 2026-07-23 22:33:03,062: signal_shutdown [atexit]
[rospy.internal][INFO] 2026-07-23 22:33:03,069: topic[/rosout] removing connection to /rosout
[rospy.internal][INFO] 2026-07-23 22:33:03,069: topic[/mavros/setpoint_raw/local] removing connection to /rostrans_ros1
[rospy.internal][INFO] 2026-07-23 22:33:03,069: topic[/mavros2/setpoint_raw/local] removing connection to /rostrans_ros1
[rospy.internal][INFO] 2026-07-23 22:33:03,069: topic[/mavros3/setpoint_raw/local] removing connection to /rostrans_ros1
[rospy.internal][INFO] 2026-07-23 22:33:03,070: topic[/mavros4/setpoint_raw/local] removing connection to /rostrans_ros1
[rospy.internal][INFO] 2026-07-23 22:33:03,070: topic[/mavros5/setpoint_raw/local] removing connection to /rostrans_ros1
[rospy.internal][INFO] 2026-07-23 22:33:03,070: topic[/mavros6/setpoint_raw/local] removing connection to /rostrans_ros1
[rospy.internal][INFO] 2026-07-23 22:33:03,070: topic[/mavros7/setpoint_raw/local] removing connection to /rostrans_ros1
[rospy.internal][INFO] 2026-07-23 22:33:03,070: topic[/mavros8/setpoint_raw/local] removing connection to /rostrans_ros1
[rospy.internal][INFO] 2026-07-23 22:33:03,070: topic[/mavros9/setpoint_raw/local] removing connection to /rostrans_ros1
[rospy.internal][INFO] 2026-07-23 22:33:03,070: topic[/mavros10/setpoint_raw/local] removing connection to /rostrans_ros1
[rospy.internal][INFO] 2026-07-23 22:33:03,070: topic[/interceptor1/origin] removing connection to http://gpufree-container:35563/
[rospy.internal][INFO] 2026-07-23 22:33:03,079: topic[/mavros/local_position/odom] removing connection to http://gpufree-container:45985/
[rospy.internal][INFO] 2026-07-23 22:33:03,080: topic[/mavros/state] removing connection to http://gpufree-container:45985/
[rospy.internal][INFO] 2026-07-23 22:33:03,080: topic[/radar/target1/position] removing connection to http://gpufree-container:35563/
[rospy.internal][INFO] 2026-07-23 22:33:03,081: topic[/interceptor2/origin] removing connection to http://gpufree-container:35563/
[rospy.internal][INFO] 2026-07-23 22:33:03,081: topic[/mavros2/local_position/odom] removing connection to http://gpufree-container:45985/
[rospy.internal][INFO] 2026-07-23 22:33:03,081: topic[/mavros2/state] removing connection to http://gpufree-container:45985/
[rospy.internal][INFO] 2026-07-23 22:33:03,082: topic[/radar/target2/position] removing connection to http://gpufree-container:35563/
[rospy.internal][INFO] 2026-07-23 22:33:03,082: topic[/interceptor3/origin] removing connection to http://gpufree-container:35563/
[rospy.internal][INFO] 2026-07-23 22:33:03,082: topic[/mavros3/local_position/odom] removing connection to http://gpufree-container:45985/
[rospy.internal][INFO] 2026-07-23 22:33:03,083: topic[/mavros3/state] removing connection to http://gpufree-container:45985/
[rospy.internal][INFO] 2026-07-23 22:33:03,083: topic[/radar/target3/position] removing connection to http://gpufree-container:35563/
[rospy.internal][INFO] 2026-07-23 22:33:03,083: topic[/interceptor4/origin] removing connection to http://gpufree-container:35563/
[rospy.internal][INFO] 2026-07-23 22:33:03,084: topic[/mavros4/local_position/odom] removing connection to http://gpufree-container:45985/
[rospy.internal][INFO] 2026-07-23 22:33:03,084: topic[/mavros4/state] removing connection to http://gpufree-container:45985/
[rospy.internal][INFO] 2026-07-23 22:33:03,084: topic[/radar/target4/position] removing connection to http://gpufree-container:35563/
[rospy.internal][INFO] 2026-07-23 22:33:03,084: topic[/interceptor5/origin] removing connection to http://gpufree-container:35563/
[rospy.internal][INFO] 2026-07-23 22:33:03,085: topic[/mavros5/local_position/odom] removing connection to http://gpufree-container:45985/
[rospy.internal][INFO] 2026-07-23 22:33:03,085: topic[/mavros5/state] removing connection to http://gpufree-container:45985/
[rospy.internal][INFO] 2026-07-23 22:33:03,085: topic[/radar/target5/position] removing connection to http://gpufree-container:35563/
[rospy.internal][INFO] 2026-07-23 22:33:03,086: topic[/interceptor6/origin] removing connection to http://gpufree-container:35563/
[rospy.internal][INFO] 2026-07-23 22:33:03,086: topic[/mavros6/local_position/odom] removing connection to http://gpufree-container:45985/
[rospy.internal][INFO] 2026-07-23 22:33:03,086: topic[/mavros6/state] removing connection to http://gpufree-container:45985/
[rospy.internal][INFO] 2026-07-23 22:33:03,086: topic[/radar/target6/position] removing connection to http://gpufree-container:35563/
[rospy.internal][INFO] 2026-07-23 22:33:03,087: topic[/interceptor7/origin] removing connection to http://gpufree-container:35563/
[rospy.internal][INFO] 2026-07-23 22:33:03,087: topic[/mavros7/local_position/odom] removing connection to http://gpufree-container:45985/
[rospy.internal][INFO] 2026-07-23 22:33:03,087: topic[/mavros7/state] removing connection to http://gpufree-container:45985/
[rospy.internal][INFO] 2026-07-23 22:33:03,087: topic[/radar/target7/position] removing connection to http://gpufree-container:35563/
[rospy.internal][INFO] 2026-07-23 22:33:03,088: topic[/interceptor8/origin] removing connection to http://gpufree-container:35563/
[rospy.internal][INFO] 2026-07-23 22:33:03,088: topic[/interceptor8/origin] removing connection to http://gpufree-container:35563/
[rospy.internal][INFO] 2026-07-23 22:33:03,088: topic[/mavros8/local_position/odom] removing connection to http://gpufree-container:45985/
[rospy.internal][INFO] 2026-07-23 22:33:03,088: topic[/mavros8/local_position/odom] removing connection to http://gpufree-container:45985/
[rospy.internal][INFO] 2026-07-23 22:33:03,089: topic[/mavros8/state] removing connection to http://gpufree-container:45985/
[rospy.internal][INFO] 2026-07-23 22:33:03,089: topic[/mavros8/state] removing connection to http://gpufree-container:45985/
[rospy.internal][INFO] 2026-07-23 22:33:03,089: topic[/radar/target8/position] removing connection to http://gpufree-container:35563/
[rospy.internal][INFO] 2026-07-23 22:33:03,089: topic[/interceptor9/origin] removing connection to http://gpufree-container:35563/
[rospy.internal][INFO] 2026-07-23 22:33:03,090: topic[/mavros9/local_position/odom] removing connection to http://gpufree-container:45985/
[rospy.internal][INFO] 2026-07-23 22:33:03,090: topic[/mavros9/state] removing connection to http://gpufree-container:45985/
[rospy.internal][INFO] 2026-07-23 22:33:03,090: topic[/radar/target9/position] removing connection to http://gpufree-container:35563/
[rospy.internal][INFO] 2026-07-23 22:33:03,090: topic[/interceptor10/origin] removing connection to http://gpufree-container:35563/
[rospy.internal][INFO] 2026-07-23 22:33:03,091: topic[/mavros10/local_position/odom] removing connection to http://gpufree-container:45985/
[rospy.internal][INFO] 2026-07-23 22:33:03,091: topic[/mavros10/state] removing connection to http://gpufree-container:45985/
[rospy.internal][INFO] 2026-07-23 22:33:03,091: topic[/radar/target10/position] removing connection to http://gpufree-container:35563/
[rospy.impl.masterslave][INFO] 2026-07-23 22:33:03,091: atexit
[rospy.client][INFO] 2026-07-23 22:40:14,780: init_node, name[/zhuoyi_10v10_controller], pid[599936]
[xmlrpc][INFO] 2026-07-23 22:40:14,827: XML-RPC server binding to 0.0.0.0:0
[xmlrpc][INFO] 2026-07-23 22:40:14,827: Started XML-RPC server [http://gpufree-container:36175/]
[rospy.init][INFO] 2026-07-23 22:40:14,827: ROS Slave URI: [http://gpufree-container:36175/]
[rospy.impl.masterslave][INFO] 2026-07-23 22:40:14,827: _ready: http://gpufree-container:36175/
[rospy.registration][INFO] 2026-07-23 22:40:14,828: Registering with master node http://localhost:11311
[xmlrpc][INFO] 2026-07-23 22:40:14,828: xml rpc node: starting XML-RPC server
[rospy.init][INFO] 2026-07-23 22:40:14,928: registered with master
[rospy.rosout][INFO] 2026-07-23 22:40:14,928: initializing /rosout core topic
[rospy.rosout][INFO] 2026-07-23 22:40:14,931: connected to core topic /rosout
[rospy.simtime][INFO] 2026-07-23 22:40:14,931: /use_sim_time is not set, will not subscribe to simulated time [/clock] topic
[rospy.internal][INFO] 2026-07-23 22:40:14,937: topic[/mavros/local_position/odom] adding connection to [http://gpufree-container:39171/], count 0
[rospy.internal][INFO] 2026-07-23 22:40:14,937: topic[/interceptor1/origin] adding connection to [http://gpufree-container:42471/], count 0
[rospy.internal][INFO] 2026-07-23 22:40:14,939: topic[/mavros/state] adding connection to [http://gpufree-container:39171/], count 0
[rospy.internal][INFO] 2026-07-23 22:40:14,941: topic[/radar/target1/position] adding connection to [http://gpufree-container:42471/], count 0
[rospy.internal][INFO] 2026-07-23 22:40:14,943: topic[/mavros2/local_position/odom] adding connection to [http://gpufree-container:39171/], count 0
[rospy.internal][INFO] 2026-07-23 22:40:14,943: topic[/interceptor2/origin] adding connection to [http://gpufree-container:42471/], count 0
[rospy.internal][INFO] 2026-07-23 22:40:14,945: topic[/mavros2/state] adding connection to [http://gpufree-container:39171/], count 0
[rospy.internal][INFO] 2026-07-23 22:40:14,946: topic[/radar/target2/position] adding connection to [http://gpufree-container:42471/], count 0
[rospy.internal][INFO] 2026-07-23 22:40:14,948: topic[/mavros3/local_position/odom] adding connection to [http://gpufree-container:39171/], count 0
[rospy.internal][INFO] 2026-07-23 22:40:14,949: topic[/mavros3/state] adding connection to [http://gpufree-container:39171/], count 0
[rospy.internal][INFO] 2026-07-23 22:40:14,950: topic[/interceptor3/origin] adding connection to [http://gpufree-container:42471/], count 0
[rospy.internal][INFO] 2026-07-23 22:40:14,952: topic[/radar/target3/position] adding connection to [http://gpufree-container:42471/], count 0
[rospy.internal][INFO] 2026-07-23 22:40:14,954: topic[/interceptor4/origin] adding connection to [http://gpufree-container:42471/], count 0
[rospy.internal][INFO] 2026-07-23 22:40:14,955: topic[/mavros4/local_position/odom] adding connection to [http://gpufree-container:39171/], count 0
[rospy.internal][INFO] 2026-07-23 22:40:14,957: topic[/mavros4/state] adding connection to [http://gpufree-container:39171/], count 0
[rospy.internal][INFO] 2026-07-23 22:40:14,959: topic[/radar/target4/position] adding connection to [http://gpufree-container:42471/], count 0
[rospy.internal][INFO] 2026-07-23 22:40:14,960: topic[/interceptor5/origin] adding connection to [http://gpufree-container:42471/], count 0
[rospy.internal][INFO] 2026-07-23 22:40:14,961: topic[/mavros5/local_position/odom] adding connection to [http://gpufree-container:39171/], count 0
[rospy.internal][INFO] 2026-07-23 22:40:14,963: topic[/mavros5/state] adding connection to [http://gpufree-container:39171/], count 0
[rospy.internal][INFO] 2026-07-23 22:40:14,964: topic[/radar/target5/position] adding connection to [http://gpufree-container:42471/], count 0
[rospy.internal][INFO] 2026-07-23 22:40:14,967: topic[/interceptor6/origin] adding connection to [http://gpufree-container:42471/], count 0
[rospy.internal][INFO] 2026-07-23 22:40:14,968: topic[/mavros6/local_position/odom] adding connection to [http://gpufree-container:39171/], count 0
[rospy.internal][INFO] 2026-07-23 22:40:14,970: topic[/mavros6/state] adding connection to [http://gpufree-container:39171/], count 0
[rospy.internal][INFO] 2026-07-23 22:40:14,971: topic[/radar/target6/position] adding connection to [http://gpufree-container:42471/], count 0
[rospy.internal][INFO] 2026-07-23 22:40:14,974: topic[/interceptor7/origin] adding connection to [http://gpufree-container:42471/], count 0
[rospy.internal][INFO] 2026-07-23 22:40:14,975: topic[/mavros7/local_position/odom] adding connection to [http://gpufree-container:39171/], count 0
[rospy.internal][INFO] 2026-07-23 22:40:14,977: topic[/mavros7/state] adding connection to [http://gpufree-container:39171/], count 0
[rospy.internal][INFO] 2026-07-23 22:40:14,978: topic[/radar/target7/position] adding connection to [http://gpufree-container:42471/], count 0
[rospy.internal][INFO] 2026-07-23 22:40:14,982: topic[/interceptor8/origin] adding connection to [http://gpufree-container:42471/], count 0
[rospy.internal][INFO] 2026-07-23 22:40:14,984: topic[/mavros8/local_position/odom] adding connection to [http://gpufree-container:39171/], count 0
[rospy.internal][INFO] 2026-07-23 22:40:14,986: topic[/mavros8/state] adding connection to [http://gpufree-container:39171/], count 0
[rospy.internal][INFO] 2026-07-23 22:40:14,991: topic[/radar/target8/position] adding connection to [http://gpufree-container:42471/], count 0
[rospy.internal][INFO] 2026-07-23 22:40:14,992: topic[/interceptor9/origin] adding connection to [http://gpufree-container:42471/], count 0
[rospy.internal][INFO] 2026-07-23 22:40:14,992: topic[/mavros9/local_position/odom] adding connection to [http://gpufree-container:39171/], count 0
[rospy.internal][INFO] 2026-07-23 22:40:14,994: topic[/mavros9/state] adding connection to [http://gpufree-container:39171/], count 0
[rospy.internal][INFO] 2026-07-23 22:40:14,998: topic[/radar/target9/position] adding connection to [http://gpufree-container:42471/], count 0
[rospy.internal][INFO] 2026-07-23 22:40:14,999: topic[/interceptor10/origin] adding connection to [http://gpufree-container:42471/], count 0
[rospy.internal][INFO] 2026-07-23 22:40:15,001: topic[/mavros10/local_position/odom] adding connection to [http://gpufree-container:39171/], count 0
[rospy.internal][INFO] 2026-07-23 22:40:15,002: topic[/mavros10/state] adding connection to [http://gpufree-container:39171/], count 0
[rosout][INFO] 2026-07-23 22:40:15,003: 等待公开话题 origin=8/10 odom=9/10 state=7/10 target=7/10
[rospy.internal][INFO] 2026-07-23 22:40:15,005: topic[/radar/target10/position] adding connection to [http://gpufree-container:42471/], count 0
[rospy.internal][INFO] 2026-07-23 22:40:15,182: topic[/rosout] adding connection to [/rosout], count 0
[rospy.internal][INFO] 2026-07-23 22:40:15,185: topic[/mavros2/setpoint_raw/local] adding connection to [/rostrans_ros1], count 0
[rospy.internal][INFO] 2026-07-23 22:40:15,185: topic[/mavros3/setpoint_raw/local] adding connection to [/rostrans_ros1], count 0
[rospy.internal][INFO] 2026-07-23 22:40:15,187: topic[/mavros4/setpoint_raw/local] adding connection to [/rostrans_ros1], count 0
[rospy.internal][INFO] 2026-07-23 22:40:15,187: topic[/mavros5/setpoint_raw/local] adding connection to [/rostrans_ros1], count 0
[rospy.internal][INFO] 2026-07-23 22:40:15,187: topic[/mavros6/setpoint_raw/local] adding connection to [/rostrans_ros1], count 0
[rospy.internal][INFO] 2026-07-23 22:40:15,188: topic[/mavros7/setpoint_raw/local] adding connection to [/rostrans_ros1], count 0
[rospy.internal][INFO] 2026-07-23 22:40:15,188: topic[/mavros/setpoint_raw/local] adding connection to [/rostrans_ros1], count 0
[rosout][INFO] 2026-07-23 22:40:15,203: 公开话题已就绪 origin=10 odom=10 state=10 target=10
[rosout][INFO] 2026-07-23 22:40:15,205: 预热 10 路设定点流 2.0 秒
[rospy.internal][INFO] 2026-07-23 22:40:15,288: topic[/mavros8/setpoint_raw/local] adding connection to [/rostrans_ros1], count 0
[rospy.internal][INFO] 2026-07-23 22:40:15,290: topic[/mavros9/setpoint_raw/local] adding connection to [/rostrans_ros1], count 0
[rospy.internal][INFO] 2026-07-23 22:40:15,291: topic[/mavros10/setpoint_raw/local] adding connection to [/rostrans_ros1], count 0
[rosout][INFO] 2026-07-23 22:40:17,232: 并发解锁 retry=1 armed=0/10 offboard=0/10 service_ok=10/10
[rosout][INFO] 2026-07-23 22:40:17,663: 并发解锁 retry=2 armed=10/10 offboard=10/10 service_ok=10/10
[rosout][INFO] 2026-07-23 22:40:17,667: control target=10 agent=10 armed=10 cmd_max=0.0 actual_max=0.0
[rosout][INFO] 2026-07-23 22:40:18,167: control target=10 agent=10 armed=10 cmd_max=2.5 actual_max=1.8
[rosout][INFO] 2026-07-23 22:40:18,667: control target=10 agent=10 armed=10 cmd_max=4.1 actual_max=3.1
[rosout][INFO] 2026-07-23 22:40:19,268: control target=10 agent=10 armed=10 cmd_max=6.5 actual_max=4.5
[rosout][INFO] 2026-07-23 22:40:19,867: control target=10 agent=10 armed=10 cmd_max=9.3 actual_max=7.2
[rosout][INFO] 2026-07-23 22:40:20,467: control target=10 agent=10 armed=10 cmd_max=12.2 actual_max=9.9
[rosout][INFO] 2026-07-23 22:40:21,067: control target=10 agent=10 armed=10 cmd_max=15.1 actual_max=12.8
[rosout][INFO] 2026-07-23 22:40:21,567: control target=10 agent=10 armed=10 cmd_max=17.5 actual_max=14.9
[rosout][INFO] 2026-07-23 22:40:22,167: control target=10 agent=10 armed=10 cmd_max=20.0 actual_max=16.1
[rosout][INFO] 2026-07-23 22:40:22,667: control target=10 agent=10 armed=10 cmd_max=20.0 actual_max=16.5
[rosout][INFO] 2026-07-23 22:40:23,267: control target=10 agent=10 armed=10 cmd_max=20.0 actual_max=17.0
[rosout][INFO] 2026-07-23 22:40:23,867: control target=10 agent=10 armed=10 cmd_max=20.0 actual_max=17.3
[rosout][INFO] 2026-07-23 22:40:24,367: control target=10 agent=10 armed=10 cmd_max=20.0 actual_max=17.6
[rosout][INFO] 2026-07-23 22:40:24,983: control target=10 agent=10 armed=10 cmd_max=20.0 actual_max=17.9
[rosout][INFO] 2026-07-23 22:40:25,479: control target=10 agent=10 armed=10 cmd_max=20.0 actual_max=18.1
[rosout][INFO] 2026-07-23 22:40:26,067: control target=10 agent=10 armed=10 cmd_max=20.0 actual_max=18.4
[rosout][INFO] 2026-07-23 22:40:26,567: control target=10 agent=10 armed=10 cmd_max=20.0 actual_max=18.5
[rosout][INFO] 2026-07-23 22:40:27,167: control target=10 agent=10 armed=10 cmd_max=20.0 actual_max=18.8
[rosout][INFO] 2026-07-23 22:40:27,767: control target=10 agent=10 armed=10 cmd_max=20.0 actual_max=19.0
[rosout][INFO] 2026-07-23 22:40:28,267: control target=10 agent=10 armed=10 cmd_max=20.0 actual_max=19.2
[rosout][INFO] 2026-07-23 22:40:28,867: control target=10 agent=10 armed=10 cmd_max=20.0 actual_max=19.3
[rosout][INFO] 2026-07-23 22:40:29,367: control target=10 agent=10 armed=10 cmd_max=20.0 actual_max=19.6
[rosout][INFO] 2026-07-23 22:40:29,979: control target=10 agent=10 armed=10 cmd_max=20.0 actual_max=19.6
[rosout][INFO] 2026-07-23 22:40:30,567: control target=10 agent=10 armed=10 cmd_max=20.0 actual_max=19.6
[rosout][INFO] 2026-07-23 22:40:31,067: control target=10 agent=10 armed=10 cmd_max=20.0 actual_max=19.6
[rosout][INFO] 2026-07-23 22:40:31,667: control target=10 agent=10 armed=10 cmd_max=20.0 actual_max=19.7
[rosout][INFO] 2026-07-23 22:40:32,167: control target=10 agent=10 armed=10 cmd_max=20.0 actual_max=20.1
[rosout][INFO] 2026-07-23 22:40:32,767: control target=10 agent=10 armed=10 cmd_max=20.0 actual_max=19.8
[rosout][INFO] 2026-07-23 22:40:33,267: control target=10 agent=10 armed=10 cmd_max=20.0 actual_max=19.9
[rosout][INFO] 2026-07-23 22:40:33,867: control target=10 agent=10 armed=10 cmd_max=20.0 actual_max=19.9
[rosout][INFO] 2026-07-23 22:40:34,367: control target=10 agent=10 armed=10 cmd_max=20.0 actual_max=20.4
[rosout][INFO] 2026-07-23 22:40:34,867: control target=10 agent=10 armed=10 cmd_max=20.0 actual_max=19.9
[rosout][INFO] 2026-07-23 22:40:35,367: control target=10 agent=10 armed=10 cmd_max=20.0 actual_max=20.1
[rosout][INFO] 2026-07-23 22:40:35,980: control target=10 agent=10 armed=10 cmd_max=20.0 actual_max=20.0
[rosout][INFO] 2026-07-23 22:40:36,567: control target=10 agent=10 armed=10 cmd_max=20.0 actual_max=20.0
[rosout][INFO] 2026-07-23 22:40:37,167: control target=10 agent=10 armed=10 cmd_max=20.0 actual_max=20.0
[rosout][INFO] 2026-07-23 22:40:37,767: control target=10 agent=10 armed=10 cmd_max=20.0 actual_max=20.0
[rosout][INFO] 2026-07-23 22:40:38,267: control target=10 agent=10 armed=10 cmd_max=20.0 actual_max=19.9
[rosout][INFO] 2026-07-23 22:40:38,867: control target=10 agent=10 armed=10 cmd_max=20.0 actual_max=20.0
[rosout][INFO] 2026-07-23 22:40:39,467: control target=10 agent=10 armed=10 cmd_max=20.0 actual_max=20.0
[rosout][INFO] 2026-07-23 22:40:40,067: control target=10 agent=10 armed=10 cmd_max=20.0 actual_max=20.0
[rosout][INFO] 2026-07-23 22:40:40,567: control target=10 agent=10 armed=10 cmd_max=20.0 actual_max=20.0
[rosout][INFO] 2026-07-23 22:40:41,167: control target=10 agent=10 armed=10 cmd_max=20.0 actual_max=20.0
[rosout][INFO] 2026-07-23 22:40:41,767: control target=10 agent=10 armed=10 cmd_max=20.0 actual_max=20.0
[rosout][INFO] 2026-07-23 22:40:42,267: control target=10 agent=10 armed=10 cmd_max=20.0 actual_max=20.0
[rosout][INFO] 2026-07-23 22:40:42,867: control target=10 agent=10 armed=10 cmd_max=20.0 actual_max=19.9
[rosout][INFO] 2026-07-23 22:40:43,367: control target=10 agent=10 armed=10 cmd_max=20.0 actual_max=19.9
[rosout][INFO] 2026-07-23 22:40:43,867: control target=10 agent=10 armed=10 cmd_max=20.0 actual_max=19.9
[rosout][INFO] 2026-07-23 22:40:44,467: control target=10 agent=10 armed=10 cmd_max=20.0 actual_max=20.0
[rosout][INFO] 2026-07-23 22:40:45,067: control target=10 agent=10 armed=10 cmd_max=20.0 actual_max=19.9
[rosout][INFO] 2026-07-23 22:40:45,567: control target=10 agent=10 armed=10 cmd_max=20.0 actual_max=19.9
[rosout][INFO] 2026-07-23 22:40:46,068: control target=10 agent=10 armed=10 cmd_max=20.0 actual_max=19.8
[rosout][INFO] 2026-07-23 22:40:46,667: control target=10 agent=10 armed=10 cmd_max=20.0 actual_max=19.5
[rosout][INFO] 2026-07-23 22:40:47,167: control target=10 agent=10 armed=10 cmd_max=20.0 actual_max=19.4
[rosout][INFO] 2026-07-23 22:40:47,767: control target=10 agent=10 armed=10 cmd_max=20.0 actual_max=19.4
[rosout][INFO] 2026-07-23 22:40:48,267: control target=10 agent=10 armed=10 cmd_max=20.0 actual_max=19.4
[rosout][INFO] 2026-07-23 22:40:48,767: control target=10 agent=10 armed=10 cmd_max=20.0 actual_max=19.4
[rosout][INFO] 2026-07-23 22:40:49,267: control target=10 agent=10 armed=10 cmd_max=20.0 actual_max=19.5
[rosout][INFO] 2026-07-23 22:40:49,868: control target=10 agent=10 armed=10 cmd_max=20.0 actual_max=19.4
[rosout][INFO] 2026-07-23 22:40:50,467: control target=10 agent=10 armed=10 cmd_max=20.0 actual_max=19.4
[rosout][INFO] 2026-07-23 22:40:51,067: control target=10 agent=10 armed=10 cmd_max=20.0 actual_max=19.5
[rosout][INFO] 2026-07-23 22:40:51,667: control target=10 agent=10 armed=10 cmd_max=20.0 actual_max=19.5
[rosout][INFO] 2026-07-23 22:40:52,167: control target=10 agent=10 armed=10 cmd_max=20.0 actual_max=19.5
[rosout][INFO] 2026-07-23 22:40:52,767: control target=10 agent=10 armed=10 cmd_max=20.0 actual_max=19.6
[rosout][INFO] 2026-07-23 22:40:53,367: control target=10 agent=10 armed=10 cmd_max=20.0 actual_max=19.6
[rosout][INFO] 2026-07-23 22:40:53,967: control target=10 agent=10 armed=10 cmd_max=20.0 actual_max=19.5
[rosout][INFO] 2026-07-23 22:40:54,467: control target=10 agent=10 armed=10 cmd_max=20.0 actual_max=19.5
[rosout][INFO] 2026-07-23 22:40:55,067: control target=10 agent=10 armed=10 cmd_max=20.0 actual_max=19.5
[rosout][INFO] 2026-07-23 22:40:55,567: control target=10 agent=10 armed=10 cmd_max=20.0 actual_max=19.5
[rosout][INFO] 2026-07-23 22:40:56,167: control target=10 agent=10 armed=10 cmd_max=20.0 actual_max=19.5
[rosout][INFO] 2026-07-23 22:40:56,667: control target=10 agent=10 armed=10 cmd_max=20.0 actual_max=19.5
[rosout][INFO] 2026-07-23 22:40:57,267: control target=10 agent=10 armed=10 cmd_max=20.0 actual_max=19.5
[rosout][INFO] 2026-07-23 22:40:57,767: control target=10 agent=10 armed=10 cmd_max=20.0 actual_max=19.4
[rosout][INFO] 2026-07-23 22:40:58,367: control target=10 agent=10 armed=10 cmd_max=20.0 actual_max=19.4
[rosout][INFO] 2026-07-23 22:40:58,867: control target=10 agent=10 armed=10 cmd_max=20.0 actual_max=19.4
[rosout][INFO] 2026-07-23 22:40:59,367: control target=10 agent=10 armed=10 cmd_max=20.0 actual_max=19.4
[rosout][INFO] 2026-07-23 22:40:59,979: control target=10 agent=10 armed=10 cmd_max=20.0 actual_max=19.3
[rosout][INFO] 2026-07-23 22:41:00,467: control target=10 agent=10 armed=10 cmd_max=20.0 actual_max=19.3
[rosout][INFO] 2026-07-23 22:41:01,067: control target=10 agent=10 armed=10 cmd_max=20.0 actual_max=19.3
[rosout][INFO] 2026-07-23 22:41:01,667: control target=10 agent=10 armed=10 cmd_max=20.0 actual_max=19.3
[rosout][INFO] 2026-07-23 22:41:02,267: control target=10 agent=10 armed=10 cmd_max=20.0 actual_max=19.3
[rosout][INFO] 2026-07-23 22:41:02,767: control target=10 agent=10 armed=10 cmd_max=20.0 actual_max=19.3
[rosout][INFO] 2026-07-23 22:41:03,367: control target=10 agent=10 armed=10 cmd_max=20.0 actual_max=19.3
[rosout][INFO] 2026-07-23 22:41:03,867: control target=10 agent=10 armed=10 cmd_max=20.0 actual_max=19.3
[rosout][INFO] 2026-07-23 22:41:04,481: control target=10 agent=10 armed=10 cmd_max=20.0 actual_max=19.2
[rosout][INFO] 2026-07-23 22:41:05,067: control target=10 agent=10 armed=10 cmd_max=20.0 actual_max=19.2
[rosout][INFO] 2026-07-23 22:41:05,667: control target=10 agent=10 armed=10 cmd_max=20.0 actual_max=19.2
[rosout][INFO] 2026-07-23 22:41:06,267: control target=10 agent=10 armed=10 cmd_max=20.0 actual_max=19.2
[rosout][INFO] 2026-07-23 22:41:06,767: control target=10 agent=10 armed=10 cmd_max=20.0 actual_max=19.2
[rosout][INFO] 2026-07-23 22:41:07,367: control target=10 agent=10 armed=10 cmd_max=20.0 actual_max=19.2
[rosout][INFO] 2026-07-23 22:41:07,867: control target=10 agent=10 armed=10 cmd_max=20.0 actual_max=19.2
[rosout][INFO] 2026-07-23 22:41:08,367: control target=10 agent=10 armed=10 cmd_max=20.0 actual_max=19.2
[rosout][INFO] 2026-07-23 22:41:08,967: control target=10 agent=10 armed=10 cmd_max=20.0 actual_max=19.2
[rosout][INFO] 2026-07-23 22:41:09,480: control target=10 agent=10 armed=10 cmd_max=20.0 actual_max=19.2
[rosout][INFO] 2026-07-23 22:41:09,979: control target=10 agent=10 armed=10 cmd_max=20.0 actual_max=19.2
[rosout][INFO] 2026-07-23 22:41:10,567: control target=10 agent=10 armed=10 cmd_max=20.0 actual_max=19.2
[rosout][INFO] 2026-07-23 22:41:11,167: control target=10 agent=10 armed=10 cmd_max=20.0 actual_max=19.2
[rosout][INFO] 2026-07-23 22:41:11,767: control target=10 agent=10 armed=10 cmd_max=20.0 actual_max=19.2
[rosout][INFO] 2026-07-23 22:41:12,267: control target=10 agent=10 armed=10 cmd_max=20.0 actual_max=19.2
[rosout][INFO] 2026-07-23 22:41:12,867: control target=10 agent=10 armed=10 cmd_max=20.0 actual_max=19.2
[rosout][INFO] 2026-07-23 22:41:13,479: control target=10 agent=10 armed=10 cmd_max=20.0 actual_max=19.2
[rosout][INFO] 2026-07-23 22:41:13,983: control target=10 agent=10 armed=10 cmd_max=20.0 actual_max=19.2
[rosout][INFO] 2026-07-23 22:41:14,567: control target=10 agent=10 armed=10 cmd_max=20.0 actual_max=19.2
[rosout][INFO] 2026-07-23 22:41:15,067: control target=10 agent=10 armed=10 cmd_max=20.0 actual_max=19.2
[rosout][INFO] 2026-07-23 22:41:15,567: control target=10 agent=10 armed=10 cmd_max=20.0 actual_max=19.2
[rosout][INFO] 2026-07-23 22:41:16,067: control target=10 agent=10 armed=10 cmd_max=20.0 actual_max=19.2
[rosout][INFO] 2026-07-23 22:41:16,669: control target=10 agent=10 armed=10 cmd_max=20.0 actual_max=19.1
[rosout][INFO] 2026-07-23 22:41:17,267: control target=10 agent=10 armed=10 cmd_max=20.0 actual_max=19.1
[rosout][INFO] 2026-07-23 22:41:17,767: control target=10 agent=10 armed=10 cmd_max=20.0 actual_max=19.1
[rosout][INFO] 2026-07-23 22:41:18,367: control target=10 agent=10 armed=10 cmd_max=20.0 actual_max=19.1
[rosout][INFO] 2026-07-23 22:41:18,967: control target=10 agent=10 armed=10 cmd_max=20.0 actual_max=19.1
[rosout][INFO] 2026-07-23 22:41:19,467: control target=10 agent=10 armed=10 cmd_max=19.9 actual_max=19.1
[rosout][INFO] 2026-07-23 22:41:19,979: control target=10 agent=10 armed=10 cmd_max=20.0 actual_max=19.0
[rosout][INFO] 2026-07-23 22:41:20,567: control target=10 agent=10 armed=10 cmd_max=18.4 actual_max=18.7
[rosout][INFO] 2026-07-23 22:41:21,167: control target=10 agent=10 armed=10 cmd_max=17.1 actual_max=16.6
[rosout][INFO] 2026-07-23 22:41:21,667: control target=10 agent=10 armed=10 cmd_max=19.4 actual_max=14.7
[rosout][INFO] 2026-07-23 22:41:22,167: control target=10 agent=10 armed=10 cmd_max=20.0 actual_max=15.0
[rosout][INFO] 2026-07-23 22:41:22,767: control target=10 agent=10 armed=10 cmd_max=20.0 actual_max=15.5
[rosout][INFO] 2026-07-23 22:41:23,267: control target=10 agent=10 armed=10 cmd_max=20.0 actual_max=15.8
[rosout][INFO] 2026-07-23 22:41:23,867: control target=10 agent=10 armed=10 cmd_max=20.0 actual_max=16.0
[rosout][INFO] 2026-07-23 22:41:24,481: control target=10 agent=10 armed=10 cmd_max=20.0 actual_max=16.2
[rosout][INFO] 2026-07-23 22:41:24,983: control target=10 agent=10 armed=10 cmd_max=20.0 actual_max=16.4
[rosout][INFO] 2026-07-23 22:41:25,567: control target=10 agent=10 armed=10 cmd_max=20.0 actual_max=16.5
[rosout][INFO] 2026-07-23 22:41:26,079: control target=10 agent=10 armed=10 cmd_max=20.0 actual_max=16.6
[rosout][INFO] 2026-07-23 22:41:26,668: control target=10 agent=10 armed=10 cmd_max=20.0 actual_max=16.8
[rosout][INFO] 2026-07-23 22:41:27,267: control target=10 agent=10 armed=10 cmd_max=20.0 actual_max=16.8
[rosout][INFO] 2026-07-23 22:41:27,767: control target=10 agent=10 armed=10 cmd_max=20.0 actual_max=16.9
[rosout][INFO] 2026-07-23 22:41:28,367: control target=10 agent=10 armed=10 cmd_max=20.0 actual_max=17.0
[rosout][INFO] 2026-07-23 22:41:28,979: control target=10 agent=10 armed=10 cmd_max=20.0 actual_max=17.0
[rosout][INFO] 2026-07-23 22:41:29,579: control target=10 agent=10 armed=10 cmd_max=20.0 actual_max=16.8
[rosout][INFO] 2026-07-23 22:41:30,167: control target=10 agent=10 armed=10 cmd_max=20.0 actual_max=16.8
[rosout][INFO] 2026-07-23 22:41:30,766: control target=8 agent=9 armed=9 cmd_max=20.0 actual_max=16.9
[rosout][INFO] 2026-07-23 22:41:31,266: control target=7 agent=8 armed=8 cmd_max=20.0 actual_max=16.7
[rosout][INFO] 2026-07-23 22:41:31,866: control target=5 agent=6 armed=6 cmd_max=20.0 actual_max=16.8
[rosout][INFO] 2026-07-23 22:41:32,366: control target=3 agent=5 armed=5 cmd_max=20.0 actual_max=16.8
[rosout][INFO] 2026-07-23 22:41:32,966: control target=3 agent=3 armed=3 cmd_max=18.9 actual_max=16.8
[rosout][INFO] 2026-07-23 22:41:33,465: control target=3 agent=3 armed=3 cmd_max=17.1 actual_max=16.9
[rosout][INFO] 2026-07-23 22:41:34,066: control target=2 agent=2 armed=3 cmd_max=15.3 actual_max=15.4
[rosout][INFO] 2026-07-23 22:41:34,666: control target=2 agent=2 armed=2 cmd_max=14.5 actual_max=14.3
[rosout][INFO] 2026-07-23 22:41:35,165: control target=2 agent=2 armed=2 cmd_max=17.0 actual_max=13.5
[rosout][INFO] 2026-07-23 22:41:35,766: control target=1 agent=1 armed=1 cmd_max=12.0 actual_max=13.5
[rosout][INFO] 2026-07-23 22:41:36,265: control target=0 agent=1 armed=1 cmd_max=9.6 actual_max=13.5
[rosout][INFO] 2026-07-23 22:41:36,765: control target=0 agent=0 armed=0 cmd_max=0.0 actual_max=13.5
[rosout][INFO] 2026-07-23 22:41:37,365: control target=0 agent=0 armed=0 cmd_max=0.0 actual_max=13.5
[rosout][INFO] 2026-07-23 22:41:37,965: control target=0 agent=0 armed=0 cmd_max=0.0 actual_max=13.5
[rosout][INFO] 2026-07-23 22:41:38,365: 全部目标话题已超时，结束控制循环
[rospy.core][INFO] 2026-07-23 22:41:38,631: signal_shutdown [atexit]
[rospy.internal][INFO] 2026-07-23 22:41:38,641: topic[/rosout] removing connection to /rosout
[rospy.internal][INFO] 2026-07-23 22:41:38,641: topic[/mavros/setpoint_raw/local] removing connection to /rostrans_ros1
[rospy.internal][INFO] 2026-07-23 22:41:38,641: topic[/mavros2/setpoint_raw/local] removing connection to /rostrans_ros1
[rospy.internal][INFO] 2026-07-23 22:41:38,641: topic[/mavros3/setpoint_raw/local] removing connection to /rostrans_ros1
[rospy.internal][INFO] 2026-07-23 22:41:38,641: topic[/mavros4/setpoint_raw/local] removing connection to /rostrans_ros1
[rospy.internal][INFO] 2026-07-23 22:41:38,642: topic[/mavros5/setpoint_raw/local] removing connection to /rostrans_ros1
[rospy.internal][INFO] 2026-07-23 22:41:38,642: topic[/mavros6/setpoint_raw/local] removing connection to /rostrans_ros1
[rospy.internal][INFO] 2026-07-23 22:41:38,642: topic[/mavros7/setpoint_raw/local] removing connection to /rostrans_ros1
[rospy.internal][INFO] 2026-07-23 22:41:38,642: topic[/mavros8/setpoint_raw/local] removing connection to /rostrans_ros1
[rospy.internal][INFO] 2026-07-23 22:41:38,642: topic[/mavros9/setpoint_raw/local] removing connection to /rostrans_ros1
[rospy.internal][INFO] 2026-07-23 22:41:38,642: topic[/mavros10/setpoint_raw/local] removing connection to /rostrans_ros1
[rospy.internal][INFO] 2026-07-23 22:41:38,642: topic[/interceptor1/origin] removing connection to http://gpufree-container:42471/
[rospy.internal][INFO] 2026-07-23 22:41:38,643: topic[/mavros/local_position/odom] removing connection to http://gpufree-container:39171/
[rospy.internal][INFO] 2026-07-23 22:41:38,643: topic[/mavros/state] removing connection to http://gpufree-container:39171/
[rospy.internal][INFO] 2026-07-23 22:41:38,643: topic[/radar/target1/position] removing connection to http://gpufree-container:42471/
[rospy.internal][INFO] 2026-07-23 22:41:38,644: topic[/interceptor2/origin] removing connection to http://gpufree-container:42471/
[rospy.internal][INFO] 2026-07-23 22:41:38,644: topic[/mavros2/local_position/odom] removing connection to http://gpufree-container:39171/
[rospy.internal][INFO] 2026-07-23 22:41:38,644: topic[/mavros2/state] removing connection to http://gpufree-container:39171/
[rospy.internal][INFO] 2026-07-23 22:41:38,644: topic[/radar/target2/position] removing connection to http://gpufree-container:42471/
[rospy.internal][INFO] 2026-07-23 22:41:38,645: topic[/interceptor3/origin] removing connection to http://gpufree-container:42471/
[rospy.internal][INFO] 2026-07-23 22:41:38,645: topic[/mavros3/local_position/odom] removing connection to http://gpufree-container:39171/
[rospy.internal][INFO] 2026-07-23 22:41:38,645: topic[/mavros3/state] removing connection to http://gpufree-container:39171/
[rospy.internal][INFO] 2026-07-23 22:41:38,645: topic[/radar/target3/position] removing connection to http://gpufree-container:42471/
[rospy.internal][INFO] 2026-07-23 22:41:38,645: topic[/interceptor4/origin] removing connection to http://gpufree-container:42471/
[rospy.internal][INFO] 2026-07-23 22:41:38,646: topic[/mavros4/local_position/odom] removing connection to http://gpufree-container:39171/
[rospy.internal][INFO] 2026-07-23 22:41:38,646: topic[/mavros4/state] removing connection to http://gpufree-container:39171/
[rospy.internal][INFO] 2026-07-23 22:41:38,646: topic[/radar/target4/position] removing connection to http://gpufree-container:42471/
[rospy.internal][INFO] 2026-07-23 22:41:38,646: topic[/interceptor5/origin] removing connection to http://gpufree-container:42471/
[rospy.internal][INFO] 2026-07-23 22:41:38,646: topic[/mavros5/local_position/odom] removing connection to http://gpufree-container:39171/
[rospy.internal][INFO] 2026-07-23 22:41:38,647: topic[/mavros5/state] removing connection to http://gpufree-container:39171/
[rospy.internal][INFO] 2026-07-23 22:41:38,647: topic[/radar/target5/position] removing connection to http://gpufree-container:42471/
[rospy.internal][INFO] 2026-07-23 22:41:38,647: topic[/interceptor6/origin] removing connection to http://gpufree-container:42471/
[rospy.internal][INFO] 2026-07-23 22:41:38,647: topic[/mavros6/local_position/odom] removing connection to http://gpufree-container:39171/
[rospy.internal][INFO] 2026-07-23 22:41:38,647: topic[/mavros6/state] removing connection to http://gpufree-container:39171/
[rospy.internal][INFO] 2026-07-23 22:41:38,648: topic[/radar/target6/position] removing connection to http://gpufree-container:42471/
[rospy.internal][INFO] 2026-07-23 22:41:38,648: topic[/interceptor7/origin] removing connection to http://gpufree-container:42471/
[rospy.internal][INFO] 2026-07-23 22:41:38,648: topic[/mavros7/local_position/odom] removing connection to http://gpufree-container:39171/
[rospy.internal][INFO] 2026-07-23 22:41:38,648: topic[/mavros7/state] removing connection to http://gpufree-container:39171/
[rospy.internal][INFO] 2026-07-23 22:41:38,649: topic[/radar/target7/position] removing connection to http://gpufree-container:42471/
[rospy.internal][INFO] 2026-07-23 22:41:38,649: topic[/interceptor8/origin] removing connection to http://gpufree-container:42471/
[rospy.internal][INFO] 2026-07-23 22:41:38,649: topic[/mavros8/local_position/odom] removing connection to http://gpufree-container:39171/
[rospy.internal][INFO] 2026-07-23 22:41:38,649: topic[/mavros8/state] removing connection to http://gpufree-container:39171/
[rospy.internal][INFO] 2026-07-23 22:41:38,649: topic[/radar/target8/position] removing connection to http://gpufree-container:42471/
[rospy.internal][INFO] 2026-07-23 22:41:38,650: topic[/interceptor9/origin] removing connection to http://gpufree-container:42471/
[rospy.internal][INFO] 2026-07-23 22:41:38,650: topic[/mavros9/local_position/odom] removing connection to http://gpufree-container:39171/
[rospy.internal][INFO] 2026-07-23 22:41:38,650: topic[/mavros9/state] removing connection to http://gpufree-container:39171/
[rospy.internal][INFO] 2026-07-23 22:41:38,650: topic[/radar/target9/position] removing connection to http://gpufree-container:42471/
[rospy.internal][INFO] 2026-07-23 22:41:38,650: topic[/interceptor10/origin] removing connection to http://gpufree-container:42471/
[rospy.internal][INFO] 2026-07-23 22:41:38,651: topic[/mavros10/local_position/odom] removing connection to http://gpufree-container:39171/
[rospy.internal][INFO] 2026-07-23 22:41:38,651: topic[/mavros10/state] removing connection to http://gpufree-container:39171/
[rospy.internal][INFO] 2026-07-23 22:41:38,651: topic[/radar/target10/position] removing connection to http://gpufree-container:42471/
[rospy.impl.masterslave][INFO] 2026-07-23 22:41:38,651: atexit
[rospy.client][INFO] 2026-07-23 22:46:32,574: init_node, name[/zhuoyi_10v10_controller], pid[613371]
[xmlrpc][INFO] 2026-07-23 22:46:32,615: XML-RPC server binding to 0.0.0.0:0
[xmlrpc][INFO] 2026-07-23 22:46:32,616: Started XML-RPC server [http://gpufree-container:46627/]
[rospy.init][INFO] 2026-07-23 22:46:32,616: ROS Slave URI: [http://gpufree-container:46627/]
[rospy.impl.masterslave][INFO] 2026-07-23 22:46:32,616: _ready: http://gpufree-container:46627/
[rospy.registration][INFO] 2026-07-23 22:46:32,616: Registering with master node http://localhost:11311
[xmlrpc][INFO] 2026-07-23 22:46:32,616: xml rpc node: starting XML-RPC server
[rospy.init][INFO] 2026-07-23 22:46:32,716: registered with master
[rospy.rosout][INFO] 2026-07-23 22:46:32,716: initializing /rosout core topic
[rospy.rosout][INFO] 2026-07-23 22:46:32,719: connected to core topic /rosout
[rospy.simtime][INFO] 2026-07-23 22:46:32,720: /use_sim_time is not set, will not subscribe to simulated time [/clock] topic
[rospy.internal][INFO] 2026-07-23 22:46:32,724: topic[/interceptor1/origin] adding connection to [http://gpufree-container:41409/], count 0
[rospy.internal][INFO] 2026-07-23 22:46:32,726: topic[/mavros/local_position/odom] adding connection to [http://gpufree-container:39737/], count 0
[rospy.internal][INFO] 2026-07-23 22:46:32,727: topic[/mavros/state] adding connection to [http://gpufree-container:39737/], count 0
[rospy.internal][INFO] 2026-07-23 22:46:32,728: topic[/radar/target1/position] adding connection to [http://gpufree-container:41409/], count 0
[rospy.internal][INFO] 2026-07-23 22:46:32,730: topic[/interceptor2/origin] adding connection to [http://gpufree-container:41409/], count 0
[rospy.internal][INFO] 2026-07-23 22:46:32,731: topic[/mavros2/local_position/odom] adding connection to [http://gpufree-container:39737/], count 0
[rospy.internal][INFO] 2026-07-23 22:46:32,732: topic[/mavros2/state] adding connection to [http://gpufree-container:39737/], count 0
[rospy.internal][INFO] 2026-07-23 22:46:32,734: topic[/radar/target2/position] adding connection to [http://gpufree-container:41409/], count 0
[rospy.internal][INFO] 2026-07-23 22:46:32,735: topic[/mavros3/local_position/odom] adding connection to [http://gpufree-container:39737/], count 0
[rospy.internal][INFO] 2026-07-23 22:46:32,736: topic[/interceptor3/origin] adding connection to [http://gpufree-container:41409/], count 0
[rospy.internal][INFO] 2026-07-23 22:46:32,737: topic[/mavros3/state] adding connection to [http://gpufree-container:39737/], count 0
[rospy.internal][INFO] 2026-07-23 22:46:32,739: topic[/radar/target3/position] adding connection to [http://gpufree-container:41409/], count 0
[rospy.internal][INFO] 2026-07-23 22:46:32,741: topic[/interceptor4/origin] adding connection to [http://gpufree-container:41409/], count 0
[rospy.internal][INFO] 2026-07-23 22:46:32,742: topic[/mavros4/local_position/odom] adding connection to [http://gpufree-container:39737/], count 0
[rospy.internal][INFO] 2026-07-23 22:46:32,743: topic[/mavros4/state] adding connection to [http://gpufree-container:39737/], count 0
[rospy.internal][INFO] 2026-07-23 22:46:32,745: topic[/radar/target4/position] adding connection to [http://gpufree-container:41409/], count 0
[rospy.internal][INFO] 2026-07-23 22:46:32,747: topic[/mavros5/local_position/odom] adding connection to [http://gpufree-container:39737/], count 0
[rospy.internal][INFO] 2026-07-23 22:46:32,748: topic[/mavros5/state] adding connection to [http://gpufree-container:39737/], count 0
[rospy.internal][INFO] 2026-07-23 22:46:32,749: topic[/interceptor5/origin] adding connection to [http://gpufree-container:41409/], count 0
[rospy.internal][INFO] 2026-07-23 22:46:32,751: topic[/radar/target5/position] adding connection to [http://gpufree-container:41409/], count 0
[rospy.internal][INFO] 2026-07-23 22:46:32,752: topic[/interceptor6/origin] adding connection to [http://gpufree-container:41409/], count 0
[rospy.internal][INFO] 2026-07-23 22:46:32,753: topic[/mavros6/local_position/odom] adding connection to [http://gpufree-container:39737/], count 0
[rospy.internal][INFO] 2026-07-23 22:46:32,754: topic[/mavros6/state] adding connection to [http://gpufree-container:39737/], count 0
[rospy.internal][INFO] 2026-07-23 22:46:32,755: topic[/radar/target6/position] adding connection to [http://gpufree-container:41409/], count 0
[rospy.internal][INFO] 2026-07-23 22:46:32,757: topic[/interceptor7/origin] adding connection to [http://gpufree-container:41409/], count 0
[rospy.internal][INFO] 2026-07-23 22:46:32,758: topic[/mavros7/local_position/odom] adding connection to [http://gpufree-container:39737/], count 0
[rospy.internal][INFO] 2026-07-23 22:46:32,759: topic[/mavros7/state] adding connection to [http://gpufree-container:39737/], count 0
[rospy.internal][INFO] 2026-07-23 22:46:32,761: topic[/radar/target7/position] adding connection to [http://gpufree-container:41409/], count 0
[rospy.internal][INFO] 2026-07-23 22:46:32,763: topic[/interceptor8/origin] adding connection to [http://gpufree-container:41409/], count 0
[rospy.internal][INFO] 2026-07-23 22:46:32,764: topic[/mavros8/local_position/odom] adding connection to [http://gpufree-container:39737/], count 0
[rospy.internal][INFO] 2026-07-23 22:46:32,765: topic[/mavros8/state] adding connection to [http://gpufree-container:39737/], count 0
[rospy.internal][INFO] 2026-07-23 22:46:32,766: topic[/radar/target8/position] adding connection to [http://gpufree-container:41409/], count 0
[rospy.internal][INFO] 2026-07-23 22:46:32,768: topic[/interceptor9/origin] adding connection to [http://gpufree-container:41409/], count 0
[rospy.internal][INFO] 2026-07-23 22:46:32,769: topic[/mavros9/local_position/odom] adding connection to [http://gpufree-container:39737/], count 0
[rospy.internal][INFO] 2026-07-23 22:46:32,770: topic[/mavros9/state] adding connection to [http://gpufree-container:39737/], count 0
[rospy.internal][INFO] 2026-07-23 22:46:32,772: topic[/radar/target9/position] adding connection to [http://gpufree-container:41409/], count 0
[rospy.internal][INFO] 2026-07-23 22:46:32,774: topic[/interceptor10/origin] adding connection to [http://gpufree-container:41409/], count 0
[rospy.internal][INFO] 2026-07-23 22:46:32,775: topic[/mavros10/local_position/odom] adding connection to [http://gpufree-container:39737/], count 0
[rospy.internal][INFO] 2026-07-23 22:46:32,776: topic[/mavros10/state] adding connection to [http://gpufree-container:39737/], count 0
[rosout][INFO] 2026-07-23 22:46:32,776: 等待公开话题 origin=0/10 odom=7/10 state=0/10 target=0/10
[rospy.internal][INFO] 2026-07-23 22:46:32,778: topic[/radar/target10/position] adding connection to [http://gpufree-container:41409/], count 0
[rosout][INFO] 2026-07-23 22:46:32,976: 公开话题已就绪 origin=10 odom=10 state=10 target=10
[rosout][INFO] 2026-07-23 22:46:32,978: 预热 10 路设定点流 2.0 秒
[rospy.internal][INFO] 2026-07-23 22:46:32,983: topic[/rosout] adding connection to [/rosout], count 0
[rospy.internal][INFO] 2026-07-23 22:46:32,989: topic[/mavros/setpoint_raw/local] adding connection to [/rostrans_ros1], count 0
[rospy.internal][INFO] 2026-07-23 22:46:32,989: topic[/mavros2/setpoint_raw/local] adding connection to [/rostrans_ros1], count 0
[rospy.internal][INFO] 2026-07-23 22:46:32,990: topic[/mavros3/setpoint_raw/local] adding connection to [/rostrans_ros1], count 0
[rospy.internal][INFO] 2026-07-23 22:46:32,990: topic[/mavros4/setpoint_raw/local] adding connection to [/rostrans_ros1], count 0
[rospy.internal][INFO] 2026-07-23 22:46:32,991: topic[/mavros5/setpoint_raw/local] adding connection to [/rostrans_ros1], count 0
[rospy.internal][INFO] 2026-07-23 22:46:32,991: topic[/mavros6/setpoint_raw/local] adding connection to [/rostrans_ros1], count 0
[rospy.internal][INFO] 2026-07-23 22:46:32,991: topic[/mavros7/setpoint_raw/local] adding connection to [/rostrans_ros1], count 0
[rospy.internal][INFO] 2026-07-23 22:46:32,991: topic[/mavros8/setpoint_raw/local] adding connection to [/rostrans_ros1], count 0
[rospy.internal][INFO] 2026-07-23 22:46:32,992: topic[/mavros9/setpoint_raw/local] adding connection to [/rostrans_ros1], count 0
[rospy.internal][INFO] 2026-07-23 22:46:32,992: topic[/mavros10/setpoint_raw/local] adding connection to [/rostrans_ros1], count 0
[rosout][INFO] 2026-07-23 22:46:35,002: 并发解锁 retry=1 armed=0/10 offboard=0/10 service_ok=10/10
[rosout][INFO] 2026-07-23 22:46:35,438: 并发解锁 retry=2 armed=10/10 offboard=10/10 service_ok=10/10
[rosout][INFO] 2026-07-23 22:46:35,442: control target=10 agent=10 armed=10 cmd_max=0.0 actual_max=0.0
[rosout][INFO] 2026-07-23 22:46:35,943: control target=10 agent=10 armed=10 cmd_max=2.5 actual_max=1.8
[rosout][INFO] 2026-07-23 22:46:36,542: control target=10 agent=10 armed=10 cmd_max=4.5 actual_max=3.2
[rosout][INFO] 2026-07-23 22:46:37,042: control target=10 agent=10 armed=10 cmd_max=6.5 actual_max=4.5
[rosout][INFO] 2026-07-23 22:46:37,642: control target=10 agent=10 armed=10 cmd_max=9.3 actual_max=7.2
[rosout][INFO] 2026-07-23 22:46:38,243: control target=10 agent=10 armed=10 cmd_max=12.2 actual_max=9.9
[rosout][INFO] 2026-07-23 22:46:38,843: control target=10 agent=10 armed=10 cmd_max=15.1 actual_max=12.8
[rosout][INFO] 2026-07-23 22:46:39,442: control target=10 agent=10 armed=10 cmd_max=18.0 actual_max=15.3
[rosout][INFO] 2026-07-23 22:46:40,042: control target=10 agent=10 armed=10 cmd_max=20.0 actual_max=16.2
[rosout][INFO] 2026-07-23 22:46:40,543: control target=10 agent=10 armed=10 cmd_max=20.0 actual_max=16.6
[rosout][INFO] 2026-07-23 22:46:41,042: control target=10 agent=10 armed=10 cmd_max=20.0 actual_max=17.0
[rosout][INFO] 2026-07-23 22:46:41,644: control target=10 agent=10 armed=10 cmd_max=20.0 actual_max=17.3
[rosout][INFO] 2026-07-23 22:46:42,242: control target=10 agent=10 armed=10 cmd_max=20.0 actual_max=17.6
[rosout][INFO] 2026-07-23 22:46:42,842: control target=10 agent=10 armed=10 cmd_max=20.0 actual_max=17.9
[rosout][INFO] 2026-07-23 22:46:43,342: control target=10 agent=10 armed=10 cmd_max=20.0 actual_max=18.1
[rosout][INFO] 2026-07-23 22:46:43,942: control target=10 agent=10 armed=10 cmd_max=20.0 actual_max=18.4
[rosout][INFO] 2026-07-23 22:46:44,542: control target=10 agent=10 armed=10 cmd_max=20.0 actual_max=18.6
[rosout][INFO] 2026-07-23 22:46:45,042: control target=10 agent=10 armed=10 cmd_max=20.0 actual_max=18.8
[rosout][INFO] 2026-07-23 22:46:45,642: control target=10 agent=10 armed=10 cmd_max=20.0 actual_max=19.0
[rosout][INFO] 2026-07-23 22:46:46,142: control target=10 agent=10 armed=10 cmd_max=20.0 actual_max=19.2
[rosout][INFO] 2026-07-23 22:46:46,643: control target=10 agent=10 armed=10 cmd_max=20.0 actual_max=19.4
[rosout][INFO] 2026-07-23 22:46:47,142: control target=10 agent=10 armed=10 cmd_max=20.0 actual_max=19.5
[rosout][INFO] 2026-07-23 22:46:47,742: control target=10 agent=10 armed=10 cmd_max=20.0 actual_max=19.6
[rosout][INFO] 2026-07-23 22:46:48,242: control target=10 agent=10 armed=10 cmd_max=20.0 actual_max=19.6
[rosout][INFO] 2026-07-23 22:46:48,742: control target=10 agent=10 armed=10 cmd_max=20.0 actual_max=19.6
[rosout][INFO] 2026-07-23 22:46:49,342: control target=10 agent=10 armed=10 cmd_max=20.0 actual_max=19.7
[rosout][INFO] 2026-07-23 22:46:49,942: control target=10 agent=10 armed=10 cmd_max=20.0 actual_max=20.1
[rosout][INFO] 2026-07-23 22:46:50,542: control target=10 agent=10 armed=10 cmd_max=20.0 actual_max=19.8
[rosout][INFO] 2026-07-23 22:46:51,142: control target=10 agent=10 armed=10 cmd_max=20.0 actual_max=19.9
[rosout][INFO] 2026-07-23 22:46:51,742: control target=10 agent=10 armed=10 cmd_max=20.0 actual_max=19.9
[rosout][INFO] 2026-07-23 22:46:52,242: control target=10 agent=10 armed=10 cmd_max=20.0 actual_max=20.1
[rosout][INFO] 2026-07-23 22:46:52,842: control target=10 agent=10 armed=10 cmd_max=20.0 actual_max=20.0
[rosout][INFO] 2026-07-23 22:46:53,442: control target=10 agent=10 armed=10 cmd_max=20.0 actual_max=20.0
[rosout][INFO] 2026-07-23 22:46:54,042: control target=10 agent=10 armed=10 cmd_max=20.0 actual_max=20.0
[rosout][INFO] 2026-07-23 22:46:54,542: control target=10 agent=10 armed=10 cmd_max=20.0 actual_max=20.0
[rosout][INFO] 2026-07-23 22:46:55,043: control target=10 agent=10 armed=10 cmd_max=20.0 actual_max=20.0
[rosout][INFO] 2026-07-23 22:46:55,642: control target=10 agent=10 armed=10 cmd_max=20.0 actual_max=20.0
[rosout][INFO] 2026-07-23 22:46:56,142: control target=10 agent=10 armed=10 cmd_max=20.0 actual_max=20.0
[rosout][INFO] 2026-07-23 22:46:56,642: control target=10 agent=10 armed=10 cmd_max=20.0 actual_max=20.0
[rosout][INFO] 2026-07-23 22:46:57,142: control target=10 agent=10 armed=10 cmd_max=20.0 actual_max=20.0
[rosout][INFO] 2026-07-23 22:46:57,742: control target=10 agent=10 armed=10 cmd_max=20.0 actual_max=20.0
[rosout][INFO] 2026-07-23 22:46:58,342: control target=10 agent=10 armed=10 cmd_max=20.0 actual_max=20.0
[rosout][INFO] 2026-07-23 22:46:58,942: control target=10 agent=10 armed=10 cmd_max=20.0 actual_max=20.0
[rosout][INFO] 2026-07-23 22:46:59,442: control target=10 agent=10 armed=10 cmd_max=20.0 actual_max=20.0
[rosout][INFO] 2026-07-23 22:47:00,042: control target=10 agent=10 armed=10 cmd_max=20.0 actual_max=20.0
[rosout][INFO] 2026-07-23 22:47:00,644: control target=10 agent=10 armed=10 cmd_max=20.0 actual_max=19.9
[rosout][INFO] 2026-07-23 22:47:01,144: control target=10 agent=10 armed=10 cmd_max=20.0 actual_max=19.9
[rosout][INFO] 2026-07-23 22:47:01,742: control target=10 agent=10 armed=10 cmd_max=20.0 actual_max=19.9
[rosout][INFO] 2026-07-23 22:47:02,342: control target=10 agent=10 armed=10 cmd_max=20.0 actual_max=20.0
[rosout][INFO] 2026-07-23 22:47:02,842: control target=10 agent=10 armed=10 cmd_max=20.0 actual_max=19.9
[rosout][INFO] 2026-07-23 22:47:03,444: control target=10 agent=10 armed=10 cmd_max=20.0 actual_max=19.9
[rosout][INFO] 2026-07-23 22:47:03,944: control target=10 agent=10 armed=10 cmd_max=20.0 actual_max=19.7
[rosout][INFO] 2026-07-23 22:47:04,544: control target=10 agent=10 armed=10 cmd_max=20.0 actual_max=19.5
[rosout][INFO] 2026-07-23 22:47:05,144: control target=10 agent=10 armed=10 cmd_max=20.0 actual_max=19.4
[rosout][INFO] 2026-07-23 22:47:05,744: control target=10 agent=10 armed=10 cmd_max=20.0 actual_max=19.4
[rosout][INFO] 2026-07-23 22:47:06,342: control target=10 agent=10 armed=10 cmd_max=20.0 actual_max=19.4
[rosout][INFO] 2026-07-23 22:47:06,842: control target=10 agent=10 armed=10 cmd_max=20.0 actual_max=19.5
[rosout][INFO] 2026-07-23 22:47:07,442: control target=10 agent=10 armed=10 cmd_max=20.0 actual_max=19.5
[rosout][INFO] 2026-07-23 22:47:07,942: control target=10 agent=10 armed=10 cmd_max=20.0 actual_max=19.4
[rosout][INFO] 2026-07-23 22:47:08,542: control target=10 agent=10 armed=10 cmd_max=20.0 actual_max=19.4
[rosout][INFO] 2026-07-23 22:47:09,042: control target=10 agent=10 armed=10 cmd_max=20.0 actual_max=19.5
[rosout][INFO] 2026-07-23 22:47:09,644: control target=10 agent=10 armed=10 cmd_max=20.0 actual_max=19.5
[rosout][INFO] 2026-07-23 22:47:10,242: control target=10 agent=10 armed=10 cmd_max=20.0 actual_max=19.6
[rosout][INFO] 2026-07-23 22:47:10,742: control target=10 agent=10 armed=10 cmd_max=20.0 actual_max=19.6
[rosout][INFO] 2026-07-23 22:47:11,342: control target=10 agent=10 armed=10 cmd_max=20.0 actual_max=19.6
[rosout][INFO] 2026-07-23 22:47:11,842: control target=10 agent=10 armed=10 cmd_max=20.0 actual_max=19.5
[rosout][INFO] 2026-07-23 22:47:12,342: control target=10 agent=10 armed=10 cmd_max=20.0 actual_max=19.5
[rosout][INFO] 2026-07-23 22:47:12,842: control target=10 agent=10 armed=10 cmd_max=20.0 actual_max=19.5
[rosout][INFO] 2026-07-23 22:47:13,442: control target=10 agent=10 armed=10 cmd_max=20.0 actual_max=19.5
[rosout][INFO] 2026-07-23 22:47:14,042: control target=10 agent=10 armed=10 cmd_max=20.0 actual_max=19.5
[rosout][INFO] 2026-07-23 22:47:14,542: control target=10 agent=10 armed=10 cmd_max=20.0 actual_max=19.5
[rosout][INFO] 2026-07-23 22:47:15,142: control target=10 agent=10 armed=10 cmd_max=20.0 actual_max=19.5
[rosout][INFO] 2026-07-23 22:47:15,642: control target=10 agent=10 armed=10 cmd_max=20.0 actual_max=19.4
[rosout][INFO] 2026-07-23 22:47:16,242: control target=10 agent=10 armed=10 cmd_max=20.0 actual_max=19.4
[rosout][INFO] 2026-07-23 22:47:16,744: control target=10 agent=10 armed=10 cmd_max=20.0 actual_max=19.4
[rosout][INFO] 2026-07-23 22:47:17,342: control target=10 agent=10 armed=10 cmd_max=20.0 actual_max=19.4
[rosout][INFO] 2026-07-23 22:47:17,942: control target=10 agent=10 armed=10 cmd_max=20.0 actual_max=19.3
[rosout][INFO] 2026-07-23 22:47:18,542: control target=10 agent=10 armed=10 cmd_max=20.0 actual_max=19.3
[rosout][INFO] 2026-07-23 22:47:19,042: control target=10 agent=10 armed=10 cmd_max=20.0 actual_max=19.3
[rosout][INFO] 2026-07-23 22:47:19,642: control target=10 agent=10 armed=10 cmd_max=20.0 actual_max=19.3
[rosout][INFO] 2026-07-23 22:47:20,142: control target=10 agent=10 armed=10 cmd_max=20.0 actual_max=19.3
[rosout][INFO] 2026-07-23 22:47:20,642: control target=10 agent=10 armed=10 cmd_max=20.0 actual_max=19.3
[rosout][INFO] 2026-07-23 22:47:21,142: control target=10 agent=10 armed=10 cmd_max=20.0 actual_max=19.3
[rosout][INFO] 2026-07-23 22:47:21,742: control target=10 agent=10 armed=10 cmd_max=20.0 actual_max=19.3
[rosout][INFO] 2026-07-23 22:47:22,343: control target=10 agent=10 armed=10 cmd_max=20.0 actual_max=19.2
[rosout][INFO] 2026-07-23 22:47:22,842: control target=10 agent=10 armed=10 cmd_max=20.0 actual_max=19.2
[rosout][INFO] 2026-07-23 22:47:23,442: control target=10 agent=10 armed=10 cmd_max=20.0 actual_max=19.2
[rosout][INFO] 2026-07-23 22:47:23,942: control target=10 agent=10 armed=10 cmd_max=20.0 actual_max=19.2
[rosout][INFO] 2026-07-23 22:47:24,542: control target=10 agent=10 armed=10 cmd_max=20.0 actual_max=19.2
[rosout][INFO] 2026-07-23 22:47:25,142: control target=10 agent=10 armed=10 cmd_max=20.0 actual_max=19.2
[rosout][INFO] 2026-07-23 22:47:25,642: control target=10 agent=10 armed=10 cmd_max=20.0 actual_max=19.2
[rosout][INFO] 2026-07-23 22:47:26,242: control target=10 agent=10 armed=10 cmd_max=20.0 actual_max=19.2
[rosout][INFO] 2026-07-23 22:47:26,742: control target=10 agent=10 armed=10 cmd_max=20.0 actual_max=19.2
[rosout][INFO] 2026-07-23 22:47:27,342: control target=10 agent=10 armed=10 cmd_max=20.0 actual_max=19.2
[rosout][INFO] 2026-07-23 22:47:27,942: control target=10 agent=10 armed=10 cmd_max=20.0 actual_max=19.2
[rosout][INFO] 2026-07-23 22:47:28,442: control target=10 agent=10 armed=10 cmd_max=20.0 actual_max=19.2
[rosout][INFO] 2026-07-23 22:47:28,942: control target=10 agent=10 armed=10 cmd_max=20.0 actual_max=19.2
[rosout][INFO] 2026-07-23 22:47:29,442: control target=10 agent=10 armed=10 cmd_max=20.0 actual_max=19.2
[rosout][INFO] 2026-07-23 22:47:30,042: control target=10 agent=10 armed=10 cmd_max=20.0 actual_max=19.2
[rosout][INFO] 2026-07-23 22:47:30,642: control target=10 agent=10 armed=10 cmd_max=20.0 actual_max=19.2
[rosout][INFO] 2026-07-23 22:47:31,242: control target=10 agent=10 armed=10 cmd_max=20.0 actual_max=19.2
[rosout][INFO] 2026-07-23 22:47:31,842: control target=10 agent=10 armed=10 cmd_max=20.0 actual_max=19.2
[rosout][INFO] 2026-07-23 22:47:32,342: control target=10 agent=10 armed=10 cmd_max=20.0 actual_max=19.2
[rosout][INFO] 2026-07-23 22:47:32,942: control target=10 agent=10 armed=10 cmd_max=20.0 actual_max=19.2
[rosout][INFO] 2026-07-23 22:47:33,442: control target=10 agent=10 armed=10 cmd_max=20.0 actual_max=19.2
[rosout][INFO] 2026-07-23 22:47:34,042: control target=10 agent=10 armed=10 cmd_max=20.0 actual_max=19.2
[rosout][INFO] 2026-07-23 22:47:34,543: control target=8 agent=10 armed=10 cmd_max=20.0 actual_max=19.1
[rosout][INFO] 2026-07-23 22:47:35,141: control target=6 agent=7 armed=7 cmd_max=20.0 actual_max=19.1
[rosout][INFO] 2026-07-23 22:47:35,641: control target=4 agent=5 armed=5 cmd_max=20.0 actual_max=19.1
[rosout][INFO] 2026-07-23 22:47:36,141: control target=3 agent=4 armed=4 cmd_max=20.0 actual_max=19.1
[rosout][INFO] 2026-07-23 22:47:36,741: control target=3 agent=3 armed=3 cmd_max=20.0 actual_max=19.1
[rosout][INFO] 2026-07-23 22:47:37,342: control target=3 agent=3 armed=3 cmd_max=20.0 actual_max=19.1
[rosout][INFO] 2026-07-23 22:47:37,941: control target=3 agent=3 armed=3 cmd_max=20.0 actual_max=19.0
[rosout][INFO] 2026-07-23 22:47:38,541: control target=3 agent=3 armed=3 cmd_max=20.0 actual_max=17.8
[rosout][INFO] 2026-07-23 22:47:39,141: control target=3 agent=3 armed=3 cmd_max=19.1 actual_max=17.7
[rosout][INFO] 2026-07-23 22:47:39,741: control target=2 agent=3 armed=2 cmd_max=16.6 actual_max=17.7
[rosout][INFO] 2026-07-23 22:47:40,341: control target=2 agent=2 armed=2 cmd_max=14.3 actual_max=17.7
[rosout][INFO] 2026-07-23 22:47:40,841: control target=2 agent=2 armed=2 cmd_max=14.7 actual_max=17.7
[rosout][INFO] 2026-07-23 22:47:41,341: control target=2 agent=2 armed=2 cmd_max=15.8 actual_max=17.7
[rosout][INFO] 2026-07-23 22:47:41,841: control target=2 agent=2 armed=2 cmd_max=17.1 actual_max=17.7
[rosout][INFO] 2026-07-23 22:47:42,341: control target=2 agent=2 armed=2 cmd_max=18.7 actual_max=17.7
[rosout][INFO] 2026-07-23 22:47:42,941: control target=2 agent=2 armed=2 cmd_max=20.0 actual_max=17.7
[rosout][INFO] 2026-07-23 22:47:43,441: control target=2 agent=2 armed=2 cmd_max=20.0 actual_max=17.7
[rosout][INFO] 2026-07-23 22:47:44,041: control target=2 agent=2 armed=2 cmd_max=20.0 actual_max=17.7
[rosout][INFO] 2026-07-23 22:47:44,641: control target=2 agent=2 armed=2 cmd_max=20.0 actual_max=17.7
[rosout][INFO] 2026-07-23 22:47:45,241: control target=2 agent=2 armed=2 cmd_max=20.0 actual_max=17.7
[rosout][INFO] 2026-07-23 22:47:45,841: control target=2 agent=2 armed=2 cmd_max=20.0 actual_max=17.7
[rosout][INFO] 2026-07-23 22:47:46,341: control target=2 agent=2 armed=2 cmd_max=20.0 actual_max=17.7
[rosout][INFO] 2026-07-23 22:47:46,941: control target=2 agent=2 armed=2 cmd_max=20.0 actual_max=17.7
[rosout][INFO] 2026-07-23 22:47:47,441: control target=2 agent=2 armed=2 cmd_max=20.0 actual_max=17.7
[rosout][INFO] 2026-07-23 22:47:47,941: control target=2 agent=2 armed=2 cmd_max=20.0 actual_max=17.7
[rosout][INFO] 2026-07-23 22:47:48,441: control target=2 agent=2 armed=2 cmd_max=20.0 actual_max=17.7
[rosout][INFO] 2026-07-23 22:47:49,041: control target=2 agent=2 armed=2 cmd_max=20.0 actual_max=17.7
[rosout][INFO] 2026-07-23 22:47:49,541: control target=2 agent=2 armed=2 cmd_max=20.0 actual_max=17.7
[rosout][INFO] 2026-07-23 22:47:50,141: control target=2 agent=2 armed=2 cmd_max=20.0 actual_max=17.7
[rosout][INFO] 2026-07-23 22:47:50,742: control target=1 agent=2 armed=2 cmd_max=20.0 actual_max=17.7
[rosout][INFO] 2026-07-23 22:47:51,341: control target=1 agent=2 armed=1 cmd_max=20.0 actual_max=17.7
[rosout][INFO] 2026-07-23 22:47:51,841: control target=1 agent=1 armed=1 cmd_max=20.0 actual_max=17.7
[rosout][INFO] 2026-07-23 22:47:52,441: control target=1 agent=1 armed=1 cmd_max=20.0 actual_max=17.7
[rosout][INFO] 2026-07-23 22:47:53,041: control target=1 agent=1 armed=1 cmd_max=20.0 actual_max=17.7
[rosout][INFO] 2026-07-23 22:47:53,541: control target=1 agent=1 armed=1 cmd_max=19.4 actual_max=17.7
[rosout][INFO] 2026-07-23 22:47:54,041: control target=1 agent=1 armed=1 cmd_max=17.7 actual_max=17.7
[rosout][INFO] 2026-07-23 22:47:54,541: control target=1 agent=1 armed=1 cmd_max=15.9 actual_max=17.7
[rosout][INFO] 2026-07-23 22:47:55,041: control target=1 agent=1 armed=1 cmd_max=14.6 actual_max=17.7
[rosout][INFO] 2026-07-23 22:47:55,641: control target=1 agent=1 armed=1 cmd_max=13.6 actual_max=17.7
[rosout][INFO] 2026-07-23 22:47:56,241: control target=1 agent=1 armed=1 cmd_max=12.8 actual_max=17.7
[rosout][INFO] 2026-07-23 22:47:56,841: control target=1 agent=1 armed=1 cmd_max=12.6 actual_max=17.7
[rosout][INFO] 2026-07-23 22:47:57,481: control target=1 agent=1 armed=1 cmd_max=15.2 actual_max=17.7
[rosout][INFO] 2026-07-23 22:47:58,041: control target=0 agent=1 armed=0 cmd_max=14.0 actual_max=17.7
[rosout][INFO] 2026-07-23 22:47:58,641: control target=0 agent=1 armed=0 cmd_max=11.1 actual_max=17.7
[rosout][INFO] 2026-07-23 22:47:59,141: control target=0 agent=0 armed=0 cmd_max=0.0 actual_max=17.7
[rosout][INFO] 2026-07-23 22:47:59,741: control target=0 agent=0 armed=0 cmd_max=0.0 actual_max=17.7
[rosout][INFO] 2026-07-23 22:47:59,841: 全部目标话题已超时，结束控制循环
[rospy.core][INFO] 2026-07-23 22:48:00,093: signal_shutdown [atexit]
[rospy.internal][INFO] 2026-07-23 22:48:00,099: topic[/rosout] removing connection to /rosout
[rospy.internal][INFO] 2026-07-23 22:48:00,100: topic[/mavros/setpoint_raw/local] removing connection to /rostrans_ros1
[rospy.internal][INFO] 2026-07-23 22:48:00,100: topic[/mavros2/setpoint_raw/local] removing connection to /rostrans_ros1
[rospy.internal][INFO] 2026-07-23 22:48:00,100: topic[/mavros3/setpoint_raw/local] removing connection to /rostrans_ros1
[rospy.internal][INFO] 2026-07-23 22:48:00,100: topic[/mavros4/setpoint_raw/local] removing connection to /rostrans_ros1
[rospy.internal][INFO] 2026-07-23 22:48:00,100: topic[/mavros5/setpoint_raw/local] removing connection to /rostrans_ros1
[rospy.internal][INFO] 2026-07-23 22:48:00,100: topic[/mavros6/setpoint_raw/local] removing connection to /rostrans_ros1
[rospy.internal][INFO] 2026-07-23 22:48:00,100: topic[/mavros7/setpoint_raw/local] removing connection to /rostrans_ros1
[rospy.internal][INFO] 2026-07-23 22:48:00,100: topic[/mavros8/setpoint_raw/local] removing connection to /rostrans_ros1
[rospy.internal][INFO] 2026-07-23 22:48:00,100: topic[/mavros9/setpoint_raw/local] removing connection to /rostrans_ros1
[rospy.internal][INFO] 2026-07-23 22:48:00,100: topic[/mavros10/setpoint_raw/local] removing connection to /rostrans_ros1
[rospy.internal][INFO] 2026-07-23 22:48:00,101: topic[/interceptor1/origin] removing connection to http://gpufree-container:41409/
[rospy.internal][INFO] 2026-07-23 22:48:00,101: topic[/mavros/local_position/odom] removing connection to http://gpufree-container:39737/
[rospy.internal][INFO] 2026-07-23 22:48:00,101: topic[/mavros/state] removing connection to http://gpufree-container:39737/
[rospy.internal][INFO] 2026-07-23 22:48:00,102: topic[/radar/target1/position] removing connection to http://gpufree-container:41409/
[rospy.internal][INFO] 2026-07-23 22:48:00,102: topic[/interceptor2/origin] removing connection to http://gpufree-container:41409/
[rospy.internal][INFO] 2026-07-23 22:48:00,102: topic[/mavros2/local_position/odom] removing connection to http://gpufree-container:39737/
[rospy.internal][INFO] 2026-07-23 22:48:00,102: topic[/mavros2/state] removing connection to http://gpufree-container:39737/
[rospy.internal][INFO] 2026-07-23 22:48:00,102: topic[/radar/target2/position] removing connection to http://gpufree-container:41409/
[rospy.internal][INFO] 2026-07-23 22:48:00,103: topic[/interceptor3/origin] removing connection to http://gpufree-container:41409/
[rospy.internal][INFO] 2026-07-23 22:48:00,103: topic[/mavros3/local_position/odom] removing connection to http://gpufree-container:39737/
[rospy.internal][INFO] 2026-07-23 22:48:00,103: topic[/mavros3/state] removing connection to http://gpufree-container:39737/
[rospy.internal][INFO] 2026-07-23 22:48:00,103: topic[/radar/target3/position] removing connection to http://gpufree-container:41409/
[rospy.internal][INFO] 2026-07-23 22:48:00,104: topic[/interceptor4/origin] removing connection to http://gpufree-container:41409/
[rospy.internal][INFO] 2026-07-23 22:48:00,104: topic[/mavros4/local_position/odom] removing connection to http://gpufree-container:39737/
[rospy.internal][INFO] 2026-07-23 22:48:00,104: topic[/mavros4/state] removing connection to http://gpufree-container:39737/
[rospy.internal][INFO] 2026-07-23 22:48:00,105: topic[/radar/target4/position] removing connection to http://gpufree-container:41409/
[rospy.internal][INFO] 2026-07-23 22:48:00,105: topic[/radar/target4/position] removing connection to http://gpufree-container:41409/
[rospy.internal][INFO] 2026-07-23 22:48:00,105: topic[/interceptor5/origin] removing connection to http://gpufree-container:41409/
[rospy.internal][INFO] 2026-07-23 22:48:00,105: topic[/mavros5/local_position/odom] removing connection to http://gpufree-container:39737/
[rospy.internal][INFO] 2026-07-23 22:48:00,105: topic[/mavros5/state] removing connection to http://gpufree-container:39737/
[rospy.internal][INFO] 2026-07-23 22:48:00,106: topic[/radar/target5/position] removing connection to http://gpufree-container:41409/
[rospy.internal][INFO] 2026-07-23 22:48:00,106: topic[/interceptor6/origin] removing connection to http://gpufree-container:41409/
[rospy.internal][INFO] 2026-07-23 22:48:00,106: topic[/mavros6/local_position/odom] removing connection to http://gpufree-container:39737/
[rospy.internal][INFO] 2026-07-23 22:48:00,106: topic[/mavros6/state] removing connection to http://gpufree-container:39737/
[rospy.internal][INFO] 2026-07-23 22:48:00,106: topic[/radar/target6/position] removing connection to http://gpufree-container:41409/
[rospy.internal][INFO] 2026-07-23 22:48:00,106: topic[/interceptor7/origin] removing connection to http://gpufree-container:41409/
[rospy.internal][INFO] 2026-07-23 22:48:00,107: topic[/mavros7/local_position/odom] removing connection to http://gpufree-container:39737/
[rospy.internal][INFO] 2026-07-23 22:48:00,107: topic[/mavros7/state] removing connection to http://gpufree-container:39737/
[rospy.internal][INFO] 2026-07-23 22:48:00,107: topic[/radar/target7/position] removing connection to http://gpufree-container:41409/
[rospy.internal][INFO] 2026-07-23 22:48:00,107: topic[/interceptor8/origin] removing connection to http://gpufree-container:41409/
[rospy.internal][INFO] 2026-07-23 22:48:00,107: topic[/mavros8/local_position/odom] removing connection to http://gpufree-container:39737/
[rospy.internal][INFO] 2026-07-23 22:48:00,108: topic[/mavros8/state] removing connection to http://gpufree-container:39737/
[rospy.internal][INFO] 2026-07-23 22:48:00,108: topic[/radar/target8/position] removing connection to http://gpufree-container:41409/
[rospy.internal][INFO] 2026-07-23 22:48:00,108: topic[/interceptor9/origin] removing connection to http://gpufree-container:41409/
[rospy.internal][INFO] 2026-07-23 22:48:00,108: topic[/interceptor9/origin] removing connection to http://gpufree-container:41409/
[rospy.internal][INFO] 2026-07-23 22:48:00,108: topic[/mavros9/local_position/odom] removing connection to http://gpufree-container:39737/
[rospy.internal][INFO] 2026-07-23 22:48:00,109: topic[/mavros9/state] removing connection to http://gpufree-container:39737/
[rospy.internal][INFO] 2026-07-23 22:48:00,109: topic[/radar/target9/position] removing connection to http://gpufree-container:41409/
[rospy.internal][INFO] 2026-07-23 22:48:00,109: topic[/interceptor10/origin] removing connection to http://gpufree-container:41409/
[rospy.internal][INFO] 2026-07-23 22:48:00,109: topic[/mavros10/local_position/odom] removing connection to http://gpufree-container:39737/
[rospy.internal][INFO] 2026-07-23 22:48:00,109: topic[/mavros10/state] removing connection to http://gpufree-container:39737/
[rospy.internal][INFO] 2026-07-23 22:48:00,109: topic[/radar/target10/position] removing connection to http://gpufree-container:41409/
[rospy.impl.masterslave][INFO] 2026-07-23 22:48:00,110: atexit
[rospy.client][INFO] 2026-07-23 23:20:06,883: init_node, name[/zhuoyi_10v10_controller], pid[3421935]
[xmlrpc][INFO] 2026-07-23 23:20:06,933: XML-RPC server binding to 0.0.0.0:0
[xmlrpc][INFO] 2026-07-23 23:20:06,933: Started XML-RPC server [http://gpufree-container:36075/]
[rospy.init][INFO] 2026-07-23 23:20:06,933: ROS Slave URI: [http://gpufree-container:36075/]
[rospy.impl.masterslave][INFO] 2026-07-23 23:20:06,933: _ready: http://gpufree-container:36075/
[rospy.registration][INFO] 2026-07-23 23:20:06,933: Registering with master node http://localhost:11311
[xmlrpc][INFO] 2026-07-23 23:20:06,933: xml rpc node: starting XML-RPC server
[rospy.init][INFO] 2026-07-23 23:20:07,033: registered with master
[rospy.rosout][INFO] 2026-07-23 23:20:07,034: initializing /rosout core topic
[rospy.rosout][INFO] 2026-07-23 23:20:07,036: connected to core topic /rosout
[rospy.simtime][INFO] 2026-07-23 23:20:07,037: /use_sim_time is not set, will not subscribe to simulated time [/clock] topic
[rospy.internal][INFO] 2026-07-23 23:20:07,042: topic[/interceptor1/origin] adding connection to [http://gpufree-container:43623/], count 0
[rospy.internal][INFO] 2026-07-23 23:20:07,043: topic[/mavros/local_position/odom] adding connection to [http://gpufree-container:34793/], count 0
[rospy.internal][INFO] 2026-07-23 23:20:07,044: topic[/mavros/state] adding connection to [http://gpufree-container:34793/], count 0
[rospy.internal][INFO] 2026-07-23 23:20:07,046: topic[/radar/target1/position] adding connection to [http://gpufree-container:43623/], count 0
[rospy.internal][INFO] 2026-07-23 23:20:07,048: topic[/mavros2/local_position/odom] adding connection to [http://gpufree-container:34793/], count 0
[rospy.internal][INFO] 2026-07-23 23:20:07,049: topic[/interceptor2/origin] adding connection to [http://gpufree-container:43623/], count 0
[rospy.internal][INFO] 2026-07-23 23:20:07,051: topic[/mavros2/state] adding connection to [http://gpufree-container:34793/], count 0
[rospy.internal][INFO] 2026-07-23 23:20:07,051: topic[/radar/target2/position] adding connection to [http://gpufree-container:43623/], count 0
[rospy.internal][INFO] 2026-07-23 23:20:07,053: topic[/mavros3/local_position/odom] adding connection to [http://gpufree-container:34793/], count 0
[rospy.internal][INFO] 2026-07-23 23:20:07,054: topic[/interceptor3/origin] adding connection to [http://gpufree-container:43623/], count 0
[rospy.internal][INFO] 2026-07-23 23:20:07,055: topic[/mavros3/state] adding connection to [http://gpufree-container:34793/], count 0
[rospy.internal][INFO] 2026-07-23 23:20:07,057: topic[/radar/target3/position] adding connection to [http://gpufree-container:43623/], count 0
[rospy.internal][INFO] 2026-07-23 23:20:07,058: topic[/interceptor4/origin] adding connection to [http://gpufree-container:43623/], count 0
[rospy.internal][INFO] 2026-07-23 23:20:07,059: topic[/mavros4/local_position/odom] adding connection to [http://gpufree-container:34793/], count 0
[rospy.internal][INFO] 2026-07-23 23:20:07,061: topic[/mavros4/state] adding connection to [http://gpufree-container:34793/], count 0
[rospy.internal][INFO] 2026-07-23 23:20:07,062: topic[/radar/target4/position] adding connection to [http://gpufree-container:43623/], count 0
[rospy.internal][INFO] 2026-07-23 23:20:07,064: topic[/interceptor5/origin] adding connection to [http://gpufree-container:43623/], count 0
[rospy.internal][INFO] 2026-07-23 23:20:07,065: topic[/mavros5/local_position/odom] adding connection to [http://gpufree-container:34793/], count 0
[rospy.internal][INFO] 2026-07-23 23:20:07,066: topic[/mavros5/state] adding connection to [http://gpufree-container:34793/], count 0
[rospy.internal][INFO] 2026-07-23 23:20:07,068: topic[/radar/target5/position] adding connection to [http://gpufree-container:43623/], count 0
[rospy.internal][INFO] 2026-07-23 23:20:07,069: topic[/interceptor6/origin] adding connection to [http://gpufree-container:43623/], count 0
[rospy.internal][INFO] 2026-07-23 23:20:07,070: topic[/mavros6/local_position/odom] adding connection to [http://gpufree-container:34793/], count 0
[rospy.internal][INFO] 2026-07-23 23:20:07,071: topic[/mavros6/state] adding connection to [http://gpufree-container:34793/], count 0
[rospy.internal][INFO] 2026-07-23 23:20:07,073: topic[/radar/target6/position] adding connection to [http://gpufree-container:43623/], count 0
[rospy.internal][INFO] 2026-07-23 23:20:07,075: topic[/interceptor7/origin] adding connection to [http://gpufree-container:43623/], count 0
[rospy.internal][INFO] 2026-07-23 23:20:07,076: topic[/mavros7/local_position/odom] adding connection to [http://gpufree-container:34793/], count 0
[rospy.internal][INFO] 2026-07-23 23:20:07,077: topic[/mavros7/state] adding connection to [http://gpufree-container:34793/], count 0
[rospy.internal][INFO] 2026-07-23 23:20:07,079: topic[/radar/target7/position] adding connection to [http://gpufree-container:43623/], count 0
[rospy.internal][INFO] 2026-07-23 23:20:07,081: topic[/interceptor8/origin] adding connection to [http://gpufree-container:43623/], count 0
[rospy.internal][INFO] 2026-07-23 23:20:07,082: topic[/mavros8/local_position/odom] adding connection to [http://gpufree-container:34793/], count 0
[rospy.internal][INFO] 2026-07-23 23:20:07,084: topic[/mavros8/state] adding connection to [http://gpufree-container:34793/], count 0
[rospy.internal][INFO] 2026-07-23 23:20:07,086: topic[/radar/target8/position] adding connection to [http://gpufree-container:43623/], count 0
[rospy.internal][INFO] 2026-07-23 23:20:07,088: topic[/interceptor9/origin] adding connection to [http://gpufree-container:43623/], count 0
[rospy.internal][INFO] 2026-07-23 23:20:07,089: topic[/mavros9/local_position/odom] adding connection to [http://gpufree-container:34793/], count 0
[rospy.internal][INFO] 2026-07-23 23:20:07,090: topic[/mavros9/state] adding connection to [http://gpufree-container:34793/], count 0
[rospy.internal][INFO] 2026-07-23 23:20:07,092: topic[/radar/target9/position] adding connection to [http://gpufree-container:43623/], count 0
[rospy.internal][INFO] 2026-07-23 23:20:07,095: topic[/interceptor10/origin] adding connection to [http://gpufree-container:43623/], count 0
[rospy.internal][INFO] 2026-07-23 23:20:07,096: topic[/mavros10/local_position/odom] adding connection to [http://gpufree-container:34793/], count 0
[rospy.internal][INFO] 2026-07-23 23:20:07,097: topic[/mavros10/state] adding connection to [http://gpufree-container:34793/], count 0
[rosout][INFO] 2026-07-23 23:20:07,098: 等待公开话题 origin=9/10 odom=9/10 state=0/10 target=8/10
[rospy.internal][INFO] 2026-07-23 23:20:07,099: topic[/radar/target10/position] adding connection to [http://gpufree-container:43623/], count 0
[rospy.internal][INFO] 2026-07-23 23:20:07,285: topic[/rosout] adding connection to [/rosout], count 0
[rospy.internal][INFO] 2026-07-23 23:20:07,285: topic[/mavros2/setpoint_raw/local] adding connection to [/rostrans_ros1], count 0
[rospy.internal][INFO] 2026-07-23 23:20:07,286: topic[/mavros3/setpoint_raw/local] adding connection to [/rostrans_ros1], count 0
[rospy.internal][INFO] 2026-07-23 23:20:07,287: topic[/mavros4/setpoint_raw/local] adding connection to [/rostrans_ros1], count 0
[rospy.internal][INFO] 2026-07-23 23:20:07,287: topic[/mavros5/setpoint_raw/local] adding connection to [/rostrans_ros1], count 0
[rospy.internal][INFO] 2026-07-23 23:20:07,287: topic[/mavros6/setpoint_raw/local] adding connection to [/rostrans_ros1], count 0
[rospy.internal][INFO] 2026-07-23 23:20:07,288: topic[/mavros7/setpoint_raw/local] adding connection to [/rostrans_ros1], count 0
[rospy.internal][INFO] 2026-07-23 23:20:07,288: topic[/mavros8/setpoint_raw/local] adding connection to [/rostrans_ros1], count 0
[rospy.internal][INFO] 2026-07-23 23:20:07,288: topic[/mavros/setpoint_raw/local] adding connection to [/rostrans_ros1], count 0
[rosout][INFO] 2026-07-23 23:20:07,298: 公开话题已就绪 origin=10 odom=10 state=10 target=10
[rosout][INFO] 2026-07-23 23:20:07,299: 预热 10 路设定点流 2.0 秒
[rospy.internal][INFO] 2026-07-23 23:20:07,388: topic[/mavros9/setpoint_raw/local] adding connection to [/rostrans_ros1], count 0
[rospy.internal][INFO] 2026-07-23 23:20:07,388: topic[/mavros10/setpoint_raw/local] adding connection to [/rostrans_ros1], count 0
[rosout][INFO] 2026-07-23 23:20:09,327: 并发解锁 retry=1 armed=0/10 offboard=0/10 service_ok=10/10
[rosout][INFO] 2026-07-23 23:20:09,753: 并发解锁 retry=2 armed=10/10 offboard=10/10 service_ok=10/10
[rosout][INFO] 2026-07-23 23:20:09,757: control target=10 agent=10 armed=10 cmd_max=0.0 actual_max=0.0
[rosout][INFO] 2026-07-23 23:20:10,257: control target=10 agent=10 armed=10 cmd_max=2.5 actual_max=1.8
[rosout][INFO] 2026-07-23 23:20:10,857: control target=10 agent=10 armed=10 cmd_max=4.4 actual_max=3.1
[rosout][INFO] 2026-07-23 23:20:11,457: control target=10 agent=10 armed=10 cmd_max=6.9 actual_max=4.9
[rosout][INFO] 2026-07-23 23:20:12,057: control target=10 agent=10 armed=10 cmd_max=9.7 actual_max=7.6
[rosout][INFO] 2026-07-23 23:20:12,557: control target=10 agent=10 armed=10 cmd_max=12.1 actual_max=9.9
[rosout][INFO] 2026-07-23 23:20:13,157: control target=10 agent=10 armed=10 cmd_max=15.1 actual_max=12.7
[rosout][INFO] 2026-07-23 23:20:13,657: control target=10 agent=10 armed=10 cmd_max=17.5 actual_max=15.0
[rosout][INFO] 2026-07-23 23:20:14,157: control target=10 agent=10 armed=10 cmd_max=20.0 actual_max=16.0
[rosout][INFO] 2026-07-23 23:20:14,758: control target=10 agent=10 armed=10 cmd_max=20.0 actual_max=16.5
[rosout][INFO] 2026-07-23 23:20:15,257: control target=10 agent=10 armed=10 cmd_max=20.0 actual_max=16.9
[rosout][INFO] 2026-07-23 23:20:15,857: control target=10 agent=10 armed=10 cmd_max=20.0 actual_max=17.2
[rosout][INFO] 2026-07-23 23:20:16,357: control target=10 agent=10 armed=10 cmd_max=20.0 actual_max=17.5
[rosout][INFO] 2026-07-23 23:20:16,957: control target=10 agent=10 armed=10 cmd_max=20.0 actual_max=17.8
[rosout][INFO] 2026-07-23 23:20:17,556: control target=10 agent=10 armed=10 cmd_max=20.0 actual_max=18.1
[rosout][INFO] 2026-07-23 23:20:18,157: control target=10 agent=10 armed=10 cmd_max=20.0 actual_max=18.3
[rosout][INFO] 2026-07-23 23:20:18,756: control target=10 agent=10 armed=10 cmd_max=20.0 actual_max=18.6
[rosout][INFO] 2026-07-23 23:20:19,256: control target=10 agent=10 armed=10 cmd_max=20.0 actual_max=18.8
[rosout][INFO] 2026-07-23 23:20:19,756: control target=10 agent=10 armed=10 cmd_max=20.0 actual_max=19.0
[rosout][INFO] 2026-07-23 23:20:20,356: control target=10 agent=10 armed=10 cmd_max=20.0 actual_max=19.2
[rosout][INFO] 2026-07-23 23:20:20,856: control target=10 agent=10 armed=10 cmd_max=20.0 actual_max=19.3
[rosout][INFO] 2026-07-23 23:20:21,356: control target=10 agent=10 armed=10 cmd_max=20.0 actual_max=19.5
[rosout][INFO] 2026-07-23 23:20:21,856: control target=10 agent=10 armed=10 cmd_max=20.0 actual_max=19.6
[rosout][INFO] 2026-07-23 23:20:22,457: control target=10 agent=10 armed=10 cmd_max=20.0 actual_max=19.6
[rosout][INFO] 2026-07-23 23:20:23,056: control target=10 agent=10 armed=10 cmd_max=20.0 actual_max=19.6
[rosout][INFO] 2026-07-23 23:20:23,556: control target=10 agent=10 armed=10 cmd_max=20.0 actual_max=19.7
[rosout][INFO] 2026-07-23 23:20:24,157: control target=10 agent=10 armed=10 cmd_max=20.0 actual_max=20.1
[rosout][INFO] 2026-07-23 23:20:24,657: control target=10 agent=10 armed=10 cmd_max=20.0 actual_max=19.8
[rosout][INFO] 2026-07-23 23:20:25,256: control target=10 agent=10 armed=10 cmd_max=20.0 actual_max=19.9
[rosout][INFO] 2026-07-23 23:20:25,856: control target=10 agent=10 armed=10 cmd_max=20.0 actual_max=19.9
[rosout][INFO] 2026-07-23 23:20:26,356: control target=10 agent=10 armed=10 cmd_max=20.0 actual_max=20.4
[rosout][INFO] 2026-07-23 23:20:26,957: control target=10 agent=10 armed=10 cmd_max=20.0 actual_max=19.9
[rosout][INFO] 2026-07-23 23:20:27,557: control target=10 agent=10 armed=10 cmd_max=20.0 actual_max=20.0
[rosout][INFO] 2026-07-23 23:20:28,056: control target=10 agent=10 armed=10 cmd_max=20.0 actual_max=20.0
[rosout][INFO] 2026-07-23 23:20:28,657: control target=10 agent=10 armed=10 cmd_max=20.0 actual_max=20.0
[rosout][INFO] 2026-07-23 23:20:29,256: control target=10 agent=10 armed=10 cmd_max=20.0 actual_max=20.0
[rosout][INFO] 2026-07-23 23:20:29,857: control target=10 agent=10 armed=10 cmd_max=20.0 actual_max=20.0
[rosout][INFO] 2026-07-23 23:20:30,356: control target=10 agent=10 armed=10 cmd_max=20.0 actual_max=20.0
[rosout][INFO] 2026-07-23 23:20:30,856: control target=10 agent=10 armed=10 cmd_max=20.0 actual_max=20.0
[rosout][INFO] 2026-07-23 23:20:31,457: control target=10 agent=10 armed=10 cmd_max=20.0 actual_max=20.0
[rosout][INFO] 2026-07-23 23:20:31,957: control target=10 agent=10 armed=10 cmd_max=20.0 actual_max=20.0
[rosout][INFO] 2026-07-23 23:20:32,557: control target=10 agent=10 armed=10 cmd_max=20.0 actual_max=20.0
[rosout][INFO] 2026-07-23 23:20:33,157: control target=10 agent=10 armed=10 cmd_max=20.0 actual_max=20.0
[rosout][INFO] 2026-07-23 23:20:33,756: control target=10 agent=10 armed=10 cmd_max=20.0 actual_max=20.0
[rosout][INFO] 2026-07-23 23:20:34,256: control target=10 agent=10 armed=10 cmd_max=20.0 actual_max=20.0
[rosout][INFO] 2026-07-23 23:20:34,756: control target=10 agent=10 armed=10 cmd_max=20.0 actual_max=19.9
[rosout][INFO] 2026-07-23 23:20:35,356: control target=10 agent=10 armed=10 cmd_max=20.0 actual_max=19.9
[rosout][INFO] 2026-07-23 23:20:35,857: control target=10 agent=10 armed=10 cmd_max=20.0 actual_max=20.0
[rosout][INFO] 2026-07-23 23:20:36,457: control target=10 agent=10 armed=10 cmd_max=20.0 actual_max=20.0
[rosout][INFO] 2026-07-23 23:20:37,057: control target=10 agent=10 armed=10 cmd_max=20.0 actual_max=19.9
[rosout][INFO] 2026-07-23 23:20:37,656: control target=10 agent=10 armed=10 cmd_max=20.0 actual_max=19.9
[rosout][INFO] 2026-07-23 23:20:38,257: control target=10 agent=10 armed=10 cmd_max=20.0 actual_max=19.7
[rosout][INFO] 2026-07-23 23:20:38,756: control target=10 agent=10 armed=10 cmd_max=20.0 actual_max=19.5
[rosout][INFO] 2026-07-23 23:20:39,357: control target=10 agent=10 armed=10 cmd_max=20.0 actual_max=19.4
[rosout][INFO] 2026-07-23 23:20:39,857: control target=10 agent=10 armed=10 cmd_max=20.0 actual_max=19.4
[rosout][INFO] 2026-07-23 23:20:40,457: control target=10 agent=10 armed=10 cmd_max=20.0 actual_max=19.4
[rosout][INFO] 2026-07-23 23:20:41,057: control target=10 agent=10 armed=10 cmd_max=20.0 actual_max=19.6
[rosout][INFO] 2026-07-23 23:20:41,557: control target=10 agent=10 armed=10 cmd_max=20.0 actual_max=19.5
[rosout][INFO] 2026-07-23 23:20:42,157: control target=10 agent=10 armed=10 cmd_max=20.0 actual_max=19.4
[rosout][INFO] 2026-07-23 23:20:42,757: control target=10 agent=10 armed=10 cmd_max=20.0 actual_max=19.0
[rosout][INFO] 2026-07-23 23:20:43,357: control target=10 agent=10 armed=10 cmd_max=20.0 actual_max=19.1
[rosout][INFO] 2026-07-23 23:20:43,957: control target=10 agent=10 armed=10 cmd_max=20.0 actual_max=19.5
[rosout][INFO] 2026-07-23 23:20:44,557: control target=10 agent=10 armed=10 cmd_max=20.0 actual_max=19.8
[rosout][INFO] 2026-07-23 23:20:45,057: control target=10 agent=10 armed=10 cmd_max=20.0 actual_max=19.8
[rosout][INFO] 2026-07-23 23:20:45,657: control target=10 agent=10 armed=10 cmd_max=20.0 actual_max=19.7
[rosout][INFO] 2026-07-23 23:20:46,157: control target=10 agent=10 armed=10 cmd_max=20.0 actual_max=19.7
[rosout][INFO] 2026-07-23 23:20:46,657: control target=10 agent=10 armed=10 cmd_max=20.0 actual_max=19.6
[rosout][INFO] 2026-07-23 23:20:47,257: control target=10 agent=10 armed=10 cmd_max=20.0 actual_max=19.6
[rosout][INFO] 2026-07-23 23:20:47,757: control target=10 agent=10 armed=10 cmd_max=20.0 actual_max=19.7
[rosout][INFO] 2026-07-23 23:20:48,257: control target=10 agent=10 armed=10 cmd_max=20.0 actual_max=19.7
[rosout][INFO] 2026-07-23 23:20:48,857: control target=10 agent=10 armed=10 cmd_max=20.0 actual_max=19.8
[rosout][INFO] 2026-07-23 23:20:49,357: control target=10 agent=10 armed=10 cmd_max=20.0 actual_max=19.8
[rosout][INFO] 2026-07-23 23:20:49,957: control target=10 agent=10 armed=10 cmd_max=20.0 actual_max=19.8
[rosout][INFO] 2026-07-23 23:20:50,557: control target=10 agent=10 armed=10 cmd_max=20.0 actual_max=19.7
[rosout][INFO] 2026-07-23 23:20:51,157: control target=10 agent=10 armed=10 cmd_max=20.0 actual_max=19.5
[rosout][INFO] 2026-07-23 23:20:51,657: control target=10 agent=10 armed=10 cmd_max=20.0 actual_max=19.4
[rosout][INFO] 2026-07-23 23:20:52,156: control target=10 agent=10 armed=10 cmd_max=20.0 actual_max=19.5
[rosout][INFO] 2026-07-23 23:20:52,757: control target=10 agent=10 armed=10 cmd_max=20.0 actual_max=19.6
[rosout][INFO] 2026-07-23 23:20:53,357: control target=10 agent=10 armed=10 cmd_max=20.0 actual_max=19.7
[rosout][INFO] 2026-07-23 23:20:53,957: control target=10 agent=10 armed=10 cmd_max=20.0 actual_max=19.6
[rosout][INFO] 2026-07-23 23:20:54,557: control target=10 agent=10 armed=10 cmd_max=20.0 actual_max=19.4
[rosout][INFO] 2026-07-23 23:20:55,057: control target=10 agent=10 armed=10 cmd_max=20.0 actual_max=19.4
[rosout][INFO] 2026-07-23 23:20:55,557: control target=10 agent=10 armed=10 cmd_max=20.0 actual_max=19.5
[rosout][INFO] 2026-07-23 23:20:56,157: control target=10 agent=10 armed=10 cmd_max=20.0 actual_max=19.6
[rosout][INFO] 2026-07-23 23:20:56,657: control target=10 agent=10 armed=10 cmd_max=20.0 actual_max=19.6
[rosout][INFO] 2026-07-23 23:20:57,257: control target=10 agent=10 armed=10 cmd_max=20.0 actual_max=19.5
[rosout][INFO] 2026-07-23 23:20:57,757: control target=10 agent=10 armed=10 cmd_max=20.0 actual_max=19.4
[rosout][INFO] 2026-07-23 23:20:58,256: control target=10 agent=10 armed=10 cmd_max=20.0 actual_max=19.5
[rosout][INFO] 2026-07-23 23:20:58,857: control target=10 agent=10 armed=10 cmd_max=20.0 actual_max=20.0
[rosout][INFO] 2026-07-23 23:20:59,457: control target=10 agent=10 armed=10 cmd_max=20.0 actual_max=19.7
[rosout][INFO] 2026-07-23 23:21:00,057: control target=10 agent=10 armed=10 cmd_max=20.0 actual_max=19.7
[rosout][INFO] 2026-07-23 23:21:00,557: control target=10 agent=10 armed=10 cmd_max=20.0 actual_max=19.4
[rosout][INFO] 2026-07-23 23:21:01,157: control target=10 agent=10 armed=10 cmd_max=20.0 actual_max=19.2
[rosout][INFO] 2026-07-23 23:21:01,656: control target=10 agent=10 armed=10 cmd_max=20.0 actual_max=19.1
[rosout][INFO] 2026-07-23 23:21:02,257: control target=10 agent=10 armed=10 cmd_max=20.0 actual_max=18.9
[rosout][INFO] 2026-07-23 23:21:02,757: control target=10 agent=10 armed=10 cmd_max=20.0 actual_max=18.7
[rosout][INFO] 2026-07-23 23:21:03,357: control target=10 agent=10 armed=10 cmd_max=20.0 actual_max=19.2
[rosout][INFO] 2026-07-23 23:21:03,857: control target=10 agent=10 armed=10 cmd_max=20.0 actual_max=19.5
[rosout][INFO] 2026-07-23 23:21:04,457: control target=10 agent=10 armed=10 cmd_max=20.0 actual_max=19.6
[rosout][INFO] 2026-07-23 23:21:04,957: control target=10 agent=10 armed=10 cmd_max=20.0 actual_max=20.0
[rosout][INFO] 2026-07-23 23:21:05,557: control target=10 agent=10 armed=10 cmd_max=20.0 actual_max=19.8
[rosout][INFO] 2026-07-23 23:21:06,056: control target=10 agent=10 armed=10 cmd_max=20.0 actual_max=20.1
[rosout][INFO] 2026-07-23 23:21:06,657: control target=10 agent=10 armed=10 cmd_max=20.0 actual_max=19.7
[rosout][INFO] 2026-07-23 23:21:07,157: control target=10 agent=10 armed=10 cmd_max=20.0 actual_max=19.6
[rosout][INFO] 2026-07-23 23:21:07,656: control target=10 agent=10 armed=10 cmd_max=20.0 actual_max=19.8
[rosout][INFO] 2026-07-23 23:21:08,256: control target=10 agent=10 armed=10 cmd_max=20.0 actual_max=19.5
[rosout][INFO] 2026-07-23 23:21:08,857: control target=10 agent=10 armed=10 cmd_max=20.0 actual_max=19.6
[rosout][INFO] 2026-07-23 23:21:09,456: control target=10 agent=10 armed=10 cmd_max=19.9 actual_max=19.8
[rosout][INFO] 2026-07-23 23:21:10,056: control target=10 agent=10 armed=10 cmd_max=19.8 actual_max=19.8
[rosout][INFO] 2026-07-23 23:21:10,556: control target=10 agent=10 armed=10 cmd_max=19.4 actual_max=19.7
[rosout][INFO] 2026-07-23 23:21:11,156: control target=10 agent=10 armed=10 cmd_max=19.4 actual_max=18.7
[rosout][INFO] 2026-07-23 23:21:11,756: control target=10 agent=10 armed=10 cmd_max=19.9 actual_max=18.6
[rosout][INFO] 2026-07-23 23:21:12,256: control target=10 agent=10 armed=10 cmd_max=20.0 actual_max=19.2
[rosout][INFO] 2026-07-23 23:21:12,757: control target=10 agent=10 armed=10 cmd_max=19.8 actual_max=19.6
[rosout][INFO] 2026-07-23 23:21:13,356: control target=10 agent=10 armed=10 cmd_max=20.0 actual_max=18.5
[rosout][INFO] 2026-07-23 23:21:13,956: control target=10 agent=10 armed=10 cmd_max=20.0 actual_max=19.4
[rosout][INFO] 2026-07-23 23:21:14,456: control target=10 agent=10 armed=10 cmd_max=20.0 actual_max=19.2
[rosout][INFO] 2026-07-23 23:21:15,056: control target=10 agent=10 armed=10 cmd_max=20.0 actual_max=19.2
[rosout][INFO] 2026-07-23 23:21:15,556: control target=10 agent=10 armed=10 cmd_max=20.0 actual_max=19.1
[rosout][INFO] 2026-07-23 23:21:16,156: control target=10 agent=10 armed=10 cmd_max=20.0 actual_max=19.0
[rosout][INFO] 2026-07-23 23:21:16,757: control target=10 agent=10 armed=10 cmd_max=20.0 actual_max=18.4
[rosout][INFO] 2026-07-23 23:21:17,356: control target=10 agent=10 armed=10 cmd_max=20.0 actual_max=17.0
[rosout][INFO] 2026-07-23 23:21:17,956: control target=10 agent=10 armed=10 cmd_max=20.0 actual_max=16.4
[rosout][INFO] 2026-07-23 23:21:18,456: control target=10 agent=10 armed=10 cmd_max=20.0 actual_max=15.8
[rosout][INFO] 2026-07-23 23:21:18,956: control target=10 agent=10 armed=10 cmd_max=20.0 actual_max=15.3
[rosout][INFO] 2026-07-23 23:21:19,456: control target=10 agent=10 armed=10 cmd_max=20.0 actual_max=14.9
[rosout][INFO] 2026-07-23 23:21:20,056: control target=10 agent=10 armed=10 cmd_max=20.0 actual_max=14.5
[rosout][INFO] 2026-07-23 23:21:20,656: control target=10 agent=10 armed=10 cmd_max=20.0 actual_max=14.8
[rosout][INFO] 2026-07-23 23:21:21,156: control target=10 agent=10 armed=10 cmd_max=20.0 actual_max=15.2
[rosout][INFO] 2026-07-23 23:21:21,656: control target=10 agent=10 armed=10 cmd_max=20.0 actual_max=15.6
[rosout][INFO] 2026-07-23 23:21:22,156: control target=10 agent=10 armed=10 cmd_max=20.0 actual_max=16.2
[rosout][INFO] 2026-07-23 23:21:22,756: control target=10 agent=10 armed=10 cmd_max=20.0 actual_max=16.9
[rosout][INFO] 2026-07-23 23:21:23,256: control target=10 agent=10 armed=10 cmd_max=20.0 actual_max=17.6
[rosout][INFO] 2026-07-23 23:21:23,856: control target=10 agent=10 armed=10 cmd_max=20.0 actual_max=18.6
[rosout][INFO] 2026-07-23 23:21:24,456: control target=10 agent=10 armed=10 cmd_max=20.0 actual_max=19.5
[rosout][INFO] 2026-07-23 23:21:24,957: control target=10 agent=10 armed=10 cmd_max=20.0 actual_max=19.4
[rosout][INFO] 2026-07-23 23:21:25,556: control target=10 agent=10 armed=10 cmd_max=20.0 actual_max=19.7
[rosout][INFO] 2026-07-23 23:21:26,156: control target=10 agent=10 armed=10 cmd_max=20.0 actual_max=19.8
[rosout][INFO] 2026-07-23 23:21:26,756: control target=10 agent=10 armed=10 cmd_max=20.0 actual_max=20.2
[rosout][INFO] 2026-07-23 23:21:27,256: control target=10 agent=10 armed=10 cmd_max=20.0 actual_max=19.7
[rosout][INFO] 2026-07-23 23:21:27,856: control target=10 agent=10 armed=10 cmd_max=20.0 actual_max=19.2
[rosout][INFO] 2026-07-23 23:21:28,457: control target=10 agent=10 armed=10 cmd_max=20.0 actual_max=19.2
[rosout][INFO] 2026-07-23 23:21:29,056: control target=10 agent=10 armed=10 cmd_max=20.0 actual_max=19.8
[rosout][INFO] 2026-07-23 23:21:29,656: control target=10 agent=10 armed=10 cmd_max=20.0 actual_max=19.7
[rosout][INFO] 2026-07-23 23:21:30,156: control target=9 agent=9 armed=10 cmd_max=20.0 actual_max=19.1
[rosout][INFO] 2026-07-23 23:21:30,756: control target=9 agent=9 armed=9 cmd_max=20.0 actual_max=18.1
[rosout][INFO] 2026-07-23 23:21:31,356: control target=9 agent=9 armed=9 cmd_max=20.0 actual_max=19.5
[rosout][INFO] 2026-07-23 23:21:31,856: control target=9 agent=9 armed=9 cmd_max=20.0 actual_max=19.5
[rosout][INFO] 2026-07-23 23:21:32,356: control target=9 agent=9 armed=9 cmd_max=20.0 actual_max=19.5
[rosout][INFO] 2026-07-23 23:21:32,956: control target=9 agent=9 armed=9 cmd_max=20.0 actual_max=19.9
[rosout][INFO] 2026-07-23 23:21:33,556: control target=9 agent=9 armed=9 cmd_max=20.0 actual_max=19.9
[rosout][INFO] 2026-07-23 23:21:34,056: control target=9 agent=9 armed=9 cmd_max=20.0 actual_max=19.9
[rosout][INFO] 2026-07-23 23:21:34,556: control target=9 agent=9 armed=9 cmd_max=20.0 actual_max=19.9
[rosout][INFO] 2026-07-23 23:21:35,056: control target=9 agent=9 armed=9 cmd_max=20.0 actual_max=19.9
[rosout][INFO] 2026-07-23 23:21:35,557: control target=9 agent=9 armed=9 cmd_max=20.0 actual_max=19.9
[rosout][INFO] 2026-07-23 23:21:36,156: control target=9 agent=9 armed=9 cmd_max=20.0 actual_max=19.8
[rosout][INFO] 2026-07-23 23:21:36,756: control target=9 agent=9 armed=9 cmd_max=20.0 actual_max=19.8
[rosout][INFO] 2026-07-23 23:21:37,256: control target=9 agent=9 armed=9 cmd_max=20.0 actual_max=19.8
[rosout][INFO] 2026-07-23 23:21:37,756: control target=9 agent=9 armed=9 cmd_max=20.0 actual_max=19.8
[rosout][INFO] 2026-07-23 23:21:38,356: control target=9 agent=9 armed=9 cmd_max=20.0 actual_max=19.7
[rosout][INFO] 2026-07-23 23:21:38,856: control target=9 agent=9 armed=9 cmd_max=20.0 actual_max=19.7
[rosout][INFO] 2026-07-23 23:21:39,356: control target=9 agent=9 armed=9 cmd_max=20.0 actual_max=19.7
[rosout][INFO] 2026-07-23 23:21:39,956: control target=9 agent=9 armed=9 cmd_max=20.0 actual_max=19.7
[rosout][INFO] 2026-07-23 23:21:40,456: control target=9 agent=9 armed=9 cmd_max=20.0 actual_max=19.7
[rosout][INFO] 2026-07-23 23:21:41,056: control target=9 agent=9 armed=9 cmd_max=20.0 actual_max=19.7
[rosout][INFO] 2026-07-23 23:21:41,656: control target=9 agent=9 armed=9 cmd_max=20.0 actual_max=19.7
[rosout][INFO] 2026-07-23 23:21:42,156: control target=9 agent=9 armed=9 cmd_max=20.0 actual_max=19.8
[rosout][INFO] 2026-07-23 23:21:42,656: control target=9 agent=9 armed=9 cmd_max=20.0 actual_max=19.7
[rosout][INFO] 2026-07-23 23:21:43,156: control target=9 agent=9 armed=9 cmd_max=20.0 actual_max=19.6
[rosout][INFO] 2026-07-23 23:21:43,756: control target=9 agent=9 armed=9 cmd_max=20.0 actual_max=19.5
[rosout][INFO] 2026-07-23 23:21:44,256: control target=9 agent=9 armed=9 cmd_max=20.0 actual_max=19.4
[rosout][INFO] 2026-07-23 23:21:44,856: control target=8 agent=8 armed=8 cmd_max=20.0 actual_max=19.2
[rosout][INFO] 2026-07-23 23:21:45,456: control target=8 agent=8 armed=8 cmd_max=20.0 actual_max=19.0
[rosout][INFO] 2026-07-23 23:21:46,056: control target=8 agent=8 armed=8 cmd_max=20.0 actual_max=19.0
[rosout][INFO] 2026-07-23 23:21:46,556: control target=8 agent=8 armed=8 cmd_max=20.0 actual_max=19.0
[rosout][INFO] 2026-07-23 23:21:47,156: control target=7 agent=7 armed=8 cmd_max=20.0 actual_max=19.0
[rosout][INFO] 2026-07-23 23:21:47,756: control target=7 agent=7 armed=7 cmd_max=20.0 actual_max=19.0
[rosout][INFO] 2026-07-23 23:21:48,356: control target=7 agent=7 armed=7 cmd_max=19.9 actual_max=19.0
[rosout][INFO] 2026-07-23 23:21:48,857: control target=7 agent=7 armed=7 cmd_max=19.4 actual_max=19.0
[rosout][INFO] 2026-07-23 23:21:49,356: control target=7 agent=7 armed=7 cmd_max=19.6 actual_max=19.0
[rosout][INFO] 2026-07-23 23:21:49,956: control target=7 agent=7 armed=7 cmd_max=20.0 actual_max=20.1
[rosout][INFO] 2026-07-23 23:21:50,480: control target=7 agent=7 armed=7 cmd_max=20.0 actual_max=19.6
[rosout][INFO] 2026-07-23 23:21:50,982: control target=7 agent=7 armed=7 cmd_max=20.0 actual_max=19.6
[rosout][INFO] 2026-07-23 23:21:51,556: control target=7 agent=7 armed=7 cmd_max=20.0 actual_max=19.4
[rosout][INFO] 2026-07-23 23:21:52,156: control target=7 agent=7 armed=7 cmd_max=20.0 actual_max=19.4
[rosout][INFO] 2026-07-23 23:21:52,756: control target=7 agent=7 armed=7 cmd_max=19.9 actual_max=19.3
[rosout][INFO] 2026-07-23 23:21:53,356: control target=7 agent=7 armed=7 cmd_max=20.0 actual_max=19.1
[rosout][INFO] 2026-07-23 23:21:53,856: control target=7 agent=7 armed=7 cmd_max=20.0 actual_max=19.3
[rosout][INFO] 2026-07-23 23:21:54,480: control target=7 agent=7 armed=7 cmd_max=20.0 actual_max=19.3
[rosout][INFO] 2026-07-23 23:21:54,956: control target=7 agent=7 armed=7 cmd_max=20.0 actual_max=19.2
[rosout][INFO] 2026-07-23 23:21:55,556: control target=7 agent=7 armed=7 cmd_max=20.0 actual_max=19.6
[rosout][INFO] 2026-07-23 23:21:56,057: control target=6 agent=6 armed=6 cmd_max=20.0 actual_max=19.8
[rosout][INFO] 2026-07-23 23:21:56,656: control target=5 agent=5 armed=6 cmd_max=20.0 actual_max=19.7
[rosout][INFO] 2026-07-23 23:21:57,255: control target=5 agent=5 armed=5 cmd_max=20.0 actual_max=19.5
[rosout][INFO] 2026-07-23 23:21:57,756: control target=5 agent=5 armed=5 cmd_max=20.0 actual_max=19.5
[rosout][INFO] 2026-07-23 23:21:58,256: control target=5 agent=5 armed=5 cmd_max=20.0 actual_max=19.5
[rosout][INFO] 2026-07-23 23:21:58,856: control target=5 agent=5 armed=5 cmd_max=20.0 actual_max=19.5
[rosout][INFO] 2026-07-23 23:21:59,480: control target=5 agent=5 armed=5 cmd_max=20.0 actual_max=20.1
[rosout][INFO] 2026-07-23 23:21:59,980: control target=5 agent=5 armed=5 cmd_max=19.9 actual_max=20.1
[rosout][INFO] 2026-07-23 23:22:00,480: control target=5 agent=5 armed=5 cmd_max=19.8 actual_max=20.2
[rosout][INFO] 2026-07-23 23:22:01,055: control target=5 agent=5 armed=5 cmd_max=19.7 actual_max=20.1
[rosout][INFO] 2026-07-23 23:22:01,555: control target=5 agent=5 armed=5 cmd_max=19.7 actual_max=20.1
[rosout][INFO] 2026-07-23 23:22:02,156: control target=5 agent=5 armed=5 cmd_max=19.9 actual_max=20.2
[rosout][INFO] 2026-07-23 23:22:02,655: control target=5 agent=5 armed=5 cmd_max=18.2 actual_max=19.5
[rosout][INFO] 2026-07-23 23:22:03,255: control target=5 agent=5 armed=5 cmd_max=15.2 actual_max=19.5
[rosout][INFO] 2026-07-23 23:22:03,855: control target=5 agent=5 armed=5 cmd_max=12.2 actual_max=19.5
[rosout][INFO] 2026-07-23 23:22:04,355: control target=5 agent=5 armed=5 cmd_max=9.7 actual_max=19.5
[rosout][INFO] 2026-07-23 23:22:04,855: control target=5 agent=5 armed=5 cmd_max=7.3 actual_max=19.5
[rosout][INFO] 2026-07-23 23:22:05,480: control target=5 agent=5 armed=5 cmd_max=4.3 actual_max=19.5
[rosout][INFO] 2026-07-23 23:22:05,982: control target=5 agent=5 armed=5 cmd_max=1.9 actual_max=19.5
[rosout][INFO] 2026-07-23 23:22:06,555: control target=5 agent=5 armed=5 cmd_max=1.8 actual_max=19.5
[rosout][INFO] 2026-07-23 23:22:07,056: control target=5 agent=5 armed=5 cmd_max=4.0 actual_max=19.5
[rosout][INFO] 2026-07-23 23:22:07,655: control target=5 agent=5 armed=5 cmd_max=6.9 actual_max=19.5
[rosout][INFO] 2026-07-23 23:22:08,255: control target=5 agent=5 armed=5 cmd_max=7.2 actual_max=19.5
[rosout][INFO] 2026-07-23 23:22:08,755: control target=5 agent=5 armed=5 cmd_max=4.8 actual_max=19.5
[rosout][INFO] 2026-07-23 23:22:09,256: control target=5 agent=5 armed=5 cmd_max=2.8 actual_max=19.5
[rosout][INFO] 2026-07-23 23:22:09,855: control target=5 agent=5 armed=5 cmd_max=1.6 actual_max=19.5
[rosout][INFO] 2026-07-23 23:22:10,481: control target=5 agent=5 armed=5 cmd_max=1.0 actual_max=19.5
[rosout][INFO] 2026-07-23 23:22:11,055: control target=5 agent=5 armed=5 cmd_max=0.7 actual_max=19.5
[rosout][INFO] 2026-07-23 23:22:11,655: control target=5 agent=5 armed=5 cmd_max=0.5 actual_max=19.5
[rosout][INFO] 2026-07-23 23:22:12,256: control target=5 agent=5 armed=5 cmd_max=0.4 actual_max=19.5
[rosout][INFO] 2026-07-23 23:22:12,756: control target=5 agent=5 armed=5 cmd_max=0.3 actual_max=19.5
[rosout][INFO] 2026-07-23 23:22:13,355: control target=5 agent=5 armed=5 cmd_max=0.2 actual_max=19.5
[rosout][INFO] 2026-07-23 23:22:13,982: control target=5 agent=5 armed=5 cmd_max=0.2 actual_max=19.5
[rosout][INFO] 2026-07-23 23:22:14,555: control target=5 agent=5 armed=5 cmd_max=0.2 actual_max=19.5
[rosout][INFO] 2026-07-23 23:22:15,055: control target=5 agent=5 armed=5 cmd_max=0.2 actual_max=19.5
[rosout][INFO] 2026-07-23 23:22:15,656: control target=5 agent=5 armed=5 cmd_max=0.2 actual_max=19.5
[rosout][INFO] 2026-07-23 23:22:16,255: control target=5 agent=5 armed=5 cmd_max=0.1 actual_max=19.5
[rosout][INFO] 2026-07-23 23:22:16,855: control target=5 agent=5 armed=5 cmd_max=0.1 actual_max=19.5
[rosout][INFO] 2026-07-23 23:22:17,455: control target=5 agent=5 armed=5 cmd_max=0.1 actual_max=19.5
[rosout][INFO] 2026-07-23 23:22:18,056: control target=5 agent=5 armed=5 cmd_max=0.1 actual_max=19.5
[rosout][INFO] 2026-07-23 23:22:18,655: control target=5 agent=5 armed=5 cmd_max=0.1 actual_max=19.5
[rosout][INFO] 2026-07-23 23:22:19,255: control target=5 agent=5 armed=5 cmd_max=0.1 actual_max=19.5
[rosout][INFO] 2026-07-23 23:22:19,855: control target=5 agent=5 armed=5 cmd_max=0.1 actual_max=19.5
[rosout][INFO] 2026-07-23 23:22:20,481: control target=5 agent=5 armed=5 cmd_max=0.1 actual_max=19.5
[rosout][INFO] 2026-07-23 23:22:20,982: control target=5 agent=5 armed=5 cmd_max=0.1 actual_max=19.5
[rosout][INFO] 2026-07-23 23:22:21,555: control target=5 agent=5 armed=5 cmd_max=0.1 actual_max=19.5
[rosout][INFO] 2026-07-23 23:22:22,155: control target=5 agent=5 armed=5 cmd_max=0.1 actual_max=19.5
[rosout][INFO] 2026-07-23 23:22:22,755: control target=5 agent=5 armed=5 cmd_max=0.1 actual_max=19.5
[rosout][INFO] 2026-07-23 23:22:23,355: control target=5 agent=5 armed=5 cmd_max=0.1 actual_max=19.5
[rosout][INFO] 2026-07-23 23:22:23,855: control target=5 agent=5 armed=5 cmd_max=0.1 actual_max=19.5
[rosout][INFO] 2026-07-23 23:22:24,356: control target=5 agent=5 armed=5 cmd_max=0.1 actual_max=19.5
[rosout][INFO] 2026-07-23 23:22:24,856: control target=5 agent=5 armed=5 cmd_max=0.1 actual_max=19.5
[rosout][INFO] 2026-07-23 23:22:25,355: control target=5 agent=5 armed=5 cmd_max=0.1 actual_max=19.5
[rosout][INFO] 2026-07-23 23:22:25,980: control target=5 agent=5 armed=5 cmd_max=0.1 actual_max=19.5
[rosout][INFO] 2026-07-23 23:22:26,556: control target=5 agent=5 armed=5 cmd_max=0.1 actual_max=19.5
[rosout][INFO] 2026-07-23 23:22:27,055: control target=5 agent=5 armed=5 cmd_max=0.1 actual_max=19.5
[rosout][INFO] 2026-07-23 23:22:27,655: control target=5 agent=5 armed=5 cmd_max=0.1 actual_max=19.5
[rosout][INFO] 2026-07-23 23:22:28,155: control target=5 agent=5 armed=5 cmd_max=0.1 actual_max=19.5
[rosout][INFO] 2026-07-23 23:22:28,755: control target=5 agent=5 armed=5 cmd_max=0.1 actual_max=19.5
[rosout][INFO] 2026-07-23 23:22:29,355: control target=5 agent=5 armed=5 cmd_max=0.1 actual_max=19.5
[rosout][INFO] 2026-07-23 23:22:29,856: control target=5 agent=5 armed=5 cmd_max=0.1 actual_max=19.5
[rosout][INFO] 2026-07-23 23:22:30,482: control target=5 agent=5 armed=5 cmd_max=0.1 actual_max=19.5
[rosout][INFO] 2026-07-23 23:22:31,055: control target=5 agent=5 armed=5 cmd_max=0.1 actual_max=19.5
[rosout][INFO] 2026-07-23 23:22:31,655: control target=5 agent=5 armed=5 cmd_max=0.0 actual_max=19.5
[rosout][INFO] 2026-07-23 23:22:32,255: control target=5 agent=5 armed=5 cmd_max=0.0 actual_max=19.5
[rosout][INFO] 2026-07-23 23:22:32,756: control target=5 agent=5 armed=5 cmd_max=0.0 actual_max=19.5
[rosout][INFO] 2026-07-23 23:22:33,355: control target=5 agent=5 armed=5 cmd_max=0.0 actual_max=19.5
[rosout][INFO] 2026-07-23 23:22:33,981: control target=5 agent=5 armed=5 cmd_max=0.0 actual_max=19.5
[rosout][INFO] 2026-07-23 23:22:34,481: control target=5 agent=5 armed=5 cmd_max=0.0 actual_max=19.5
[rosout][INFO] 2026-07-23 23:22:35,055: control target=5 agent=5 armed=5 cmd_max=0.1 actual_max=19.5
[rosout][INFO] 2026-07-23 23:22:35,555: control target=5 agent=5 armed=5 cmd_max=0.1 actual_max=19.5
[rosout][INFO] 2026-07-23 23:22:36,055: control target=5 agent=5 armed=5 cmd_max=0.1 actual_max=19.5
[rosout][INFO] 2026-07-23 23:22:36,655: control target=5 agent=5 armed=5 cmd_max=0.1 actual_max=19.5
[rosout][INFO] 2026-07-23 23:22:37,255: control target=5 agent=5 armed=5 cmd_max=0.1 actual_max=19.5
[rosout][INFO] 2026-07-23 23:22:37,755: control target=5 agent=5 armed=5 cmd_max=0.1 actual_max=19.5
[rosout][INFO] 2026-07-23 23:22:38,255: control target=5 agent=5 armed=5 cmd_max=0.0 actual_max=19.5
[rosout][INFO] 2026-07-23 23:22:38,855: control target=5 agent=5 armed=5 cmd_max=0.0 actual_max=19.5
[rosout][INFO] 2026-07-23 23:22:39,479: control target=5 agent=5 armed=5 cmd_max=0.0 actual_max=19.5
[rosout][INFO] 2026-07-23 23:22:39,981: control target=5 agent=5 armed=5 cmd_max=0.0 actual_max=19.5
[rosout][INFO] 2026-07-23 23:22:40,481: control target=5 agent=5 armed=5 cmd_max=0.0 actual_max=19.5
[rosout][INFO] 2026-07-23 23:22:41,055: control target=5 agent=5 armed=5 cmd_max=0.0 actual_max=19.5
[rosout][INFO] 2026-07-23 23:22:41,555: control target=5 agent=5 armed=5 cmd_max=0.0 actual_max=19.5
[rosout][INFO] 2026-07-23 23:22:42,156: control target=5 agent=5 armed=5 cmd_max=0.0 actual_max=19.5
[rosout][INFO] 2026-07-23 23:22:42,656: control target=5 agent=5 armed=5 cmd_max=0.0 actual_max=19.5
[rosout][INFO] 2026-07-23 23:22:43,256: control target=5 agent=5 armed=5 cmd_max=0.0 actual_max=19.5
[rospy.core][INFO] 2026-07-23 23:22:43,446: signal_shutdown [signal-2]
[rospy.internal][INFO] 2026-07-23 23:22:43,485: topic[/rosout] removing connection to /rosout
[rospy.internal][INFO] 2026-07-23 23:22:43,486: topic[/mavros/setpoint_raw/local] removing connection to /rostrans_ros1
[rospy.internal][INFO] 2026-07-23 23:22:43,486: topic[/mavros2/setpoint_raw/local] removing connection to /rostrans_ros1
[rospy.internal][INFO] 2026-07-23 23:22:43,486: topic[/mavros3/setpoint_raw/local] removing connection to /rostrans_ros1
[rospy.internal][INFO] 2026-07-23 23:22:43,486: topic[/mavros4/setpoint_raw/local] removing connection to /rostrans_ros1
[rospy.internal][INFO] 2026-07-23 23:22:43,486: topic[/mavros5/setpoint_raw/local] removing connection to /rostrans_ros1
[rospy.internal][INFO] 2026-07-23 23:22:43,486: topic[/mavros6/setpoint_raw/local] removing connection to /rostrans_ros1
[rospy.internal][INFO] 2026-07-23 23:22:43,486: topic[/mavros7/setpoint_raw/local] removing connection to /rostrans_ros1
[rospy.internal][INFO] 2026-07-23 23:22:43,486: topic[/mavros8/setpoint_raw/local] removing connection to /rostrans_ros1
[rospy.internal][INFO] 2026-07-23 23:22:43,488: topic[/mavros9/setpoint_raw/local] removing connection to /rostrans_ros1
[rospy.internal][INFO] 2026-07-23 23:22:43,489: topic[/mavros10/setpoint_raw/local] removing connection to /rostrans_ros1
[rospy.internal][INFO] 2026-07-23 23:22:43,489: topic[/interceptor1/origin] removing connection to http://gpufree-container:43623/
[rospy.internal][INFO] 2026-07-23 23:22:43,490: topic[/mavros/local_position/odom] removing connection to http://gpufree-container:34793/
[rospy.internal][INFO] 2026-07-23 23:22:43,490: topic[/mavros/state] removing connection to http://gpufree-container:34793/
[rospy.internal][INFO] 2026-07-23 23:22:43,491: topic[/radar/target1/position] removing connection to http://gpufree-container:43623/
[rospy.internal][INFO] 2026-07-23 23:22:43,491: topic[/interceptor2/origin] removing connection to http://gpufree-container:43623/
[rospy.internal][INFO] 2026-07-23 23:22:43,491: topic[/mavros2/local_position/odom] removing connection to http://gpufree-container:34793/
[rospy.internal][INFO] 2026-07-23 23:22:43,492: topic[/mavros2/state] removing connection to http://gpufree-container:34793/
[rospy.internal][INFO] 2026-07-23 23:22:43,492: topic[/radar/target2/position] removing connection to http://gpufree-container:43623/
[rospy.internal][INFO] 2026-07-23 23:22:43,492: topic[/interceptor3/origin] removing connection to http://gpufree-container:43623/
[rospy.internal][INFO] 2026-07-23 23:22:43,492: topic[/mavros3/local_position/odom] removing connection to http://gpufree-container:34793/
[rospy.internal][INFO] 2026-07-23 23:22:43,493: topic[/mavros3/state] removing connection to http://gpufree-container:34793/
[rospy.internal][INFO] 2026-07-23 23:22:43,493: topic[/radar/target3/position] removing connection to http://gpufree-container:43623/
[rospy.internal][INFO] 2026-07-23 23:22:43,493: topic[/interceptor4/origin] removing connection to http://gpufree-container:43623/
[rospy.internal][INFO] 2026-07-23 23:22:43,493: topic[/mavros4/local_position/odom] removing connection to http://gpufree-container:34793/
[rospy.internal][INFO] 2026-07-23 23:22:43,494: topic[/mavros4/state] removing connection to http://gpufree-container:34793/
[rospy.internal][INFO] 2026-07-23 23:22:43,494: topic[/mavros4/state] removing connection to http://gpufree-container:34793/
[rospy.internal][INFO] 2026-07-23 23:22:43,494: topic[/radar/target4/position] removing connection to http://gpufree-container:43623/
[rospy.internal][INFO] 2026-07-23 23:22:43,495: topic[/interceptor5/origin] removing connection to http://gpufree-container:43623/
[rospy.internal][INFO] 2026-07-23 23:22:43,495: topic[/mavros5/local_position/odom] removing connection to http://gpufree-container:34793/
[rospy.internal][INFO] 2026-07-23 23:22:43,495: topic[/mavros5/state] removing connection to http://gpufree-container:34793/
[rospy.internal][INFO] 2026-07-23 23:22:43,495: topic[/radar/target5/position] removing connection to http://gpufree-container:43623/
[rospy.internal][INFO] 2026-07-23 23:22:43,496: topic[/interceptor6/origin] removing connection to http://gpufree-container:43623/
[rospy.internal][INFO] 2026-07-23 23:22:43,496: topic[/mavros6/local_position/odom] removing connection to http://gpufree-container:34793/
[rospy.internal][INFO] 2026-07-23 23:22:43,496: topic[/mavros6/local_position/odom] removing connection to http://gpufree-container:34793/
[rospy.internal][INFO] 2026-07-23 23:22:43,496: topic[/mavros6/state] removing connection to http://gpufree-container:34793/
[rospy.internal][INFO] 2026-07-23 23:22:43,496: topic[/radar/target6/position] removing connection to http://gpufree-container:43623/
[rospy.internal][INFO] 2026-07-23 23:22:43,497: topic[/interceptor7/origin] removing connection to http://gpufree-container:43623/
[rospy.internal][INFO] 2026-07-23 23:22:43,497: topic[/mavros7/local_position/odom] removing connection to http://gpufree-container:34793/
[rospy.internal][INFO] 2026-07-23 23:22:43,497: topic[/mavros7/state] removing connection to http://gpufree-container:34793/
[rospy.internal][INFO] 2026-07-23 23:22:43,497: topic[/radar/target7/position] removing connection to http://gpufree-container:43623/
[rospy.internal][INFO] 2026-07-23 23:22:43,498: topic[/interceptor8/origin] removing connection to http://gpufree-container:43623/
[rospy.internal][INFO] 2026-07-23 23:22:43,498: topic[/mavros8/local_position/odom] removing connection to http://gpufree-container:34793/
[rospy.internal][INFO] 2026-07-23 23:22:43,498: topic[/mavros8/state] removing connection to http://gpufree-container:34793/
[rospy.internal][INFO] 2026-07-23 23:22:43,498: topic[/radar/target8/position] removing connection to http://gpufree-container:43623/
[rospy.internal][INFO] 2026-07-23 23:22:43,498: topic[/interceptor9/origin] removing connection to http://gpufree-container:43623/
[rospy.internal][INFO] 2026-07-23 23:22:43,499: topic[/mavros9/local_position/odom] removing connection to http://gpufree-container:34793/
[rospy.internal][INFO] 2026-07-23 23:22:43,499: topic[/mavros9/state] removing connection to http://gpufree-container:34793/
[rospy.internal][INFO] 2026-07-23 23:22:43,499: topic[/mavros9/state] removing connection to http://gpufree-container:34793/
[rospy.internal][INFO] 2026-07-23 23:22:43,500: topic[/radar/target9/position] removing connection to http://gpufree-container:43623/
[rospy.internal][INFO] 2026-07-23 23:22:43,500: topic[/radar/target9/position] removing connection to http://gpufree-container:43623/
[rospy.internal][INFO] 2026-07-23 23:22:43,501: topic[/interceptor10/origin] removing connection to http://gpufree-container:43623/
[rospy.internal][INFO] 2026-07-23 23:22:43,501: topic[/interceptor10/origin] removing connection to http://gpufree-container:43623/
[rospy.internal][INFO] 2026-07-23 23:22:43,501: topic[/mavros10/local_position/odom] removing connection to http://gpufree-container:34793/
[rospy.internal][INFO] 2026-07-23 23:22:43,502: topic[/mavros10/state] removing connection to http://gpufree-container:34793/
[rospy.internal][INFO] 2026-07-23 23:22:43,502: topic[/radar/target10/position] removing connection to http://gpufree-container:43623/
[rospy.impl.masterslave][INFO] 2026-07-23 23:22:43,502: signal-2
[rospy.core][INFO] 2026-07-23 23:22:44,330: signal_shutdown [atexit]
[rospy.client][INFO] 2026-07-23 23:27:34,556: init_node, name[/zhuoyi_10v10_controller], pid[3437589]
[xmlrpc][INFO] 2026-07-23 23:27:34,592: XML-RPC server binding to 0.0.0.0:0
[xmlrpc][INFO] 2026-07-23 23:27:34,593: Started XML-RPC server [http://gpufree-container:43847/]
[rospy.init][INFO] 2026-07-23 23:27:34,593: ROS Slave URI: [http://gpufree-container:43847/]
[rospy.impl.masterslave][INFO] 2026-07-23 23:27:34,593: _ready: http://gpufree-container:43847/
[rospy.registration][INFO] 2026-07-23 23:27:34,593: Registering with master node http://localhost:11311
[xmlrpc][INFO] 2026-07-23 23:27:34,593: xml rpc node: starting XML-RPC server
[rospy.init][INFO] 2026-07-23 23:27:34,693: registered with master
[rospy.rosout][INFO] 2026-07-23 23:27:34,693: initializing /rosout core topic
[rospy.rosout][INFO] 2026-07-23 23:27:34,696: connected to core topic /rosout
[rospy.simtime][INFO] 2026-07-23 23:27:34,696: /use_sim_time is not set, will not subscribe to simulated time [/clock] topic
[rospy.internal][INFO] 2026-07-23 23:27:34,701: topic[/interceptor1/origin] adding connection to [http://gpufree-container:33691/], count 0
[rospy.internal][INFO] 2026-07-23 23:27:34,702: topic[/mavros/local_position/odom] adding connection to [http://gpufree-container:37243/], count 0
[rospy.internal][INFO] 2026-07-23 23:27:34,704: topic[/mavros/state] adding connection to [http://gpufree-container:37243/], count 0
[rospy.internal][INFO] 2026-07-23 23:27:34,705: topic[/radar/target1/position] adding connection to [http://gpufree-container:33691/], count 0
[rospy.internal][INFO] 2026-07-23 23:27:34,707: topic[/interceptor2/origin] adding connection to [http://gpufree-container:33691/], count 0
[rospy.internal][INFO] 2026-07-23 23:27:34,708: topic[/mavros2/local_position/odom] adding connection to [http://gpufree-container:37243/], count 0
[rospy.internal][INFO] 2026-07-23 23:27:34,710: topic[/mavros2/state] adding connection to [http://gpufree-container:37243/], count 0
[rospy.internal][INFO] 2026-07-23 23:27:34,711: topic[/radar/target2/position] adding connection to [http://gpufree-container:33691/], count 0
[rospy.internal][INFO] 2026-07-23 23:27:34,713: topic[/interceptor3/origin] adding connection to [http://gpufree-container:33691/], count 0
[rospy.internal][INFO] 2026-07-23 23:27:34,713: topic[/mavros3/local_position/odom] adding connection to [http://gpufree-container:37243/], count 0
[rospy.internal][INFO] 2026-07-23 23:27:34,715: topic[/mavros3/state] adding connection to [http://gpufree-container:37243/], count 0
[rospy.internal][INFO] 2026-07-23 23:27:34,717: topic[/radar/target3/position] adding connection to [http://gpufree-container:33691/], count 0
[rospy.internal][INFO] 2026-07-23 23:27:34,719: topic[/interceptor4/origin] adding connection to [http://gpufree-container:33691/], count 0
[rospy.internal][INFO] 2026-07-23 23:27:34,719: topic[/mavros4/local_position/odom] adding connection to [http://gpufree-container:37243/], count 0
[rospy.internal][INFO] 2026-07-23 23:27:34,721: topic[/mavros4/state] adding connection to [http://gpufree-container:37243/], count 0
[rospy.internal][INFO] 2026-07-23 23:27:34,722: topic[/radar/target4/position] adding connection to [http://gpufree-container:33691/], count 0
[rospy.internal][INFO] 2026-07-23 23:27:34,724: topic[/interceptor5/origin] adding connection to [http://gpufree-container:33691/], count 0
[rospy.internal][INFO] 2026-07-23 23:27:34,726: topic[/mavros5/local_position/odom] adding connection to [http://gpufree-container:37243/], count 0
[rospy.internal][INFO] 2026-07-23 23:27:34,726: topic[/mavros5/state] adding connection to [http://gpufree-container:37243/], count 0
[rospy.internal][INFO] 2026-07-23 23:27:34,728: topic[/radar/target5/position] adding connection to [http://gpufree-container:33691/], count 0
[rospy.internal][INFO] 2026-07-23 23:27:34,730: topic[/interceptor6/origin] adding connection to [http://gpufree-container:33691/], count 0
[rospy.internal][INFO] 2026-07-23 23:27:34,731: topic[/mavros6/local_position/odom] adding connection to [http://gpufree-container:37243/], count 0
[rospy.internal][INFO] 2026-07-23 23:27:34,732: topic[/mavros6/state] adding connection to [http://gpufree-container:37243/], count 0
[rospy.internal][INFO] 2026-07-23 23:27:34,734: topic[/radar/target6/position] adding connection to [http://gpufree-container:33691/], count 0
[rospy.internal][INFO] 2026-07-23 23:27:34,736: topic[/interceptor7/origin] adding connection to [http://gpufree-container:33691/], count 0
[rospy.internal][INFO] 2026-07-23 23:27:34,737: topic[/mavros7/local_position/odom] adding connection to [http://gpufree-container:37243/], count 0
[rospy.internal][INFO] 2026-07-23 23:27:34,738: topic[/mavros7/state] adding connection to [http://gpufree-container:37243/], count 0
[rospy.internal][INFO] 2026-07-23 23:27:34,740: topic[/radar/target7/position] adding connection to [http://gpufree-container:33691/], count 0
[rospy.internal][INFO] 2026-07-23 23:27:34,741: topic[/interceptor8/origin] adding connection to [http://gpufree-container:33691/], count 0
[rospy.internal][INFO] 2026-07-23 23:27:34,742: topic[/mavros8/local_position/odom] adding connection to [http://gpufree-container:37243/], count 0
[rospy.internal][INFO] 2026-07-23 23:27:34,744: topic[/mavros8/state] adding connection to [http://gpufree-container:37243/], count 0
[rospy.internal][INFO] 2026-07-23 23:27:34,746: topic[/radar/target8/position] adding connection to [http://gpufree-container:33691/], count 0
[rospy.internal][INFO] 2026-07-23 23:27:34,748: topic[/mavros9/local_position/odom] adding connection to [http://gpufree-container:37243/], count 0
[rospy.internal][INFO] 2026-07-23 23:27:34,749: topic[/mavros9/state] adding connection to [http://gpufree-container:37243/], count 0
[rospy.internal][INFO] 2026-07-23 23:27:34,752: topic[/interceptor9/origin] adding connection to [http://gpufree-container:33691/], count 0
[rospy.internal][INFO] 2026-07-23 23:27:34,753: topic[/mavros10/local_position/odom] adding connection to [http://gpufree-container:37243/], count 0
[rospy.internal][INFO] 2026-07-23 23:27:34,755: topic[/radar/target9/position] adding connection to [http://gpufree-container:33691/], count 0
[rospy.internal][INFO] 2026-07-23 23:27:34,756: topic[/interceptor10/origin] adding connection to [http://gpufree-container:33691/], count 0
[rospy.internal][INFO] 2026-07-23 23:27:34,756: topic[/mavros10/state] adding connection to [http://gpufree-container:37243/], count 0
[rosout][INFO] 2026-07-23 23:27:34,755: 等待公开话题 origin=1/10 odom=7/10 state=0/10 target=0/10
[rospy.internal][INFO] 2026-07-23 23:27:34,758: topic[/radar/target10/position] adding connection to [http://gpufree-container:33691/], count 0
[rosout][INFO] 2026-07-23 23:27:34,955: 公开话题已就绪 origin=10 odom=10 state=10 target=10
[rosout][INFO] 2026-07-23 23:27:34,956: 预热 10 路设定点流 2.0 秒
[rospy.internal][INFO] 2026-07-23 23:27:34,982: topic[/rosout] adding connection to [/rosout], count 0
[rospy.internal][INFO] 2026-07-23 23:27:34,988: topic[/mavros/setpoint_raw/local] adding connection to [/rostrans_ros1], count 0
[rospy.internal][INFO] 2026-07-23 23:27:34,989: topic[/mavros2/setpoint_raw/local] adding connection to [/rostrans_ros1], count 0
[rospy.internal][INFO] 2026-07-23 23:27:34,989: topic[/mavros3/setpoint_raw/local] adding connection to [/rostrans_ros1], count 0
[rospy.internal][INFO] 2026-07-23 23:27:34,990: topic[/mavros4/setpoint_raw/local] adding connection to [/rostrans_ros1], count 0
[rospy.internal][INFO] 2026-07-23 23:27:34,991: topic[/mavros5/setpoint_raw/local] adding connection to [/rostrans_ros1], count 0
[rospy.internal][INFO] 2026-07-23 23:27:34,991: topic[/mavros6/setpoint_raw/local] adding connection to [/rostrans_ros1], count 0
[rospy.internal][INFO] 2026-07-23 23:27:34,991: topic[/mavros7/setpoint_raw/local] adding connection to [/rostrans_ros1], count 0
[rospy.internal][INFO] 2026-07-23 23:27:34,991: topic[/mavros8/setpoint_raw/local] adding connection to [/rostrans_ros1], count 0
[rospy.internal][INFO] 2026-07-23 23:27:34,992: topic[/mavros9/setpoint_raw/local] adding connection to [/rostrans_ros1], count 0
[rospy.internal][INFO] 2026-07-23 23:27:34,992: topic[/mavros10/setpoint_raw/local] adding connection to [/rostrans_ros1], count 0
[rosout][INFO] 2026-07-23 23:27:36,981: 并发解锁 retry=1 armed=10/10 offboard=8/10 service_ok=10/10
[rosout][INFO] 2026-07-23 23:27:37,405: 并发解锁 retry=2 armed=10/10 offboard=10/10 service_ok=10/10
[rosout][INFO] 2026-07-23 23:27:37,412: control target=10 agent=10 armed=10 cmd_max=0.0 actual_max=0.0
[rosout][INFO] 2026-07-23 23:27:37,911: control target=10 agent=10 armed=10 cmd_max=2.5 actual_max=1.6
[rosout][INFO] 2026-07-23 23:27:38,412: control target=10 agent=10 armed=10 cmd_max=4.1 actual_max=3.0
[rosout][INFO] 2026-07-23 23:27:39,012: control target=10 agent=10 armed=10 cmd_max=6.6 actual_max=4.5
[rosout][INFO] 2026-07-23 23:27:39,612: control target=10 agent=10 armed=10 cmd_max=9.4 actual_max=7.2
[rosout][INFO] 2026-07-23 23:27:40,112: control target=10 agent=10 armed=10 cmd_max=11.8 actual_max=9.5
[rosout][INFO] 2026-07-23 23:27:40,612: control target=10 agent=10 armed=10 cmd_max=14.2 actual_max=11.9
[rosout][INFO] 2026-07-23 23:27:41,212: control target=10 agent=10 armed=10 cmd_max=17.1 actual_max=14.6
[rosout][INFO] 2026-07-23 23:27:41,812: control target=10 agent=10 armed=10 cmd_max=20.1 actual_max=16.1
[rosout][INFO] 2026-07-23 23:27:42,312: control target=10 agent=10 armed=10 cmd_max=22.6 actual_max=16.7
[rosout][INFO] 2026-07-23 23:27:42,911: control target=10 agent=10 armed=10 cmd_max=25.0 actual_max=17.3
[rosout][INFO] 2026-07-23 23:27:43,512: control target=10 agent=10 armed=10 cmd_max=25.0 actual_max=17.8
[rosout][INFO] 2026-07-23 23:27:44,111: control target=10 agent=10 armed=10 cmd_max=25.0 actual_max=18.2
[rosout][INFO] 2026-07-23 23:27:44,611: control target=10 agent=10 armed=10 cmd_max=25.0 actual_max=18.4
[rosout][INFO] 2026-07-23 23:27:45,112: control target=10 agent=10 armed=10 cmd_max=25.0 actual_max=18.7
[rosout][INFO] 2026-07-23 23:27:45,612: control target=10 agent=10 armed=10 cmd_max=25.0 actual_max=18.9
[rosout][INFO] 2026-07-23 23:27:46,212: control target=10 agent=10 armed=10 cmd_max=25.0 actual_max=19.2
[rosout][INFO] 2026-07-23 23:27:46,812: control target=10 agent=10 armed=10 cmd_max=25.0 actual_max=19.4
[rosout][INFO] 2026-07-23 23:27:47,412: control target=10 agent=10 armed=10 cmd_max=25.0 actual_max=19.7
[rosout][INFO] 2026-07-23 23:27:48,013: control target=10 agent=10 armed=10 cmd_max=25.0 actual_max=19.8
[rosout][INFO] 2026-07-23 23:27:48,611: control target=10 agent=10 armed=10 cmd_max=25.0 actual_max=20.1
[rosout][INFO] 2026-07-23 23:27:49,111: control target=10 agent=10 armed=10 cmd_max=25.0 actual_max=20.2
[rosout][INFO] 2026-07-23 23:27:49,711: control target=10 agent=10 armed=10 cmd_max=25.0 actual_max=20.4
[rosout][INFO] 2026-07-23 23:27:50,212: control target=10 agent=10 armed=10 cmd_max=25.0 actual_max=20.6
[rosout][INFO] 2026-07-23 23:27:50,811: control target=10 agent=10 armed=10 cmd_max=25.0 actual_max=20.8
[rosout][INFO] 2026-07-23 23:27:51,413: control target=10 agent=10 armed=10 cmd_max=25.0 actual_max=21.0
[rosout][INFO] 2026-07-23 23:27:52,011: control target=10 agent=10 armed=10 cmd_max=25.0 actual_max=21.3
[rosout][INFO] 2026-07-23 23:27:52,512: control target=10 agent=10 armed=10 cmd_max=25.0 actual_max=21.3
[rosout][INFO] 2026-07-23 23:27:53,111: control target=10 agent=10 armed=10 cmd_max=25.0 actual_max=21.5
[rosout][INFO] 2026-07-23 23:27:53,711: control target=10 agent=10 armed=10 cmd_max=25.0 actual_max=21.7
[rosout][INFO] 2026-07-23 23:27:54,212: control target=10 agent=10 armed=10 cmd_max=25.0 actual_max=21.8
[rosout][INFO] 2026-07-23 23:27:54,811: control target=10 agent=10 armed=10 cmd_max=25.0 actual_max=21.9
[rosout][INFO] 2026-07-23 23:27:55,311: control target=10 agent=10 armed=10 cmd_max=25.0 actual_max=22.1
[rosout][INFO] 2026-07-23 23:27:55,811: control target=10 agent=10 armed=10 cmd_max=25.0 actual_max=22.2
[rosout][INFO] 2026-07-23 23:27:56,313: control target=10 agent=10 armed=10 cmd_max=25.0 actual_max=22.3
[rosout][INFO] 2026-07-23 23:27:56,911: control target=10 agent=10 armed=10 cmd_max=25.0 actual_max=22.4
[rosout][INFO] 2026-07-23 23:27:57,511: control target=10 agent=10 armed=10 cmd_max=25.0 actual_max=22.6
[rosout][INFO] 2026-07-23 23:27:58,012: control target=10 agent=10 armed=10 cmd_max=25.0 actual_max=22.7
[rosout][INFO] 2026-07-23 23:27:58,511: control target=10 agent=10 armed=10 cmd_max=25.0 actual_max=22.8
[rosout][INFO] 2026-07-23 23:27:59,111: control target=10 agent=10 armed=10 cmd_max=25.0 actual_max=23.0
[rosout][INFO] 2026-07-23 23:27:59,612: control target=10 agent=10 armed=10 cmd_max=25.0 actual_max=23.1
[rosout][INFO] 2026-07-23 23:28:00,211: control target=10 agent=10 armed=10 cmd_max=25.0 actual_max=23.2
[rosout][INFO] 2026-07-23 23:28:00,811: control target=10 agent=10 armed=10 cmd_max=25.0 actual_max=23.4
[rosout][INFO] 2026-07-23 23:28:01,311: control target=10 agent=10 armed=10 cmd_max=25.0 actual_max=23.5
[rosout][INFO] 2026-07-23 23:28:01,911: control target=10 agent=10 armed=10 cmd_max=25.0 actual_max=23.6
[rosout][INFO] 2026-07-23 23:28:02,109: 目标在线退役(曾运动后持续静止): 1
[rosout][INFO] 2026-07-23 23:28:02,411: control target=9 agent=10 armed=10 cmd_max=25.0 actual_max=23.8
[rosout][INFO] 2026-07-23 23:28:03,009: 目标在线退役(曾运动后持续静止): 2
[rosout][INFO] 2026-07-23 23:28:03,012: control target=8 agent=10 armed=10 cmd_max=25.0 actual_max=23.9
[rosout][INFO] 2026-07-23 23:28:03,611: control target=8 agent=10 armed=10 cmd_max=25.0 actual_max=24.1
[rosout][INFO] 2026-07-23 23:28:03,909: 目标在线退役(曾运动后持续静止): 3
[rosout][INFO] 2026-07-23 23:28:04,111: control target=7 agent=10 armed=10 cmd_max=25.0 actual_max=23.8
[rosout][INFO] 2026-07-23 23:28:04,709: 目标在线退役(曾运动后持续静止): 4
[rosout][INFO] 2026-07-23 23:28:04,712: control target=6 agent=10 armed=10 cmd_max=25.0 actual_max=24.5
[rosout][INFO] 2026-07-23 23:28:05,311: control target=6 agent=10 armed=10 cmd_max=25.0 actual_max=24.1
[rosout][INFO] 2026-07-23 23:28:05,509: 目标在线退役(曾运动后持续静止): 5
[rosout][INFO] 2026-07-23 23:28:05,911: control target=5 agent=10 armed=10 cmd_max=25.0 actual_max=23.7
[rosout][INFO] 2026-07-23 23:28:06,410: 目标在线退役(曾运动后持续静止): 6
[rosout][INFO] 2026-07-23 23:28:06,413: control target=4 agent=10 armed=10 cmd_max=25.0 actual_max=22.3
[rosout][INFO] 2026-07-23 23:28:06,911: control target=4 agent=10 armed=10 cmd_max=25.0 actual_max=21.0
[rosout][INFO] 2026-07-23 23:28:07,309: 目标在线退役(曾运动后持续静止): 7
[rosout][INFO] 2026-07-23 23:28:07,510: control target=3 agent=10 armed=10 cmd_max=25.0 actual_max=20.1
[rosout][INFO] 2026-07-23 23:28:08,011: control target=3 agent=10 armed=10 cmd_max=25.0 actual_max=20.0
[rosout][INFO] 2026-07-23 23:28:08,109: 目标在线退役(曾运动后持续静止): 8
[rosout][INFO] 2026-07-23 23:28:08,611: control target=2 agent=10 armed=10 cmd_max=25.0 actual_max=20.1
[rosout][INFO] 2026-07-23 23:28:09,210: control target=2 agent=10 armed=10 cmd_max=25.0 actual_max=20.3
[rosout][INFO] 2026-07-23 23:28:09,711: control target=2 agent=10 armed=10 cmd_max=25.0 actual_max=19.9
[rosout][INFO] 2026-07-23 23:28:10,310: control target=2 agent=10 armed=10 cmd_max=25.0 actual_max=19.3
[rosout][INFO] 2026-07-23 23:28:10,910: control target=2 agent=10 armed=10 cmd_max=25.0 actual_max=19.1
[rosout][INFO] 2026-07-23 23:28:11,510: control target=2 agent=10 armed=10 cmd_max=25.0 actual_max=19.4
[rospy.core][INFO] 2026-07-23 23:28:11,951: signal_shutdown [signal-2]
[rospy.internal][INFO] 2026-07-23 23:28:11,957: topic[/rosout] removing connection to /rosout
[rospy.internal][INFO] 2026-07-23 23:28:11,958: topic[/mavros/setpoint_raw/local] removing connection to /rostrans_ros1
[rospy.internal][INFO] 2026-07-23 23:28:11,958: topic[/mavros2/setpoint_raw/local] removing connection to /rostrans_ros1
[rospy.internal][INFO] 2026-07-23 23:28:11,958: topic[/mavros3/setpoint_raw/local] removing connection to /rostrans_ros1
[rospy.internal][INFO] 2026-07-23 23:28:11,958: topic[/mavros4/setpoint_raw/local] removing connection to /rostrans_ros1
[rospy.internal][INFO] 2026-07-23 23:28:11,958: topic[/mavros5/setpoint_raw/local] removing connection to /rostrans_ros1
[rospy.internal][INFO] 2026-07-23 23:28:11,958: topic[/mavros6/setpoint_raw/local] removing connection to /rostrans_ros1
[rospy.internal][INFO] 2026-07-23 23:28:11,958: topic[/mavros7/setpoint_raw/local] removing connection to /rostrans_ros1
[rospy.internal][INFO] 2026-07-23 23:28:11,958: topic[/mavros8/setpoint_raw/local] removing connection to /rostrans_ros1
[rospy.internal][INFO] 2026-07-23 23:28:11,958: topic[/mavros9/setpoint_raw/local] removing connection to /rostrans_ros1
[rospy.internal][INFO] 2026-07-23 23:28:11,959: topic[/mavros10/setpoint_raw/local] removing connection to /rostrans_ros1
[rospy.internal][INFO] 2026-07-23 23:28:11,959: topic[/interceptor1/origin] removing connection to http://gpufree-container:33691/
[rospy.internal][INFO] 2026-07-23 23:28:11,959: topic[/mavros/local_position/odom] removing connection to http://gpufree-container:37243/
[rospy.internal][INFO] 2026-07-23 23:28:11,960: topic[/mavros/state] removing connection to http://gpufree-container:37243/
[rospy.internal][INFO] 2026-07-23 23:28:11,960: topic[/radar/target1/position] removing connection to http://gpufree-container:33691/
[rospy.internal][INFO] 2026-07-23 23:28:11,960: topic[/interceptor2/origin] removing connection to http://gpufree-container:33691/
[rospy.internal][INFO] 2026-07-23 23:28:11,960: topic[/mavros2/local_position/odom] removing connection to http://gpufree-container:37243/
[rospy.internal][INFO] 2026-07-23 23:28:11,961: topic[/mavros2/state] removing connection to http://gpufree-container:37243/
[rospy.internal][INFO] 2026-07-23 23:28:11,961: topic[/radar/target2/position] removing connection to http://gpufree-container:33691/
[rospy.internal][INFO] 2026-07-23 23:28:11,961: topic[/interceptor3/origin] removing connection to http://gpufree-container:33691/
[rospy.internal][INFO] 2026-07-23 23:28:11,961: topic[/mavros3/local_position/odom] removing connection to http://gpufree-container:37243/
[rospy.internal][INFO] 2026-07-23 23:28:11,962: topic[/mavros3/state] removing connection to http://gpufree-container:37243/
[rospy.internal][INFO] 2026-07-23 23:28:11,962: topic[/radar/target3/position] removing connection to http://gpufree-container:33691/
[rospy.internal][INFO] 2026-07-23 23:28:11,962: topic[/interceptor4/origin] removing connection to http://gpufree-container:33691/
[rospy.internal][INFO] 2026-07-23 23:28:11,962: topic[/mavros4/local_position/odom] removing connection to http://gpufree-container:37243/
[rospy.internal][INFO] 2026-07-23 23:28:11,962: topic[/mavros4/state] removing connection to http://gpufree-container:37243/
[rospy.internal][INFO] 2026-07-23 23:28:11,963: topic[/radar/target4/position] removing connection to http://gpufree-container:33691/
[rospy.internal][INFO] 2026-07-23 23:28:11,963: topic[/interceptor5/origin] removing connection to http://gpufree-container:33691/
[rospy.internal][INFO] 2026-07-23 23:28:11,963: topic[/mavros5/local_position/odom] removing connection to http://gpufree-container:37243/
[rospy.internal][INFO] 2026-07-23 23:28:11,963: topic[/mavros5/state] removing connection to http://gpufree-container:37243/
[rospy.internal][INFO] 2026-07-23 23:28:11,964: topic[/radar/target5/position] removing connection to http://gpufree-container:33691/
[rospy.internal][INFO] 2026-07-23 23:28:11,964: topic[/interceptor6/origin] removing connection to http://gpufree-container:33691/
[rospy.internal][INFO] 2026-07-23 23:28:11,964: topic[/mavros6/local_position/odom] removing connection to http://gpufree-container:37243/
[rospy.internal][INFO] 2026-07-23 23:28:11,964: topic[/mavros6/state] removing connection to http://gpufree-container:37243/
[rospy.internal][INFO] 2026-07-23 23:28:11,964: topic[/radar/target6/position] removing connection to http://gpufree-container:33691/
[rospy.internal][INFO] 2026-07-23 23:28:11,965: topic[/interceptor7/origin] removing connection to http://gpufree-container:33691/
[rospy.internal][INFO] 2026-07-23 23:28:11,965: topic[/mavros7/local_position/odom] removing connection to http://gpufree-container:37243/
[rospy.internal][INFO] 2026-07-23 23:28:11,965: topic[/mavros7/state] removing connection to http://gpufree-container:37243/
[rospy.internal][INFO] 2026-07-23 23:28:11,965: topic[/radar/target7/position] removing connection to http://gpufree-container:33691/
[rospy.internal][INFO] 2026-07-23 23:28:11,965: topic[/interceptor8/origin] removing connection to http://gpufree-container:33691/
[rospy.internal][INFO] 2026-07-23 23:28:11,966: topic[/mavros8/local_position/odom] removing connection to http://gpufree-container:37243/
[rospy.internal][INFO] 2026-07-23 23:28:11,966: topic[/mavros8/local_position/odom] removing connection to http://gpufree-container:37243/
[rospy.internal][INFO] 2026-07-23 23:28:11,979: topic[/mavros8/state] removing connection to http://gpufree-container:37243/
[rospy.internal][INFO] 2026-07-23 23:28:11,979: topic[/radar/target8/position] removing connection to http://gpufree-container:33691/
[rospy.internal][INFO] 2026-07-23 23:28:11,980: topic[/interceptor9/origin] removing connection to http://gpufree-container:33691/
[rospy.internal][INFO] 2026-07-23 23:28:11,980: topic[/mavros9/local_position/odom] removing connection to http://gpufree-container:37243/
[rospy.internal][INFO] 2026-07-23 23:28:11,980: topic[/mavros9/state] removing connection to http://gpufree-container:37243/
[rospy.internal][INFO] 2026-07-23 23:28:11,980: topic[/radar/target9/position] removing connection to http://gpufree-container:33691/
[rospy.internal][INFO] 2026-07-23 23:28:11,980: topic[/interceptor10/origin] removing connection to http://gpufree-container:33691/
[rospy.internal][INFO] 2026-07-23 23:28:11,981: topic[/mavros10/local_position/odom] removing connection to http://gpufree-container:37243/
[rospy.internal][INFO] 2026-07-23 23:28:11,981: topic[/mavros10/state] removing connection to http://gpufree-container:37243/
[rospy.internal][INFO] 2026-07-23 23:28:11,981: topic[/radar/target10/position] removing connection to http://gpufree-container:33691/
[rospy.impl.masterslave][INFO] 2026-07-23 23:28:11,981: signal-2
[rospy.core][INFO] 2026-07-23 23:28:12,803: signal_shutdown [atexit]
[rospy.client][INFO] 2026-07-23 23:31:43,689: init_node, name[/zhuoyi_10v10_controller], pid[3448456]
[xmlrpc][INFO] 2026-07-23 23:31:43,754: XML-RPC server binding to 0.0.0.0:0
[xmlrpc][INFO] 2026-07-23 23:31:43,754: Started XML-RPC server [http://gpufree-container:38241/]
[rospy.init][INFO] 2026-07-23 23:31:43,755: ROS Slave URI: [http://gpufree-container:38241/]
[rospy.impl.masterslave][INFO] 2026-07-23 23:31:43,755: _ready: http://gpufree-container:38241/
[rospy.registration][INFO] 2026-07-23 23:31:43,755: Registering with master node http://localhost:11311
[xmlrpc][INFO] 2026-07-23 23:31:43,755: xml rpc node: starting XML-RPC server
[rospy.init][INFO] 2026-07-23 23:31:43,855: registered with master
[rospy.rosout][INFO] 2026-07-23 23:31:43,855: initializing /rosout core topic
[rospy.rosout][INFO] 2026-07-23 23:31:43,858: connected to core topic /rosout
[rospy.simtime][INFO] 2026-07-23 23:31:43,859: /use_sim_time is not set, will not subscribe to simulated time [/clock] topic
[rospy.internal][INFO] 2026-07-23 23:31:43,864: topic[/mavros/local_position/odom] adding connection to [http://gpufree-container:44951/], count 0
[rospy.internal][INFO] 2026-07-23 23:31:43,865: topic[/interceptor1/origin] adding connection to [http://gpufree-container:34133/], count 0
[rospy.internal][INFO] 2026-07-23 23:31:43,866: topic[/mavros/state] adding connection to [http://gpufree-container:44951/], count 0
[rospy.internal][INFO] 2026-07-23 23:31:43,867: topic[/radar/target1/position] adding connection to [http://gpufree-container:34133/], count 0
[rospy.internal][INFO] 2026-07-23 23:31:43,870: topic[/interceptor2/origin] adding connection to [http://gpufree-container:34133/], count 0
[rospy.internal][INFO] 2026-07-23 23:31:43,871: topic[/mavros2/local_position/odom] adding connection to [http://gpufree-container:44951/], count 0
[rospy.internal][INFO] 2026-07-23 23:31:43,872: topic[/mavros2/state] adding connection to [http://gpufree-container:44951/], count 0
[rospy.internal][INFO] 2026-07-23 23:31:43,873: topic[/radar/target2/position] adding connection to [http://gpufree-container:34133/], count 0
[rospy.internal][INFO] 2026-07-23 23:31:43,875: topic[/interceptor3/origin] adding connection to [http://gpufree-container:34133/], count 0
[rospy.internal][INFO] 2026-07-23 23:31:43,876: topic[/mavros3/local_position/odom] adding connection to [http://gpufree-container:44951/], count 0
[rospy.internal][INFO] 2026-07-23 23:31:43,877: topic[/mavros3/state] adding connection to [http://gpufree-container:44951/], count 0
[rospy.internal][INFO] 2026-07-23 23:31:43,879: topic[/radar/target3/position] adding connection to [http://gpufree-container:34133/], count 0
[rospy.internal][INFO] 2026-07-23 23:31:43,882: topic[/interceptor4/origin] adding connection to [http://gpufree-container:34133/], count 0
[rospy.internal][INFO] 2026-07-23 23:31:43,884: topic[/mavros4/local_position/odom] adding connection to [http://gpufree-container:44951/], count 0
[rospy.internal][INFO] 2026-07-23 23:31:43,886: topic[/mavros4/state] adding connection to [http://gpufree-container:44951/], count 0
[rospy.internal][INFO] 2026-07-23 23:31:43,887: topic[/radar/target4/position] adding connection to [http://gpufree-container:34133/], count 0
[rospy.internal][INFO] 2026-07-23 23:31:43,889: topic[/interceptor5/origin] adding connection to [http://gpufree-container:34133/], count 0
[rospy.internal][INFO] 2026-07-23 23:31:43,891: topic[/mavros5/local_position/odom] adding connection to [http://gpufree-container:44951/], count 0
[rospy.internal][INFO] 2026-07-23 23:31:43,893: topic[/mavros5/state] adding connection to [http://gpufree-container:44951/], count 0
[rospy.internal][INFO] 2026-07-23 23:31:43,895: topic[/radar/target5/position] adding connection to [http://gpufree-container:34133/], count 0
[rospy.internal][INFO] 2026-07-23 23:31:43,897: topic[/interceptor6/origin] adding connection to [http://gpufree-container:34133/], count 0
[rospy.internal][INFO] 2026-07-23 23:31:43,898: topic[/mavros6/local_position/odom] adding connection to [http://gpufree-container:44951/], count 0
[rospy.internal][INFO] 2026-07-23 23:31:43,899: topic[/mavros6/state] adding connection to [http://gpufree-container:44951/], count 0
[rospy.internal][INFO] 2026-07-23 23:31:43,901: topic[/radar/target6/position] adding connection to [http://gpufree-container:34133/], count 0
[rospy.internal][INFO] 2026-07-23 23:31:43,903: topic[/interceptor7/origin] adding connection to [http://gpufree-container:34133/], count 0
[rospy.internal][INFO] 2026-07-23 23:31:43,903: topic[/mavros7/local_position/odom] adding connection to [http://gpufree-container:44951/], count 0
[rospy.internal][INFO] 2026-07-23 23:31:43,905: topic[/mavros7/state] adding connection to [http://gpufree-container:44951/], count 0
[rospy.internal][INFO] 2026-07-23 23:31:43,907: topic[/radar/target7/position] adding connection to [http://gpufree-container:34133/], count 0
[rospy.internal][INFO] 2026-07-23 23:31:43,909: topic[/interceptor8/origin] adding connection to [http://gpufree-container:34133/], count 0
[rospy.internal][INFO] 2026-07-23 23:31:43,910: topic[/mavros8/local_position/odom] adding connection to [http://gpufree-container:44951/], count 0
[rospy.internal][INFO] 2026-07-23 23:31:43,912: topic[/mavros8/state] adding connection to [http://gpufree-container:44951/], count 0
[rospy.internal][INFO] 2026-07-23 23:31:43,914: topic[/radar/target8/position] adding connection to [http://gpufree-container:34133/], count 0
[rospy.internal][INFO] 2026-07-23 23:31:43,916: topic[/interceptor9/origin] adding connection to [http://gpufree-container:34133/], count 0
[rospy.internal][INFO] 2026-07-23 23:31:43,917: topic[/mavros9/local_position/odom] adding connection to [http://gpufree-container:44951/], count 0
[rospy.internal][INFO] 2026-07-23 23:31:43,918: topic[/mavros9/state] adding connection to [http://gpufree-container:44951/], count 0
[rospy.internal][INFO] 2026-07-23 23:31:43,920: topic[/radar/target9/position] adding connection to [http://gpufree-container:34133/], count 0
[rospy.internal][INFO] 2026-07-23 23:31:43,922: topic[/interceptor10/origin] adding connection to [http://gpufree-container:34133/], count 0
[rospy.internal][INFO] 2026-07-23 23:31:43,923: topic[/mavros10/local_position/odom] adding connection to [http://gpufree-container:44951/], count 0
[rospy.internal][INFO] 2026-07-23 23:31:43,925: topic[/mavros10/state] adding connection to [http://gpufree-container:44951/], count 0
[rosout][INFO] 2026-07-23 23:31:43,925: 等待公开话题 origin=4/10 odom=8/10 state=0/10 target=3/10
[rospy.internal][INFO] 2026-07-23 23:31:43,927: topic[/radar/target10/position] adding connection to [http://gpufree-container:34133/], count 0
[rospy.internal][INFO] 2026-07-23 23:31:44,083: topic[/rosout] adding connection to [/rosout], count 0
[rospy.internal][INFO] 2026-07-23 23:31:44,085: topic[/mavros2/setpoint_raw/local] adding connection to [/rostrans_ros1], count 0
[rospy.internal][INFO] 2026-07-23 23:31:44,087: topic[/mavros3/setpoint_raw/local] adding connection to [/rostrans_ros1], count 0
[rospy.internal][INFO] 2026-07-23 23:31:44,088: topic[/mavros4/setpoint_raw/local] adding connection to [/rostrans_ros1], count 0
[rospy.internal][INFO] 2026-07-23 23:31:44,088: topic[/mavros/setpoint_raw/local] adding connection to [/rostrans_ros1], count 0
[rosout][INFO] 2026-07-23 23:31:44,125: 公开话题已就绪 origin=10 odom=10 state=10 target=10
[rosout][INFO] 2026-07-23 23:31:44,126: 预热 10 路设定点流 2.0 秒
[rospy.internal][INFO] 2026-07-23 23:31:44,188: topic[/mavros5/setpoint_raw/local] adding connection to [/rostrans_ros1], count 0
[rospy.internal][INFO] 2026-07-23 23:31:44,189: topic[/mavros6/setpoint_raw/local] adding connection to [/rostrans_ros1], count 0
[rospy.internal][INFO] 2026-07-23 23:31:44,191: topic[/mavros7/setpoint_raw/local] adding connection to [/rostrans_ros1], count 0
[rospy.internal][INFO] 2026-07-23 23:31:44,192: topic[/mavros8/setpoint_raw/local] adding connection to [/rostrans_ros1], count 0
[rospy.internal][INFO] 2026-07-23 23:31:44,192: topic[/mavros9/setpoint_raw/local] adding connection to [/rostrans_ros1], count 0
[rospy.internal][INFO] 2026-07-23 23:31:44,192: topic[/mavros10/setpoint_raw/local] adding connection to [/rostrans_ros1], count 0
[rosout][INFO] 2026-07-23 23:31:46,151: 并发解锁 retry=1 armed=0/10 offboard=0/10 service_ok=10/10
[rosout][INFO] 2026-07-23 23:31:46,576: 并发解锁 retry=2 armed=10/10 offboard=10/10 service_ok=10/10
[rosout][INFO] 2026-07-23 23:31:46,581: control target=10 agent=10 armed=10 cmd_max=0.0 actual_max=0.0
[rosout][INFO] 2026-07-23 23:31:47,081: control target=10 agent=10 armed=10 cmd_max=2.5 actual_max=1.6
[rosout][INFO] 2026-07-23 23:31:47,680: control target=10 agent=10 armed=10 cmd_max=4.5 actual_max=3.1
[rosout][INFO] 2026-07-23 23:31:48,181: control target=10 agent=10 armed=10 cmd_max=6.6 actual_max=4.6
[rosout][INFO] 2026-07-23 23:31:48,680: control target=10 agent=10 armed=10 cmd_max=8.9 actual_max=6.8
[rosout][INFO] 2026-07-23 23:31:49,281: control target=10 agent=10 armed=10 cmd_max=11.8 actual_max=9.5
[rosout][INFO] 2026-07-23 23:31:49,880: control target=10 agent=10 armed=10 cmd_max=14.7 actual_max=12.4
[rosout][INFO] 2026-07-23 23:31:50,381: control target=10 agent=10 armed=10 cmd_max=17.2 actual_max=14.5
[rosout][INFO] 2026-07-23 23:31:50,982: control target=10 agent=10 armed=10 cmd_max=20.1 actual_max=15.8
[rosout][INFO] 2026-07-23 23:31:51,481: control target=10 agent=10 armed=10 cmd_max=22.6 actual_max=16.5
[rosout][INFO] 2026-07-23 23:31:51,983: control target=10 agent=10 armed=10 cmd_max=25.0 actual_max=17.2
[rosout][INFO] 2026-07-23 23:31:52,482: control target=10 agent=10 armed=10 cmd_max=25.0 actual_max=17.6
[rosout][INFO] 2026-07-23 23:31:53,080: control target=10 agent=10 armed=10 cmd_max=25.0 actual_max=18.0
[rosout][INFO] 2026-07-23 23:31:53,581: control target=10 agent=10 armed=10 cmd_max=25.0 actual_max=18.3
[rosout][INFO] 2026-07-23 23:31:54,181: control target=10 agent=10 armed=10 cmd_max=25.0 actual_max=18.6
[rosout][INFO] 2026-07-23 23:31:54,681: control target=10 agent=10 armed=10 cmd_max=25.0 actual_max=18.9
[rosout][INFO] 2026-07-23 23:31:55,281: control target=10 agent=10 armed=10 cmd_max=25.0 actual_max=19.1
[rosout][INFO] 2026-07-23 23:31:55,781: control target=10 agent=10 armed=10 cmd_max=25.0 actual_max=19.4
[rosout][INFO] 2026-07-23 23:31:56,381: control target=10 agent=10 armed=10 cmd_max=25.0 actual_max=19.6
[rosout][INFO] 2026-07-23 23:31:56,982: control target=10 agent=10 armed=10 cmd_max=25.0 actual_max=19.8
[rosout][INFO] 2026-07-23 23:31:57,581: control target=10 agent=10 armed=10 cmd_max=25.0 actual_max=20.0
[rosout][INFO] 2026-07-23 23:31:58,181: control target=10 agent=10 armed=10 cmd_max=25.0 actual_max=20.2
[rosout][INFO] 2026-07-23 23:31:58,781: control target=10 agent=10 armed=10 cmd_max=25.0 actual_max=20.4
[rosout][INFO] 2026-07-23 23:31:59,381: control target=10 agent=10 armed=10 cmd_max=25.0 actual_max=20.7
[rosout][INFO] 2026-07-23 23:31:59,881: control target=10 agent=10 armed=10 cmd_max=25.0 actual_max=20.7
[rosout][INFO] 2026-07-23 23:32:00,481: control target=10 agent=10 armed=10 cmd_max=25.0 actual_max=21.0
[rosout][INFO] 2026-07-23 23:32:01,080: control target=10 agent=10 armed=10 cmd_max=25.0 actual_max=21.1
[rosout][INFO] 2026-07-23 23:32:01,581: control target=10 agent=10 armed=10 cmd_max=25.0 actual_max=21.3
[rosout][INFO] 2026-07-23 23:32:02,080: control target=10 agent=10 armed=10 cmd_max=25.0 actual_max=21.5
[rosout][INFO] 2026-07-23 23:32:02,680: control target=10 agent=10 armed=10 cmd_max=25.0 actual_max=21.6
[rosout][INFO] 2026-07-23 23:32:03,280: control target=10 agent=10 armed=10 cmd_max=25.0 actual_max=21.8
[rosout][INFO] 2026-07-23 23:32:03,781: control target=10 agent=10 armed=10 cmd_max=25.0 actual_max=21.9
[rosout][INFO] 2026-07-23 23:32:04,382: control target=10 agent=10 armed=10 cmd_max=25.0 actual_max=22.0
[rosout][INFO] 2026-07-23 23:32:04,881: control target=10 agent=10 armed=10 cmd_max=25.0 actual_max=22.1
[rosout][INFO] 2026-07-23 23:32:05,381: control target=10 agent=10 armed=10 cmd_max=25.0 actual_max=22.2
[rosout][INFO] 2026-07-23 23:32:05,982: control target=10 agent=10 armed=10 cmd_max=25.0 actual_max=22.4
[rosout][INFO] 2026-07-23 23:32:06,581: control target=10 agent=10 armed=10 cmd_max=25.0 actual_max=22.5
[rosout][INFO] 2026-07-23 23:32:07,181: control target=10 agent=10 armed=10 cmd_max=25.0 actual_max=22.7
[rosout][INFO] 2026-07-23 23:32:07,781: control target=10 agent=10 armed=10 cmd_max=25.0 actual_max=22.8
[rosout][INFO] 2026-07-23 23:32:08,282: control target=10 agent=10 armed=10 cmd_max=25.0 actual_max=23.0
[rosout][INFO] 2026-07-23 23:32:08,880: control target=10 agent=10 armed=10 cmd_max=25.0 actual_max=23.1
[rosout][INFO] 2026-07-23 23:32:09,480: control target=10 agent=10 armed=10 cmd_max=25.0 actual_max=23.2
[rosout][INFO] 2026-07-23 23:32:09,983: control target=10 agent=10 armed=10 cmd_max=25.0 actual_max=23.4
[rosout][INFO] 2026-07-23 23:32:10,482: control target=10 agent=10 armed=10 cmd_max=25.0 actual_max=23.5
[rosout][INFO] 2026-07-23 23:32:11,080: control target=10 agent=10 armed=10 cmd_max=25.0 actual_max=23.6
[rosout][INFO] 2026-07-23 23:32:11,581: control target=10 agent=10 armed=10 cmd_max=25.0 actual_max=23.8
[rosout][INFO] 2026-07-23 23:32:12,080: control target=10 agent=10 armed=10 cmd_max=25.0 actual_max=23.9
[rosout][INFO] 2026-07-23 23:32:12,680: control target=10 agent=10 armed=10 cmd_max=25.0 actual_max=24.0
[rosout][INFO] 2026-07-23 23:32:13,280: control target=10 agent=10 armed=10 cmd_max=25.0 actual_max=23.9
[rosout][INFO] 2026-07-23 23:32:13,781: control target=10 agent=10 armed=10 cmd_max=25.0 actual_max=24.0
[rosout][INFO] 2026-07-23 23:32:14,280: control target=10 agent=10 armed=10 cmd_max=25.0 actual_max=24.1
[rosout][INFO] 2026-07-23 23:32:14,880: control target=10 agent=10 armed=10 cmd_max=25.0 actual_max=24.0
[rosout][INFO] 2026-07-23 23:32:15,381: control target=10 agent=10 armed=10 cmd_max=25.0 actual_max=22.8
[rosout][INFO] 2026-07-23 23:32:15,981: control target=10 agent=10 armed=10 cmd_max=25.0 actual_max=21.2
[rosout][INFO] 2026-07-23 23:32:16,480: control target=10 agent=10 armed=10 cmd_max=25.0 actual_max=20.3
[rosout][INFO] 2026-07-23 23:32:17,080: control target=10 agent=10 armed=10 cmd_max=25.0 actual_max=19.7
[rosout][INFO] 2026-07-23 23:32:17,581: control target=10 agent=10 armed=10 cmd_max=25.0 actual_max=19.7
[rosout][INFO] 2026-07-23 23:32:18,080: control target=10 agent=10 armed=10 cmd_max=25.0 actual_max=20.1
[rosout][INFO] 2026-07-23 23:32:18,680: control target=10 agent=10 armed=10 cmd_max=25.0 actual_max=20.7
[rosout][INFO] 2026-07-23 23:32:19,280: control target=10 agent=10 armed=10 cmd_max=25.0 actual_max=21.0
[rosout][INFO] 2026-07-23 23:32:19,880: control target=10 agent=10 armed=10 cmd_max=25.0 actual_max=21.0
[rosout][INFO] 2026-07-23 23:32:20,381: control target=10 agent=10 armed=10 cmd_max=25.0 actual_max=21.0
[rosout][INFO] 2026-07-23 23:32:20,981: control target=10 agent=10 armed=10 cmd_max=25.0 actual_max=21.5
[rosout][INFO] 2026-07-23 23:32:21,581: control target=10 agent=10 armed=10 cmd_max=25.0 actual_max=22.2
[rosout][INFO] 2026-07-23 23:32:22,181: control target=10 agent=10 armed=10 cmd_max=25.0 actual_max=22.6
[rosout][INFO] 2026-07-23 23:32:22,680: control target=10 agent=10 armed=10 cmd_max=25.0 actual_max=22.4
[rosout][INFO] 2026-07-23 23:32:23,280: control target=10 agent=10 armed=10 cmd_max=25.0 actual_max=21.7
[rosout][INFO] 2026-07-23 23:32:23,880: control target=10 agent=10 armed=10 cmd_max=25.0 actual_max=20.8
[rosout][INFO] 2026-07-23 23:32:24,381: control target=10 agent=10 armed=10 cmd_max=25.0 actual_max=20.0
[rosout][INFO] 2026-07-23 23:32:24,981: control target=10 agent=10 armed=10 cmd_max=25.0 actual_max=19.0
[rosout][INFO] 2026-07-23 23:32:25,582: control target=10 agent=10 armed=10 cmd_max=25.0 actual_max=18.4
[rosout][INFO] 2026-07-23 23:32:26,082: control target=10 agent=10 armed=10 cmd_max=25.0 actual_max=19.5
[rosout][INFO] 2026-07-23 23:32:26,680: control target=10 agent=10 armed=10 cmd_max=25.0 actual_max=21.0
[rosout][INFO] 2026-07-23 23:32:27,181: control target=10 agent=10 armed=10 cmd_max=25.0 actual_max=21.8
[rosout][INFO] 2026-07-23 23:32:27,781: control target=10 agent=10 armed=10 cmd_max=25.0 actual_max=22.0
[rosout][INFO] 2026-07-23 23:32:28,280: control target=10 agent=10 armed=10 cmd_max=25.0 actual_max=21.6
[rosout][INFO] 2026-07-23 23:32:28,882: control target=10 agent=10 armed=10 cmd_max=25.0 actual_max=21.2
[rosout][INFO] 2026-07-23 23:32:29,481: control target=10 agent=10 armed=10 cmd_max=25.0 actual_max=21.2
[rosout][INFO] 2026-07-23 23:32:30,081: control target=10 agent=10 armed=10 cmd_max=25.0 actual_max=21.8
[rosout][INFO] 2026-07-23 23:32:30,581: control target=10 agent=10 armed=10 cmd_max=25.0 actual_max=21.5
[rosout][INFO] 2026-07-23 23:32:31,081: control target=10 agent=10 armed=10 cmd_max=25.0 actual_max=21.8
[rosout][INFO] 2026-07-23 23:32:31,681: control target=10 agent=10 armed=10 cmd_max=25.0 actual_max=22.0
[rosout][INFO] 2026-07-23 23:32:32,280: control target=10 agent=10 armed=10 cmd_max=25.0 actual_max=21.8
[rosout][INFO] 2026-07-23 23:32:32,782: control target=10 agent=10 armed=10 cmd_max=25.0 actual_max=21.8
[rosout][INFO] 2026-07-23 23:32:33,381: control target=10 agent=10 armed=10 cmd_max=25.0 actual_max=21.4
[rosout][INFO] 2026-07-23 23:32:33,983: control target=10 agent=10 armed=10 cmd_max=25.0 actual_max=20.9
[rosout][INFO] 2026-07-23 23:32:34,581: control target=10 agent=10 armed=10 cmd_max=25.0 actual_max=21.0
[rosout][INFO] 2026-07-23 23:32:35,080: control target=10 agent=10 armed=10 cmd_max=25.0 actual_max=21.5
[rosout][INFO] 2026-07-23 23:32:35,680: control target=10 agent=10 armed=10 cmd_max=25.0 actual_max=22.4
[rosout][INFO] 2026-07-23 23:32:36,280: control target=10 agent=10 armed=10 cmd_max=25.0 actual_max=23.4
[rosout][INFO] 2026-07-23 23:32:36,781: control target=10 agent=10 armed=10 cmd_max=25.0 actual_max=23.4
[rosout][INFO] 2026-07-23 23:32:37,280: control target=10 agent=10 armed=10 cmd_max=25.0 actual_max=24.3
[rosout][INFO] 2026-07-23 23:32:37,880: control target=10 agent=10 armed=10 cmd_max=25.0 actual_max=24.5
[rosout][INFO] 2026-07-23 23:32:38,381: control target=10 agent=10 armed=10 cmd_max=25.0 actual_max=23.2
[rosout][INFO] 2026-07-23 23:32:38,880: control target=10 agent=10 armed=10 cmd_max=25.0 actual_max=24.5
[rosout][INFO] 2026-07-23 23:32:39,482: control target=10 agent=10 armed=10 cmd_max=25.0 actual_max=23.6
[rosout][INFO] 2026-07-23 23:32:40,080: control target=10 agent=10 armed=10 cmd_max=25.0 actual_max=24.0
[rosout][INFO] 2026-07-23 23:32:40,680: control target=10 agent=10 armed=10 cmd_max=25.0 actual_max=24.4
[rosout][INFO] 2026-07-23 23:32:41,280: control target=10 agent=10 armed=10 cmd_max=25.0 actual_max=24.2
[rosout][INFO] 2026-07-23 23:32:41,880: control target=10 agent=10 armed=10 cmd_max=25.0 actual_max=23.4
[rosout][INFO] 2026-07-23 23:32:42,482: control target=10 agent=10 armed=10 cmd_max=25.0 actual_max=22.7
[rosout][INFO] 2026-07-23 23:32:42,983: control target=10 agent=10 armed=10 cmd_max=25.0 actual_max=21.0
[rosout][INFO] 2026-07-23 23:32:43,581: control target=10 agent=10 armed=10 cmd_max=25.0 actual_max=20.0
[rosout][INFO] 2026-07-23 23:32:44,080: control target=10 agent=10 armed=10 cmd_max=25.0 actual_max=19.0
[rosout][INFO] 2026-07-23 23:32:44,680: control target=10 agent=10 armed=10 cmd_max=25.0 actual_max=17.9
[rosout][INFO] 2026-07-23 23:32:45,280: control target=10 agent=10 armed=10 cmd_max=25.0 actual_max=16.8
[rosout][INFO] 2026-07-23 23:32:45,880: control target=10 agent=10 armed=10 cmd_max=24.9 actual_max=16.1
[rosout][INFO] 2026-07-23 23:32:46,381: control target=10 agent=10 armed=10 cmd_max=24.7 actual_max=15.9
[rosout][INFO] 2026-07-23 23:32:46,880: control target=10 agent=10 armed=10 cmd_max=24.4 actual_max=16.0
[rosout][INFO] 2026-07-23 23:32:47,481: control target=10 agent=10 armed=10 cmd_max=23.8 actual_max=16.1
[rosout][INFO] 2026-07-23 23:32:48,080: control target=10 agent=10 armed=10 cmd_max=23.4 actual_max=15.5
[rosout][INFO] 2026-07-23 23:32:48,680: control target=10 agent=10 armed=10 cmd_max=23.1 actual_max=15.1
[rosout][INFO] 2026-07-23 23:32:49,281: control target=10 agent=10 armed=10 cmd_max=23.0 actual_max=14.6
[rosout][INFO] 2026-07-23 23:32:49,880: control target=10 agent=10 armed=10 cmd_max=23.8 actual_max=14.3
[rosout][INFO] 2026-07-23 23:32:50,381: control target=10 agent=10 armed=10 cmd_max=25.0 actual_max=14.6
[rosout][INFO] 2026-07-23 23:32:50,981: control target=10 agent=10 armed=10 cmd_max=25.0 actual_max=15.1
[rosout][INFO] 2026-07-23 23:32:51,481: control target=10 agent=10 armed=10 cmd_max=25.0 actual_max=15.8
[rosout][INFO] 2026-07-23 23:32:51,984: control target=10 agent=10 armed=10 cmd_max=25.0 actual_max=16.8
[rosout][INFO] 2026-07-23 23:32:52,581: control target=10 agent=10 armed=10 cmd_max=25.0 actual_max=18.9
[rosout][INFO] 2026-07-23 23:32:53,181: control target=10 agent=10 armed=10 cmd_max=25.0 actual_max=20.2
[rosout][INFO] 2026-07-23 23:32:53,781: control target=10 agent=10 armed=10 cmd_max=25.0 actual_max=20.8
[rosout][INFO] 2026-07-23 23:32:54,280: control target=10 agent=10 armed=10 cmd_max=25.0 actual_max=21.5
[rosout][INFO] 2026-07-23 23:32:54,880: control target=10 agent=10 armed=10 cmd_max=25.0 actual_max=22.6
[rosout][INFO] 2026-07-23 23:32:55,482: control target=10 agent=10 armed=10 cmd_max=25.0 actual_max=23.8
[rosout][INFO] 2026-07-23 23:32:56,081: control target=10 agent=10 armed=10 cmd_max=25.0 actual_max=24.4
[rosout][INFO] 2026-07-23 23:32:56,680: control target=10 agent=10 armed=10 cmd_max=25.0 actual_max=24.4
[rosout][INFO] 2026-07-23 23:32:57,280: control target=10 agent=10 armed=10 cmd_max=25.0 actual_max=24.4
[rosout][INFO] 2026-07-23 23:32:57,781: control target=10 agent=10 armed=10 cmd_max=25.0 actual_max=24.3
[rosout][INFO] 2026-07-23 23:32:58,381: control target=10 agent=10 armed=10 cmd_max=25.0 actual_max=24.3
[rosout][INFO] 2026-07-23 23:32:58,981: control target=10 agent=10 armed=10 cmd_max=25.0 actual_max=23.5
[rosout][INFO] 2026-07-23 23:32:59,581: control target=10 agent=10 armed=10 cmd_max=25.0 actual_max=22.0
[rosout][INFO] 2026-07-23 23:33:00,080: control target=10 agent=10 armed=10 cmd_max=25.0 actual_max=23.2
[rosout][INFO] 2026-07-23 23:33:00,680: control target=10 agent=10 armed=10 cmd_max=25.0 actual_max=24.4
[rosout][INFO] 2026-07-23 23:33:01,280: control target=10 agent=10 armed=10 cmd_max=25.0 actual_max=24.4
[rosout][INFO] 2026-07-23 23:33:01,782: control target=10 agent=10 armed=10 cmd_max=25.0 actual_max=24.3
[rosout][INFO] 2026-07-23 23:33:02,281: control target=10 agent=10 armed=10 cmd_max=25.0 actual_max=24.3
[rosout][INFO] 2026-07-23 23:33:02,880: control target=9 agent=9 armed=9 cmd_max=25.0 actual_max=24.3
[rosout][INFO] 2026-07-23 23:33:03,381: control target=8 agent=9 armed=9 cmd_max=25.0 actual_max=24.3
[rosout][INFO] 2026-07-23 23:33:03,881: control target=8 agent=9 armed=8 cmd_max=25.0 actual_max=24.3
[rosout][INFO] 2026-07-23 23:33:04,482: control target=8 agent=8 armed=8 cmd_max=25.0 actual_max=23.2
[rosout][INFO] 2026-07-23 23:33:04,983: control target=8 agent=8 armed=8 cmd_max=25.0 actual_max=21.3
[rosout][INFO] 2026-07-23 23:33:05,580: control target=8 agent=8 armed=8 cmd_max=25.0 actual_max=21.2
[rosout][INFO] 2026-07-23 23:33:06,080: control target=8 agent=8 armed=8 cmd_max=25.0 actual_max=22.2
[rosout][INFO] 2026-07-23 23:33:06,680: control target=7 agent=7 armed=8 cmd_max=25.0 actual_max=23.7
[rosout][INFO] 2026-07-23 23:33:07,279: control target=5 agent=5 armed=6 cmd_max=25.0 actual_max=24.2
[rosout][INFO] 2026-07-23 23:33:07,779: control target=4 agent=4 armed=5 cmd_max=25.0 actual_max=24.3
[rosout][INFO] 2026-07-23 23:33:08,379: control target=4 agent=4 armed=4 cmd_max=25.0 actual_max=24.3
[rosout][INFO] 2026-07-23 23:33:08,980: control target=4 agent=4 armed=4 cmd_max=25.0 actual_max=24.3
[rosout][INFO] 2026-07-23 23:33:09,479: control target=4 agent=4 armed=4 cmd_max=25.0 actual_max=23.2
[rosout][INFO] 2026-07-23 23:33:09,980: control target=4 agent=4 armed=4 cmd_max=25.0 actual_max=22.7
[rosout][INFO] 2026-07-23 23:33:10,480: control target=4 agent=4 armed=4 cmd_max=25.0 actual_max=23.3
[rosout][INFO] 2026-07-23 23:33:11,079: control target=4 agent=4 armed=4 cmd_max=25.0 actual_max=22.3
[rosout][INFO] 2026-07-23 23:33:11,679: control target=4 agent=4 armed=4 cmd_max=25.0 actual_max=21.4
[rosout][INFO] 2026-07-23 23:33:12,179: control target=3 agent=3 armed=3 cmd_max=25.0 actual_max=20.6
[rosout][INFO] 2026-07-23 23:33:12,779: control target=3 agent=3 armed=3 cmd_max=25.0 actual_max=20.1
[rosout][INFO] 2026-07-23 23:33:13,379: control target=3 agent=3 armed=3 cmd_max=25.0 actual_max=20.1
[rosout][INFO] 2026-07-23 23:33:13,981: control target=3 agent=3 armed=3 cmd_max=25.0 actual_max=20.1
[rosout][INFO] 2026-07-23 23:33:14,579: control target=2 agent=2 armed=2 cmd_max=25.0 actual_max=18.0
[rosout][INFO] 2026-07-23 23:33:15,079: control target=2 agent=2 armed=2 cmd_max=25.0 actual_max=18.7
[rosout][INFO] 2026-07-23 23:33:15,579: control target=2 agent=2 armed=2 cmd_max=25.0 actual_max=19.6
[rosout][INFO] 2026-07-23 23:33:16,079: control target=2 agent=2 armed=2 cmd_max=25.0 actual_max=20.6
[rosout][INFO] 2026-07-23 23:33:16,679: control target=2 agent=2 armed=2 cmd_max=25.0 actual_max=21.9
[rosout][INFO] 2026-07-23 23:33:17,279: control target=2 agent=2 armed=2 cmd_max=25.0 actual_max=23.3
[rosout][INFO] 2026-07-23 23:33:17,779: control target=2 agent=2 armed=2 cmd_max=25.0 actual_max=24.4
[rosout][INFO] 2026-07-23 23:33:18,279: control target=2 agent=2 armed=2 cmd_max=25.0 actual_max=24.1
[rosout][INFO] 2026-07-23 23:33:18,879: control target=2 agent=2 armed=2 cmd_max=25.0 actual_max=24.3
[rosout][INFO] 2026-07-23 23:33:19,379: control target=2 agent=2 armed=2 cmd_max=25.0 actual_max=24.3
[rosout][INFO] 2026-07-23 23:33:19,981: control target=2 agent=2 armed=2 cmd_max=25.0 actual_max=24.3
[rosout][INFO] 2026-07-23 23:33:20,479: control target=2 agent=2 armed=2 cmd_max=25.0 actual_max=24.5
[rosout][INFO] 2026-07-23 23:33:21,079: control target=2 agent=2 armed=2 cmd_max=25.0 actual_max=24.3
[rosout][INFO] 2026-07-23 23:33:21,679: control target=2 agent=2 armed=2 cmd_max=25.0 actual_max=24.3
[rosout][INFO] 2026-07-23 23:33:22,280: control target=2 agent=2 armed=2 cmd_max=25.0 actual_max=24.3
[rosout][INFO] 2026-07-23 23:33:22,879: control target=1 agent=2 armed=2 cmd_max=24.1 actual_max=23.9
[rosout][INFO] 2026-07-23 23:33:23,479: control target=1 agent=2 armed=1 cmd_max=22.3 actual_max=22.0
[rosout][INFO] 2026-07-23 23:33:23,979: control target=1 agent=1 armed=1 cmd_max=21.8 actual_max=21.0
[rosout][INFO] 2026-07-23 23:33:24,579: control target=1 agent=1 armed=1 cmd_max=22.1 actual_max=20.9
[rosout][INFO] 2026-07-23 23:33:25,080: control target=1 agent=1 armed=1 cmd_max=22.6 actual_max=0.0
[rosout][INFO] 2026-07-23 23:33:25,679: control target=0 agent=1 armed=0 cmd_max=19.7 actual_max=0.0
[rosout][INFO] 2026-07-23 23:33:26,278: control target=0 agent=0 armed=0 cmd_max=0.0 actual_max=0.0
[rosout][INFO] 2026-07-23 23:33:26,779: control target=0 agent=0 armed=0 cmd_max=0.0 actual_max=0.0
[rosout][INFO] 2026-07-23 23:33:27,279: control target=0 agent=0 armed=0 cmd_max=0.0 actual_max=0.0
[rosout][INFO] 2026-07-23 23:33:27,379: 全部目标话题已超时，结束控制循环
[rospy.core][INFO] 2026-07-23 23:33:27,632: signal_shutdown [atexit]
[rospy.internal][INFO] 2026-07-23 23:33:27,638: topic[/rosout] removing connection to /rosout
[rospy.internal][INFO] 2026-07-23 23:33:27,639: topic[/mavros/setpoint_raw/local] removing connection to /rostrans_ros1
[rospy.internal][INFO] 2026-07-23 23:33:27,639: topic[/mavros2/setpoint_raw/local] removing connection to /rostrans_ros1
[rospy.internal][INFO] 2026-07-23 23:33:27,639: topic[/mavros3/setpoint_raw/local] removing connection to /rostrans_ros1
[rospy.internal][INFO] 2026-07-23 23:33:27,639: topic[/mavros4/setpoint_raw/local] removing connection to /rostrans_ros1
[rospy.internal][INFO] 2026-07-23 23:33:27,639: topic[/mavros5/setpoint_raw/local] removing connection to /rostrans_ros1
[rospy.internal][INFO] 2026-07-23 23:33:27,639: topic[/mavros6/setpoint_raw/local] removing connection to /rostrans_ros1
[rospy.internal][INFO] 2026-07-23 23:33:27,639: topic[/mavros7/setpoint_raw/local] removing connection to /rostrans_ros1
[rospy.internal][INFO] 2026-07-23 23:33:27,639: topic[/mavros8/setpoint_raw/local] removing connection to /rostrans_ros1
[rospy.internal][INFO] 2026-07-23 23:33:27,640: topic[/mavros9/setpoint_raw/local] removing connection to /rostrans_ros1
[rospy.internal][INFO] 2026-07-23 23:33:27,640: topic[/mavros10/setpoint_raw/local] removing connection to /rostrans_ros1
[rospy.internal][INFO] 2026-07-23 23:33:27,640: topic[/interceptor1/origin] removing connection to http://gpufree-container:34133/
[rospy.internal][INFO] 2026-07-23 23:33:27,641: topic[/mavros/local_position/odom] removing connection to http://gpufree-container:44951/
[rospy.internal][INFO] 2026-07-23 23:33:27,641: topic[/mavros/state] removing connection to http://gpufree-container:44951/
[rospy.internal][INFO] 2026-07-23 23:33:27,641: topic[/mavros/state] removing connection to http://gpufree-container:44951/
[rospy.internal][INFO] 2026-07-23 23:33:27,642: topic[/radar/target1/position] removing connection to http://gpufree-container:34133/
[rospy.internal][INFO] 2026-07-23 23:33:27,642: topic[/interceptor2/origin] removing connection to http://gpufree-container:34133/
[rospy.internal][INFO] 2026-07-23 23:33:27,642: topic[/mavros2/local_position/odom] removing connection to http://gpufree-container:44951/
[rospy.internal][INFO] 2026-07-23 23:33:27,642: topic[/mavros2/state] removing connection to http://gpufree-container:44951/
[rospy.internal][INFO] 2026-07-23 23:33:27,643: topic[/radar/target2/position] removing connection to http://gpufree-container:34133/
[rospy.internal][INFO] 2026-07-23 23:33:27,643: topic[/interceptor3/origin] removing connection to http://gpufree-container:34133/
[rospy.internal][INFO] 2026-07-23 23:33:27,643: topic[/mavros3/local_position/odom] removing connection to http://gpufree-container:44951/
[rospy.internal][INFO] 2026-07-23 23:33:27,643: topic[/mavros3/state] removing connection to http://gpufree-container:44951/
[rospy.internal][INFO] 2026-07-23 23:33:27,643: topic[/mavros3/state] removing connection to http://gpufree-container:44951/
[rospy.internal][INFO] 2026-07-23 23:33:27,644: topic[/radar/target3/position] removing connection to http://gpufree-container:34133/
[rospy.internal][INFO] 2026-07-23 23:33:27,644: topic[/interceptor4/origin] removing connection to http://gpufree-container:34133/
[rospy.internal][INFO] 2026-07-23 23:33:27,644: topic[/mavros4/local_position/odom] removing connection to http://gpufree-container:44951/
[rospy.internal][INFO] 2026-07-23 23:33:27,644: topic[/mavros4/state] removing connection to http://gpufree-container:44951/
[rospy.internal][INFO] 2026-07-23 23:33:27,645: topic[/radar/target4/position] removing connection to http://gpufree-container:34133/
[rospy.internal][INFO] 2026-07-23 23:33:27,645: topic[/interceptor5/origin] removing connection to http://gpufree-container:34133/
[rospy.internal][INFO] 2026-07-23 23:33:27,645: topic[/mavros5/local_position/odom] removing connection to http://gpufree-container:44951/
[rospy.internal][INFO] 2026-07-23 23:33:27,645: topic[/mavros5/state] removing connection to http://gpufree-container:44951/
[rospy.internal][INFO] 2026-07-23 23:33:27,645: topic[/radar/target5/position] removing connection to http://gpufree-container:34133/
[rospy.internal][INFO] 2026-07-23 23:33:27,646: topic[/interceptor6/origin] removing connection to http://gpufree-container:34133/
[rospy.internal][INFO] 2026-07-23 23:33:27,646: topic[/interceptor6/origin] removing connection to http://gpufree-container:34133/
[rospy.internal][INFO] 2026-07-23 23:33:27,646: topic[/mavros6/local_position/odom] removing connection to http://gpufree-container:44951/
[rospy.internal][INFO] 2026-07-23 23:33:27,646: topic[/mavros6/local_position/odom] removing connection to http://gpufree-container:44951/
[rospy.internal][INFO] 2026-07-23 23:33:27,647: topic[/mavros6/state] removing connection to http://gpufree-container:44951/
[rospy.internal][INFO] 2026-07-23 23:33:27,647: topic[/radar/target6/position] removing connection to http://gpufree-container:34133/
[rospy.internal][INFO] 2026-07-23 23:33:27,647: topic[/interceptor7/origin] removing connection to http://gpufree-container:34133/
[rospy.internal][INFO] 2026-07-23 23:33:27,647: topic[/mavros7/local_position/odom] removing connection to http://gpufree-container:44951/
[rospy.internal][INFO] 2026-07-23 23:33:27,648: topic[/mavros7/state] removing connection to http://gpufree-container:44951/
[rospy.internal][INFO] 2026-07-23 23:33:27,648: topic[/radar/target7/position] removing connection to http://gpufree-container:34133/
[rospy.internal][INFO] 2026-07-23 23:33:27,648: topic[/interceptor8/origin] removing connection to http://gpufree-container:34133/
[rospy.internal][INFO] 2026-07-23 23:33:27,648: topic[/mavros8/local_position/odom] removing connection to http://gpufree-container:44951/
[rospy.internal][INFO] 2026-07-23 23:33:27,649: topic[/mavros8/state] removing connection to http://gpufree-container:44951/
[rospy.internal][INFO] 2026-07-23 23:33:27,649: topic[/radar/target8/position] removing connection to http://gpufree-container:34133/
[rospy.internal][INFO] 2026-07-23 23:33:27,649: topic[/interceptor9/origin] removing connection to http://gpufree-container:34133/
[rospy.internal][INFO] 2026-07-23 23:33:27,649: topic[/mavros9/local_position/odom] removing connection to http://gpufree-container:44951/
[rospy.internal][INFO] 2026-07-23 23:33:27,649: topic[/mavros9/state] removing connection to http://gpufree-container:44951/
[rospy.internal][INFO] 2026-07-23 23:33:27,650: topic[/radar/target9/position] removing connection to http://gpufree-container:34133/
[rospy.internal][INFO] 2026-07-23 23:33:27,650: topic[/interceptor10/origin] removing connection to http://gpufree-container:34133/
[rospy.internal][INFO] 2026-07-23 23:33:27,650: topic[/mavros10/local_position/odom] removing connection to http://gpufree-container:44951/
[rospy.internal][INFO] 2026-07-23 23:33:27,650: topic[/mavros10/state] removing connection to http://gpufree-container:44951/
[rospy.internal][INFO] 2026-07-23 23:33:27,651: topic[/radar/target10/position] removing connection to http://gpufree-container:34133/
[rospy.impl.masterslave][INFO] 2026-07-23 23:33:27,651: atexit
[rospy.client][INFO] 2026-07-23 23:36:32,575: init_node, name[/zhuoyi_10v10_controller], pid[3460564]
[xmlrpc][INFO] 2026-07-23 23:36:32,613: XML-RPC server binding to 0.0.0.0:0
[xmlrpc][INFO] 2026-07-23 23:36:32,613: Started XML-RPC server [http://gpufree-container:38157/]
[rospy.init][INFO] 2026-07-23 23:36:32,613: ROS Slave URI: [http://gpufree-container:38157/]
[rospy.impl.masterslave][INFO] 2026-07-23 23:36:32,613: _ready: http://gpufree-container:38157/
[rospy.registration][INFO] 2026-07-23 23:36:32,613: Registering with master node http://localhost:11311
[xmlrpc][INFO] 2026-07-23 23:36:32,613: xml rpc node: starting XML-RPC server
[rospy.init][INFO] 2026-07-23 23:36:32,713: registered with master
[rospy.rosout][INFO] 2026-07-23 23:36:32,714: initializing /rosout core topic
[rospy.rosout][INFO] 2026-07-23 23:36:32,716: connected to core topic /rosout
[rospy.simtime][INFO] 2026-07-23 23:36:32,717: /use_sim_time is not set, will not subscribe to simulated time [/clock] topic
[rospy.internal][INFO] 2026-07-23 23:36:32,723: topic[/interceptor1/origin] adding connection to [http://gpufree-container:37237/], count 0
[rospy.internal][INFO] 2026-07-23 23:36:32,724: topic[/mavros/local_position/odom] adding connection to [http://gpufree-container:42843/], count 0
[rospy.internal][INFO] 2026-07-23 23:36:32,726: topic[/mavros/state] adding connection to [http://gpufree-container:42843/], count 0
[rospy.internal][INFO] 2026-07-23 23:36:32,729: topic[/radar/target1/position] adding connection to [http://gpufree-container:37237/], count 0
[rospy.internal][INFO] 2026-07-23 23:36:32,730: topic[/interceptor2/origin] adding connection to [http://gpufree-container:37237/], count 0
[rospy.internal][INFO] 2026-07-23 23:36:32,731: topic[/mavros2/local_position/odom] adding connection to [http://gpufree-container:42843/], count 0
[rospy.internal][INFO] 2026-07-23 23:36:32,732: topic[/mavros2/state] adding connection to [http://gpufree-container:42843/], count 0
[rospy.internal][INFO] 2026-07-23 23:36:32,735: topic[/radar/target2/position] adding connection to [http://gpufree-container:37237/], count 0
[rospy.internal][INFO] 2026-07-23 23:36:32,736: topic[/interceptor3/origin] adding connection to [http://gpufree-container:37237/], count 0
[rospy.internal][INFO] 2026-07-23 23:36:32,738: topic[/mavros3/local_position/odom] adding connection to [http://gpufree-container:42843/], count 0
[rospy.internal][INFO] 2026-07-23 23:36:32,739: topic[/mavros3/state] adding connection to [http://gpufree-container:42843/], count 0
[rospy.internal][INFO] 2026-07-23 23:36:32,742: topic[/radar/target3/position] adding connection to [http://gpufree-container:37237/], count 0
[rospy.internal][INFO] 2026-07-23 23:36:32,743: topic[/mavros4/local_position/odom] adding connection to [http://gpufree-container:42843/], count 0
[rospy.internal][INFO] 2026-07-23 23:36:32,744: topic[/interceptor4/origin] adding connection to [http://gpufree-container:37237/], count 0
[rospy.internal][INFO] 2026-07-23 23:36:32,745: topic[/mavros4/state] adding connection to [http://gpufree-container:42843/], count 0
[rospy.internal][INFO] 2026-07-23 23:36:32,747: topic[/radar/target4/position] adding connection to [http://gpufree-container:37237/], count 0
[rospy.internal][INFO] 2026-07-23 23:36:32,748: topic[/interceptor5/origin] adding connection to [http://gpufree-container:37237/], count 0
[rospy.internal][INFO] 2026-07-23 23:36:32,750: topic[/mavros5/local_position/odom] adding connection to [http://gpufree-container:42843/], count 0
[rospy.internal][INFO] 2026-07-23 23:36:32,751: topic[/mavros5/state] adding connection to [http://gpufree-container:42843/], count 0
[rospy.internal][INFO] 2026-07-23 23:36:32,753: topic[/radar/target5/position] adding connection to [http://gpufree-container:37237/], count 0
[rospy.internal][INFO] 2026-07-23 23:36:32,755: topic[/interceptor6/origin] adding connection to [http://gpufree-container:37237/], count 0
[rospy.internal][INFO] 2026-07-23 23:36:32,756: topic[/mavros6/local_position/odom] adding connection to [http://gpufree-container:42843/], count 0
[rospy.internal][INFO] 2026-07-23 23:36:32,757: topic[/mavros6/state] adding connection to [http://gpufree-container:42843/], count 0
[rospy.internal][INFO] 2026-07-23 23:36:32,758: topic[/radar/target6/position] adding connection to [http://gpufree-container:37237/], count 0
[rospy.internal][INFO] 2026-07-23 23:36:32,760: topic[/interceptor7/origin] adding connection to [http://gpufree-container:37237/], count 0
[rospy.internal][INFO] 2026-07-23 23:36:32,761: topic[/mavros7/local_position/odom] adding connection to [http://gpufree-container:42843/], count 0
[rospy.internal][INFO] 2026-07-23 23:36:32,762: topic[/mavros7/state] adding connection to [http://gpufree-container:42843/], count 0
[rospy.internal][INFO] 2026-07-23 23:36:32,764: topic[/radar/target7/position] adding connection to [http://gpufree-container:37237/], count 0
[rospy.internal][INFO] 2026-07-23 23:36:32,766: topic[/interceptor8/origin] adding connection to [http://gpufree-container:37237/], count 0
[rospy.internal][INFO] 2026-07-23 23:36:32,767: topic[/mavros8/local_position/odom] adding connection to [http://gpufree-container:42843/], count 0
[rospy.internal][INFO] 2026-07-23 23:36:32,768: topic[/mavros8/state] adding connection to [http://gpufree-container:42843/], count 0
[rospy.internal][INFO] 2026-07-23 23:36:32,769: topic[/radar/target8/position] adding connection to [http://gpufree-container:37237/], count 0
[rospy.internal][INFO] 2026-07-23 23:36:32,771: topic[/interceptor9/origin] adding connection to [http://gpufree-container:37237/], count 0
[rospy.internal][INFO] 2026-07-23 23:36:32,772: topic[/mavros9/local_position/odom] adding connection to [http://gpufree-container:42843/], count 0
[rospy.internal][INFO] 2026-07-23 23:36:32,774: topic[/mavros9/state] adding connection to [http://gpufree-container:42843/], count 0
[rospy.internal][INFO] 2026-07-23 23:36:32,775: topic[/radar/target9/position] adding connection to [http://gpufree-container:37237/], count 0
[rospy.internal][INFO] 2026-07-23 23:36:32,777: topic[/interceptor10/origin] adding connection to [http://gpufree-container:37237/], count 0
[rospy.internal][INFO] 2026-07-23 23:36:32,778: topic[/mavros10/local_position/odom] adding connection to [http://gpufree-container:42843/], count 0
[rospy.internal][INFO] 2026-07-23 23:36:32,779: topic[/mavros10/state] adding connection to [http://gpufree-container:42843/], count 0
[rosout][INFO] 2026-07-23 23:36:32,779: 等待公开话题 origin=1/10 odom=7/10 state=0/10 target=0/10
[rospy.internal][INFO] 2026-07-23 23:36:32,783: topic[/radar/target10/position] adding connection to [http://gpufree-container:37237/], count 0
[rosout][INFO] 2026-07-23 23:36:32,979: 公开话题已就绪 origin=10 odom=10 state=9 target=10
[rospy.internal][INFO] 2026-07-23 23:36:32,982: topic[/rosout] adding connection to [/rosout], count 0
[rosout][INFO] 2026-07-23 23:36:32,981: 预热 10 路设定点流 2.0 秒
[rospy.internal][INFO] 2026-07-23 23:36:32,988: topic[/mavros/setpoint_raw/local] adding connection to [/rostrans_ros1], count 0
[rospy.internal][INFO] 2026-07-23 23:36:32,988: topic[/mavros2/setpoint_raw/local] adding connection to [/rostrans_ros1], count 0
[rospy.internal][INFO] 2026-07-23 23:36:32,989: topic[/mavros3/setpoint_raw/local] adding connection to [/rostrans_ros1], count 0
[rospy.internal][INFO] 2026-07-23 23:36:32,990: topic[/mavros4/setpoint_raw/local] adding connection to [/rostrans_ros1], count 0
[rospy.internal][INFO] 2026-07-23 23:36:32,990: topic[/mavros5/setpoint_raw/local] adding connection to [/rostrans_ros1], count 0
[rospy.internal][INFO] 2026-07-23 23:36:32,990: topic[/mavros6/setpoint_raw/local] adding connection to [/rostrans_ros1], count 0
[rospy.internal][INFO] 2026-07-23 23:36:32,990: topic[/mavros7/setpoint_raw/local] adding connection to [/rostrans_ros1], count 0
[rospy.internal][INFO] 2026-07-23 23:36:32,991: topic[/mavros8/setpoint_raw/local] adding connection to [/rostrans_ros1], count 0
[rospy.internal][INFO] 2026-07-23 23:36:32,991: topic[/mavros9/setpoint_raw/local] adding connection to [/rostrans_ros1], count 0
[rospy.internal][INFO] 2026-07-23 23:36:32,991: topic[/mavros10/setpoint_raw/local] adding connection to [/rostrans_ros1], count 0
[rosout][INFO] 2026-07-23 23:36:35,011: 并发解锁 retry=1 armed=0/10 offboard=0/10 service_ok=10/10
[rosout][INFO] 2026-07-23 23:36:35,436: 并发解锁 retry=2 armed=10/10 offboard=10/10 service_ok=10/10
[rosout][INFO] 2026-07-23 23:36:35,440: control target=10 agent=10 armed=10 cmd_max=0.0 actual_max=0.0
[rosout][INFO] 2026-07-23 23:36:35,940: control target=10 agent=10 armed=10 cmd_max=2.4 actual_max=1.6
[rosout][INFO] 2026-07-23 23:36:36,440: control target=10 agent=10 armed=10 cmd_max=4.2 actual_max=3.0
[rosout][INFO] 2026-07-23 23:36:37,040: control target=10 agent=10 armed=10 cmd_max=6.7 actual_max=4.7
[rosout][INFO] 2026-07-23 23:36:37,640: control target=10 agent=10 armed=10 cmd_max=9.5 actual_max=7.4
[rosout][INFO] 2026-07-23 23:36:38,240: control target=10 agent=10 armed=10 cmd_max=12.4 actual_max=10.1
[rosout][INFO] 2026-07-23 23:36:38,740: control target=10 agent=10 armed=10 cmd_max=14.8 actual_max=12.6
[rosout][INFO] 2026-07-23 23:36:39,340: control target=10 agent=10 armed=10 cmd_max=17.8 actual_max=15.0
[rosout][INFO] 2026-07-23 23:36:39,840: control target=10 agent=10 armed=10 cmd_max=20.3 actual_max=16.1
[rosout][INFO] 2026-07-23 23:36:40,340: control target=10 agent=10 armed=10 cmd_max=22.8 actual_max=16.8
[rosout][INFO] 2026-07-23 23:36:40,940: control target=10 agent=10 armed=10 cmd_max=25.7 actual_max=17.5
[rosout][INFO] 2026-07-23 23:36:41,440: control target=10 agent=10 armed=10 cmd_max=28.2 actual_max=18.0
[rosout][INFO] 2026-07-23 23:36:41,940: control target=10 agent=10 armed=10 cmd_max=30.0 actual_max=18.6
[rosout][INFO] 2026-07-23 23:36:42,540: control target=10 agent=10 armed=10 cmd_max=30.0 actual_max=19.0
[rosout][INFO] 2026-07-23 23:36:43,140: control target=10 agent=10 armed=10 cmd_max=30.0 actual_max=19.3
[rosout][INFO] 2026-07-23 23:36:43,640: control target=10 agent=10 armed=10 cmd_max=30.0 actual_max=19.6
[rosout][INFO] 2026-07-23 23:36:44,140: control target=10 agent=10 armed=10 cmd_max=30.0 actual_max=19.7
[rosout][INFO] 2026-07-23 23:36:44,740: control target=10 agent=10 armed=10 cmd_max=30.0 actual_max=20.1
[rosout][INFO] 2026-07-23 23:36:45,340: control target=10 agent=10 armed=10 cmd_max=30.0 actual_max=20.3
[rosout][INFO] 2026-07-23 23:36:45,940: control target=10 agent=10 armed=10 cmd_max=30.0 actual_max=20.5
[rosout][INFO] 2026-07-23 23:36:46,440: control target=10 agent=10 armed=10 cmd_max=30.0 actual_max=20.7
[rosout][INFO] 2026-07-23 23:36:46,940: control target=10 agent=10 armed=10 cmd_max=30.0 actual_max=20.9
[rosout][INFO] 2026-07-23 23:36:47,540: control target=10 agent=10 armed=10 cmd_max=30.0 actual_max=21.2
[rosout][INFO] 2026-07-23 23:36:48,040: control target=10 agent=10 armed=10 cmd_max=30.0 actual_max=21.3
[rosout][INFO] 2026-07-23 23:36:48,640: control target=10 agent=10 armed=10 cmd_max=30.0 actual_max=21.5
[rosout][INFO] 2026-07-23 23:36:49,240: control target=10 agent=10 armed=10 cmd_max=30.0 actual_max=21.8
[rosout][INFO] 2026-07-23 23:36:49,840: control target=10 agent=10 armed=10 cmd_max=30.0 actual_max=22.5
[rosout][INFO] 2026-07-23 23:36:50,440: control target=10 agent=10 armed=10 cmd_max=30.0 actual_max=22.8
[rosout][INFO] 2026-07-23 23:36:51,040: control target=10 agent=10 armed=10 cmd_max=30.0 actual_max=22.9
[rosout][INFO] 2026-07-23 23:36:51,640: control target=10 agent=10 armed=10 cmd_max=30.0 actual_max=23.1
[rosout][INFO] 2026-07-23 23:36:52,140: control target=10 agent=10 armed=10 cmd_max=30.0 actual_max=23.1
[rosout][INFO] 2026-07-23 23:36:52,740: control target=10 agent=10 armed=10 cmd_max=30.0 actual_max=23.2
[rosout][INFO] 2026-07-23 23:36:53,340: control target=10 agent=10 armed=10 cmd_max=30.0 actual_max=23.3
[rosout][INFO] 2026-07-23 23:36:53,840: control target=10 agent=10 armed=10 cmd_max=30.0 actual_max=23.4
[rosout][INFO] 2026-07-23 23:36:54,440: control target=10 agent=10 armed=10 cmd_max=30.0 actual_max=23.5
[rosout][INFO] 2026-07-23 23:36:54,940: control target=10 agent=10 armed=10 cmd_max=30.0 actual_max=23.6
[rosout][INFO] 2026-07-23 23:36:55,540: control target=10 agent=10 armed=10 cmd_max=30.0 actual_max=23.7
[rosout][INFO] 2026-07-23 23:36:56,140: control target=10 agent=10 armed=10 cmd_max=30.0 actual_max=23.8
[rosout][INFO] 2026-07-23 23:36:56,640: control target=10 agent=10 armed=10 cmd_max=30.0 actual_max=23.9
[rosout][INFO] 2026-07-23 23:36:57,140: control target=10 agent=10 armed=10 cmd_max=30.0 actual_max=24.0
[rosout][INFO] 2026-07-23 23:36:57,640: control target=10 agent=10 armed=10 cmd_max=30.0 actual_max=24.1
[rosout][INFO] 2026-07-23 23:36:58,240: control target=10 agent=10 armed=10 cmd_max=30.0 actual_max=24.2
[rosout][INFO] 2026-07-23 23:36:58,740: control target=10 agent=10 armed=10 cmd_max=30.0 actual_max=24.3
[rosout][INFO] 2026-07-23 23:36:59,240: control target=10 agent=10 armed=10 cmd_max=30.0 actual_max=24.4
[rosout][INFO] 2026-07-23 23:36:59,840: control target=10 agent=10 armed=10 cmd_max=30.0 actual_max=24.5
[rosout][INFO] 2026-07-23 23:37:00,440: control target=10 agent=10 armed=10 cmd_max=30.0 actual_max=24.7
[rosout][INFO] 2026-07-23 23:37:00,940: control target=10 agent=10 armed=10 cmd_max=30.0 actual_max=24.8
[rosout][INFO] 2026-07-23 23:37:01,540: control target=10 agent=10 armed=10 cmd_max=30.0 actual_max=25.0
[rosout][INFO] 2026-07-23 23:37:02,140: control target=10 agent=10 armed=10 cmd_max=30.0 actual_max=24.8
[rosout][INFO] 2026-07-23 23:37:02,740: control target=10 agent=10 armed=10 cmd_max=30.0 actual_max=24.9
[rosout][INFO] 2026-07-23 23:37:03,240: control target=10 agent=10 armed=10 cmd_max=30.0 actual_max=25.0
[rosout][INFO] 2026-07-23 23:37:03,840: control target=10 agent=10 armed=10 cmd_max=30.0 actual_max=24.9
[rosout][INFO] 2026-07-23 23:37:04,340: control target=10 agent=10 armed=10 cmd_max=30.0 actual_max=23.3
[rosout][INFO] 2026-07-23 23:37:04,940: control target=10 agent=10 armed=10 cmd_max=30.0 actual_max=21.3
[rosout][INFO] 2026-07-23 23:37:05,440: control target=10 agent=10 armed=10 cmd_max=30.0 actual_max=20.1
[rosout][INFO] 2026-07-23 23:37:05,940: control target=10 agent=10 armed=10 cmd_max=30.0 actual_max=19.5
[rosout][INFO] 2026-07-23 23:37:06,440: control target=10 agent=10 armed=10 cmd_max=30.0 actual_max=19.6
[rosout][INFO] 2026-07-23 23:37:06,940: control target=10 agent=10 armed=10 cmd_max=30.0 actual_max=19.7
[rosout][INFO] 2026-07-23 23:37:07,440: control target=10 agent=10 armed=10 cmd_max=30.0 actual_max=19.7
[rosout][INFO] 2026-07-23 23:37:08,040: control target=10 agent=10 armed=10 cmd_max=30.0 actual_max=19.2
[rosout][INFO] 2026-07-23 23:37:08,640: control target=10 agent=10 armed=10 cmd_max=30.0 actual_max=19.0
[rosout][INFO] 2026-07-23 23:37:09,240: control target=10 agent=10 armed=10 cmd_max=30.0 actual_max=19.3
[rosout][INFO] 2026-07-23 23:37:09,740: control target=10 agent=10 armed=10 cmd_max=30.0 actual_max=19.7
[rosout][INFO] 2026-07-23 23:37:10,240: control target=10 agent=10 armed=10 cmd_max=30.0 actual_max=19.8
[rosout][INFO] 2026-07-23 23:37:10,740: control target=10 agent=10 armed=10 cmd_max=30.0 actual_max=19.6
[rosout][INFO] 2026-07-23 23:37:11,340: control target=10 agent=10 armed=10 cmd_max=30.0 actual_max=19.4
[rosout][INFO] 2026-07-23 23:37:11,940: control target=10 agent=10 armed=10 cmd_max=30.0 actual_max=19.5
[rosout][INFO] 2026-07-23 23:37:12,440: control target=10 agent=10 armed=10 cmd_max=30.0 actual_max=19.5
[rosout][INFO] 2026-07-23 23:37:12,940: control target=10 agent=10 armed=10 cmd_max=30.0 actual_max=19.1
[rosout][INFO] 2026-07-23 23:37:13,540: control target=10 agent=10 armed=10 cmd_max=30.0 actual_max=18.5
[rosout][INFO] 2026-07-23 23:37:14,040: control target=10 agent=10 armed=10 cmd_max=30.0 actual_max=18.3
[rosout][INFO] 2026-07-23 23:37:14,540: control target=10 agent=10 armed=10 cmd_max=30.0 actual_max=18.6
[rosout][INFO] 2026-07-23 23:37:15,140: control target=10 agent=10 armed=10 cmd_max=30.0 actual_max=19.2
[rosout][INFO] 2026-07-23 23:37:15,740: control target=10 agent=10 armed=10 cmd_max=30.0 actual_max=19.8
[rosout][INFO] 2026-07-23 23:37:16,240: control target=10 agent=10 armed=10 cmd_max=30.0 actual_max=20.7
[rosout][INFO] 2026-07-23 23:37:16,840: control target=10 agent=10 armed=10 cmd_max=30.0 actual_max=21.2
[rosout][INFO] 2026-07-23 23:37:17,340: control target=10 agent=10 armed=10 cmd_max=30.0 actual_max=20.5
[rosout][INFO] 2026-07-23 23:37:17,940: control target=10 agent=10 armed=10 cmd_max=30.0 actual_max=18.7
[rosout][INFO] 2026-07-23 23:37:18,440: control target=10 agent=10 armed=10 cmd_max=30.0 actual_max=19.2
[rosout][INFO] 2026-07-23 23:37:18,940: control target=10 agent=10 armed=10 cmd_max=30.0 actual_max=20.8
[rosout][INFO] 2026-07-23 23:37:19,440: control target=10 agent=10 armed=10 cmd_max=30.0 actual_max=21.4
[rosout][INFO] 2026-07-23 23:37:20,040: control target=10 agent=10 armed=10 cmd_max=30.0 actual_max=21.4
[rosout][INFO] 2026-07-23 23:37:20,640: control target=10 agent=10 armed=10 cmd_max=30.0 actual_max=19.9
[rosout][INFO] 2026-07-23 23:37:21,240: control target=10 agent=10 armed=10 cmd_max=30.0 actual_max=19.0
[rosout][INFO] 2026-07-23 23:37:21,840: control target=10 agent=10 armed=10 cmd_max=30.0 actual_max=20.4
[rosout][INFO] 2026-07-23 23:37:22,340: control target=10 agent=10 armed=10 cmd_max=30.0 actual_max=21.0
[rosout][INFO] 2026-07-23 23:37:22,940: control target=10 agent=10 armed=10 cmd_max=30.0 actual_max=22.0
[rosout][INFO] 2026-07-23 23:37:23,540: control target=10 agent=10 armed=10 cmd_max=30.0 actual_max=21.5
[rosout][INFO] 2026-07-23 23:37:24,140: control target=10 agent=10 armed=10 cmd_max=30.0 actual_max=22.3
[rosout][INFO] 2026-07-23 23:37:24,741: control target=10 agent=10 armed=10 cmd_max=30.0 actual_max=20.3
[rosout][INFO] 2026-07-23 23:37:25,340: control target=10 agent=10 armed=10 cmd_max=30.0 actual_max=19.9
[rosout][INFO] 2026-07-23 23:37:25,940: control target=10 agent=10 armed=10 cmd_max=30.0 actual_max=20.5
[rosout][INFO] 2026-07-23 23:37:26,440: control target=10 agent=10 armed=10 cmd_max=30.0 actual_max=21.4
[rosout][INFO] 2026-07-23 23:37:27,040: control target=10 agent=10 armed=10 cmd_max=30.0 actual_max=22.6
[rosout][INFO] 2026-07-23 23:37:27,540: control target=10 agent=10 armed=10 cmd_max=30.0 actual_max=23.8
[rosout][INFO] 2026-07-23 23:37:28,140: control target=10 agent=10 armed=10 cmd_max=30.0 actual_max=24.7
[rosout][INFO] 2026-07-23 23:37:28,740: control target=10 agent=10 armed=10 cmd_max=30.0 actual_max=24.9
[rosout][INFO] 2026-07-23 23:37:29,240: control target=10 agent=10 armed=10 cmd_max=30.0 actual_max=24.0
[rosout][INFO] 2026-07-23 23:37:29,840: control target=10 agent=10 armed=10 cmd_max=30.0 actual_max=24.4
[rosout][INFO] 2026-07-23 23:37:30,440: control target=10 agent=10 armed=10 cmd_max=30.0 actual_max=24.9
[rosout][INFO] 2026-07-23 23:37:31,040: control target=10 agent=10 armed=10 cmd_max=30.0 actual_max=25.0
[rosout][INFO] 2026-07-23 23:37:31,540: control target=10 agent=10 armed=10 cmd_max=30.0 actual_max=25.0
[rosout][INFO] 2026-07-23 23:37:32,040: control target=10 agent=10 armed=10 cmd_max=30.0 actual_max=24.9
[rosout][INFO] 2026-07-23 23:37:32,640: control target=10 agent=10 armed=10 cmd_max=30.0 actual_max=24.7
[rosout][INFO] 2026-07-23 23:37:33,140: control target=10 agent=10 armed=10 cmd_max=30.0 actual_max=24.2
[rosout][INFO] 2026-07-23 23:37:33,741: control target=10 agent=10 armed=10 cmd_max=30.0 actual_max=24.3
[rosout][INFO] 2026-07-23 23:37:34,240: control target=10 agent=10 armed=10 cmd_max=30.0 actual_max=24.4
[rosout][INFO] 2026-07-23 23:37:34,840: control target=10 agent=10 armed=10 cmd_max=30.0 actual_max=24.4
[rosout][INFO] 2026-07-23 23:37:35,340: control target=10 agent=10 armed=10 cmd_max=30.0 actual_max=24.3
[rosout][INFO] 2026-07-23 23:37:35,940: control target=10 agent=10 armed=10 cmd_max=29.9 actual_max=24.6
[rosout][INFO] 2026-07-23 23:37:36,440: control target=10 agent=10 armed=10 cmd_max=30.0 actual_max=24.6
[rosout][INFO] 2026-07-23 23:37:37,040: control target=10 agent=10 armed=10 cmd_max=30.0 actual_max=24.8
[rosout][INFO] 2026-07-23 23:37:37,540: control target=10 agent=10 armed=10 cmd_max=29.9 actual_max=25.5
[rosout][INFO] 2026-07-23 23:37:38,140: control target=10 agent=10 armed=10 cmd_max=30.0 actual_max=26.0
[rosout][INFO] 2026-07-23 23:37:38,740: control target=10 agent=10 armed=10 cmd_max=30.0 actual_max=26.2
[rosout][INFO] 2026-07-23 23:37:39,240: control target=10 agent=10 armed=10 cmd_max=30.0 actual_max=26.3
[rosout][INFO] 2026-07-23 23:37:39,740: control target=10 agent=10 armed=10 cmd_max=30.0 actual_max=26.3
[rosout][INFO] 2026-07-23 23:37:40,240: control target=10 agent=10 armed=10 cmd_max=30.0 actual_max=26.1
[rosout][INFO] 2026-07-23 23:37:40,840: control target=10 agent=10 armed=10 cmd_max=30.0 actual_max=25.2
[rosout][INFO] 2026-07-23 23:37:41,440: control target=10 agent=10 armed=10 cmd_max=30.0 actual_max=23.8
[rosout][INFO] 2026-07-23 23:37:42,040: control target=10 agent=10 armed=10 cmd_max=30.0 actual_max=21.8
[rosout][INFO] 2026-07-23 23:37:42,640: control target=10 agent=10 armed=10 cmd_max=30.0 actual_max=19.5
[rosout][INFO] 2026-07-23 23:37:43,240: control target=10 agent=10 armed=10 cmd_max=30.0 actual_max=18.9
[rosout][INFO] 2026-07-23 23:37:43,840: control target=10 agent=10 armed=10 cmd_max=30.0 actual_max=19.9
[rosout][INFO] 2026-07-23 23:37:44,440: control target=10 agent=10 armed=10 cmd_max=30.0 actual_max=21.0
[rosout][INFO] 2026-07-23 23:37:44,940: control target=10 agent=10 armed=10 cmd_max=30.0 actual_max=22.0
[rosout][INFO] 2026-07-23 23:37:45,440: control target=10 agent=10 armed=10 cmd_max=30.0 actual_max=22.9
[rosout][INFO] 2026-07-23 23:37:46,040: control target=10 agent=10 armed=10 cmd_max=30.0 actual_max=24.1
[rosout][INFO] 2026-07-23 23:37:46,641: control target=10 agent=10 armed=10 cmd_max=30.0 actual_max=25.0
[rosout][INFO] 2026-07-23 23:37:47,241: control target=10 agent=10 armed=10 cmd_max=30.0 actual_max=25.3
[rosout][INFO] 2026-07-23 23:37:47,840: control target=10 agent=10 armed=10 cmd_max=30.0 actual_max=25.5
[rosout][INFO] 2026-07-23 23:37:48,340: control target=10 agent=10 armed=10 cmd_max=30.0 actual_max=25.6
[rosout][INFO] 2026-07-23 23:37:48,840: control target=10 agent=10 armed=10 cmd_max=30.0 actual_max=25.7
[rosout][INFO] 2026-07-23 23:37:49,340: control target=10 agent=10 armed=10 cmd_max=30.0 actual_max=25.8
[rosout][INFO] 2026-07-23 23:37:49,940: control target=10 agent=10 armed=10 cmd_max=30.0 actual_max=25.9
[rosout][INFO] 2026-07-23 23:37:50,440: control target=10 agent=10 armed=10 cmd_max=30.0 actual_max=25.9
[rosout][INFO] 2026-07-23 23:37:51,040: control target=10 agent=10 armed=10 cmd_max=30.0 actual_max=25.9
[rosout][INFO] 2026-07-23 23:37:51,640: control target=10 agent=10 armed=10 cmd_max=30.0 actual_max=26.0
[rosout][INFO] 2026-07-23 23:37:52,240: control target=10 agent=10 armed=10 cmd_max=30.0 actual_max=25.9
[rosout][INFO] 2026-07-23 23:37:52,740: control target=10 agent=10 armed=10 cmd_max=30.0 actual_max=25.9
[rosout][INFO] 2026-07-23 23:37:53,340: control target=10 agent=10 armed=10 cmd_max=30.0 actual_max=25.9
[rosout][INFO] 2026-07-23 23:37:53,940: control target=10 agent=10 armed=10 cmd_max=30.0 actual_max=25.8
[rosout][INFO] 2026-07-23 23:37:54,440: control target=10 agent=10 armed=10 cmd_max=30.0 actual_max=25.8
[rosout][INFO] 2026-07-23 23:37:55,040: control target=10 agent=10 armed=10 cmd_max=30.0 actual_max=25.8
[rosout][INFO] 2026-07-23 23:37:55,640: control target=10 agent=10 armed=10 cmd_max=30.0 actual_max=25.9
[rosout][INFO] 2026-07-23 23:37:56,141: control target=10 agent=10 armed=10 cmd_max=30.0 actual_max=25.9
[rosout][INFO] 2026-07-23 23:37:56,740: control target=10 agent=10 armed=10 cmd_max=30.0 actual_max=25.9
[rosout][INFO] 2026-07-23 23:37:57,240: control target=10 agent=10 armed=10 cmd_max=30.0 actual_max=26.0
[rosout][INFO] 2026-07-23 23:37:57,840: control target=10 agent=10 armed=10 cmd_max=30.0 actual_max=26.1
[rosout][INFO] 2026-07-23 23:37:58,440: control target=10 agent=10 armed=10 cmd_max=30.0 actual_max=26.1
[rosout][INFO] 2026-07-23 23:37:59,040: control target=10 agent=10 armed=10 cmd_max=30.0 actual_max=26.0
[rosout][INFO] 2026-07-23 23:37:59,540: control target=10 agent=10 armed=10 cmd_max=30.0 actual_max=25.9
[rosout][INFO] 2026-07-23 23:38:00,040: control target=9 agent=10 armed=10 cmd_max=30.0 actual_max=25.9
[rosout][INFO] 2026-07-23 23:38:00,640: control target=9 agent=9 armed=9 cmd_max=30.0 actual_max=25.6
[rosout][INFO] 2026-07-23 23:38:01,240: control target=9 agent=9 armed=9 cmd_max=29.8 actual_max=25.3
[rosout][INFO] 2026-07-23 23:38:01,740: control target=9 agent=9 armed=9 cmd_max=29.4 actual_max=25.1
[rosout][INFO] 2026-07-23 23:38:02,339: control target=9 agent=9 armed=9 cmd_max=29.2 actual_max=25.2
[rosout][INFO] 2026-07-23 23:38:02,940: control target=9 agent=9 armed=9 cmd_max=28.5 actual_max=25.3
[rosout][INFO] 2026-07-23 23:38:03,540: control target=9 agent=9 armed=9 cmd_max=28.2 actual_max=25.0
[rosout][INFO] 2026-07-23 23:38:04,039: control target=9 agent=9 armed=9 cmd_max=28.0 actual_max=24.8
[rosout][INFO] 2026-07-23 23:38:04,640: control target=9 agent=9 armed=9 cmd_max=27.8 actual_max=23.9
[rosout][INFO] 2026-07-23 23:38:05,139: control target=8 agent=8 armed=9 cmd_max=27.7 actual_max=25.0
[rosout][INFO] 2026-07-23 23:38:05,639: control target=8 agent=8 armed=8 cmd_max=27.5 actual_max=27.0
[rosout][INFO] 2026-07-23 23:38:06,240: control target=8 agent=8 armed=8 cmd_max=26.6 actual_max=26.4
[rosout][INFO] 2026-07-23 23:38:06,839: control target=7 agent=7 armed=7 cmd_max=25.0 actual_max=25.4
[rosout][INFO] 2026-07-23 23:38:07,439: control target=7 agent=7 armed=7 cmd_max=24.3 actual_max=23.8
[rosout][INFO] 2026-07-23 23:38:07,939: control target=7 agent=7 armed=7 cmd_max=24.0 actual_max=22.1
[rosout][INFO] 2026-07-23 23:38:08,539: control target=7 agent=7 armed=7 cmd_max=23.6 actual_max=20.1
[rosout][INFO] 2026-07-23 23:38:09,039: control target=7 agent=7 armed=7 cmd_max=24.1 actual_max=19.9
[rosout][INFO] 2026-07-23 23:38:09,639: control target=7 agent=7 armed=7 cmd_max=23.8 actual_max=19.3
[rosout][INFO] 2026-07-23 23:38:10,139: control target=7 agent=7 armed=7 cmd_max=23.5 actual_max=18.7
[rosout][INFO] 2026-07-23 23:38:10,739: control target=7 agent=7 armed=7 cmd_max=23.4 actual_max=19.3
[rosout][INFO] 2026-07-23 23:38:11,239: control target=7 agent=7 armed=7 cmd_max=23.3 actual_max=21.3
[rosout][INFO] 2026-07-23 23:38:11,839: control target=7 agent=7 armed=7 cmd_max=23.0 actual_max=23.3
[rosout][INFO] 2026-07-23 23:38:12,340: control target=7 agent=7 armed=7 cmd_max=22.5 actual_max=22.7
[rosout][INFO] 2026-07-23 23:38:12,939: control target=7 agent=7 armed=7 cmd_max=21.5 actual_max=22.2
[rosout][INFO] 2026-07-23 23:38:13,439: control target=7 agent=7 armed=7 cmd_max=20.6 actual_max=21.4
[rosout][INFO] 2026-07-23 23:38:13,939: control target=7 agent=7 armed=7 cmd_max=19.4 actual_max=20.4
[rosout][INFO] 2026-07-23 23:38:14,539: control target=7 agent=7 armed=7 cmd_max=17.8 actual_max=19.0
[rosout][INFO] 2026-07-23 23:38:15,139: control target=7 agent=7 armed=7 cmd_max=18.6 actual_max=18.8
[rosout][INFO] 2026-07-23 23:38:15,639: control target=7 agent=7 armed=7 cmd_max=18.8 actual_max=19.4
[rosout][INFO] 2026-07-23 23:38:16,139: control target=7 agent=7 armed=7 cmd_max=17.3 actual_max=18.7
[rosout][INFO] 2026-07-23 23:38:16,638: 目标在线退役(曾运动后持续静止): 5
[rosout][INFO] 2026-07-23 23:38:16,739: control target=6 agent=7 armed=7 cmd_max=14.4 actual_max=15.6
[rosout][INFO] 2026-07-23 23:38:17,239: control target=6 agent=7 armed=7 cmd_max=12.2 actual_max=13.2
[rosout][INFO] 2026-07-23 23:38:17,738: 目标在线退役(曾运动后持续静止): 1
[rosout][INFO] 2026-07-23 23:38:17,740: control target=5 agent=7 armed=7 cmd_max=10.7 actual_max=11.3
[rosout][INFO] 2026-07-23 23:38:18,138: 目标在线退役(曾运动后持续静止): 8
[rosout][INFO] 2026-07-23 23:38:18,339: control target=4 agent=7 armed=7 cmd_max=9.4 actual_max=9.6
[rosout][INFO] 2026-07-23 23:38:18,839: control target=4 agent=7 armed=7 cmd_max=9.1 actual_max=9.3
[rosout][INFO] 2026-07-23 23:38:19,238: 目标在线退役(曾运动后持续静止): 4
[rosout][INFO] 2026-07-23 23:38:19,339: control target=3 agent=7 armed=7 cmd_max=8.8 actual_max=8.8
[rosout][INFO] 2026-07-23 23:38:19,939: control target=3 agent=7 armed=7 cmd_max=8.1 actual_max=8.4
[rosout][INFO] 2026-07-23 23:38:20,539: control target=3 agent=7 armed=7 cmd_max=8.5 actual_max=9.0
[rosout][INFO] 2026-07-23 23:38:21,138: 目标在线退役(曾运动后持续静止): 7
[rosout][INFO] 2026-07-23 23:38:21,140: control target=2 agent=7 armed=7 cmd_max=8.9 actual_max=9.8
[rosout][INFO] 2026-07-23 23:38:21,739: control target=2 agent=7 armed=7 cmd_max=10.4 actual_max=9.0
[rosout][INFO] 2026-07-23 23:38:22,239: control target=2 agent=7 armed=7 cmd_max=9.0 actual_max=9.9
[rosout][INFO] 2026-07-23 23:38:22,738: control target=2 agent=7 armed=7 cmd_max=6.8 actual_max=8.1
[rosout][INFO] 2026-07-23 23:38:23,339: control target=2 agent=7 armed=7 cmd_max=6.5 actual_max=5.8
[rosout][INFO] 2026-07-23 23:38:23,838: 目标在线退役(曾运动后持续静止): 9
[rosout][INFO] 2026-07-23 23:38:23,938: control target=1 agent=7 armed=7 cmd_max=6.3 actual_max=6.0
[rosout][INFO] 2026-07-23 23:38:24,438: control target=1 agent=7 armed=7 cmd_max=5.5 actual_max=6.1
[rosout][INFO] 2026-07-23 23:38:25,038: control target=1 agent=7 armed=7 cmd_max=3.3 actual_max=5.2
[rosout][INFO] 2026-07-23 23:38:25,639: control target=1 agent=7 armed=7 cmd_max=1.3 actual_max=2.8
[rosout][INFO] 2026-07-23 23:38:26,238: control target=1 agent=7 armed=7 cmd_max=0.9 actual_max=0.9
[rosout][INFO] 2026-07-23 23:38:26,638: 目标在线退役(曾运动后持续静止): 10
[rosout][INFO] 2026-07-23 23:38:26,738: control target=0 agent=7 armed=7 cmd_max=0.0 actual_max=0.8
[rosout][INFO] 2026-07-23 23:38:27,238: control target=0 agent=7 armed=7 cmd_max=0.0 actual_max=0.4
[rosout][INFO] 2026-07-23 23:38:27,838: control target=0 agent=7 armed=7 cmd_max=0.0 actual_max=0.2
[rosout][INFO] 2026-07-23 23:38:28,438: control target=0 agent=7 armed=7 cmd_max=0.0 actual_max=0.2
[rosout][INFO] 2026-07-23 23:38:28,638: 全部目标话题已超时，结束控制循环
[rospy.core][INFO] 2026-07-23 23:38:28,892: signal_shutdown [atexit]
[rospy.internal][INFO] 2026-07-23 23:38:28,903: topic[/rosout] removing connection to /rosout
[rospy.internal][INFO] 2026-07-23 23:38:28,903: topic[/mavros/setpoint_raw/local] removing connection to /rostrans_ros1
[rospy.internal][INFO] 2026-07-23 23:38:28,903: topic[/mavros2/setpoint_raw/local] removing connection to /rostrans_ros1
[rospy.internal][INFO] 2026-07-23 23:38:28,903: topic[/mavros3/setpoint_raw/local] removing connection to /rostrans_ros1
[rospy.internal][INFO] 2026-07-23 23:38:28,903: topic[/mavros4/setpoint_raw/local] removing connection to /rostrans_ros1
[rospy.internal][INFO] 2026-07-23 23:38:28,904: topic[/mavros5/setpoint_raw/local] removing connection to /rostrans_ros1
[rospy.internal][INFO] 2026-07-23 23:38:28,904: topic[/mavros6/setpoint_raw/local] removing connection to /rostrans_ros1
[rospy.internal][INFO] 2026-07-23 23:38:28,904: topic[/mavros7/setpoint_raw/local] removing connection to /rostrans_ros1
[rospy.internal][INFO] 2026-07-23 23:38:28,904: topic[/mavros8/setpoint_raw/local] removing connection to /rostrans_ros1
[rospy.internal][INFO] 2026-07-23 23:38:28,904: topic[/mavros9/setpoint_raw/local] removing connection to /rostrans_ros1
[rospy.internal][INFO] 2026-07-23 23:38:28,904: topic[/mavros10/setpoint_raw/local] removing connection to /rostrans_ros1
[rospy.internal][INFO] 2026-07-23 23:38:28,904: topic[/interceptor1/origin] removing connection to http://gpufree-container:37237/
[rospy.internal][INFO] 2026-07-23 23:38:28,905: topic[/mavros/local_position/odom] removing connection to http://gpufree-container:42843/
[rospy.internal][INFO] 2026-07-23 23:38:28,905: topic[/mavros/state] removing connection to http://gpufree-container:42843/
[rospy.internal][INFO] 2026-07-23 23:38:28,906: topic[/radar/target1/position] removing connection to http://gpufree-container:37237/
[rospy.internal][INFO] 2026-07-23 23:38:28,906: topic[/interceptor2/origin] removing connection to http://gpufree-container:37237/
[rospy.internal][INFO] 2026-07-23 23:38:28,906: topic[/interceptor2/origin] removing connection to http://gpufree-container:37237/
[rospy.internal][INFO] 2026-07-23 23:38:28,907: topic[/mavros2/local_position/odom] removing connection to http://gpufree-container:42843/
[rospy.internal][INFO] 2026-07-23 23:38:28,907: topic[/mavros2/state] removing connection to http://gpufree-container:42843/
[rospy.internal][INFO] 2026-07-23 23:38:28,907: topic[/radar/target2/position] removing connection to http://gpufree-container:37237/
[rospy.internal][INFO] 2026-07-23 23:38:28,907: topic[/interceptor3/origin] removing connection to http://gpufree-container:37237/
[rospy.internal][INFO] 2026-07-23 23:38:28,907: topic[/mavros3/local_position/odom] removing connection to http://gpufree-container:42843/
[rospy.internal][INFO] 2026-07-23 23:38:28,908: topic[/mavros3/state] removing connection to http://gpufree-container:42843/
[rospy.internal][INFO] 2026-07-23 23:38:28,908: topic[/radar/target3/position] removing connection to http://gpufree-container:37237/
[rospy.internal][INFO] 2026-07-23 23:38:28,908: topic[/interceptor4/origin] removing connection to http://gpufree-container:37237/
[rospy.internal][INFO] 2026-07-23 23:38:28,908: topic[/interceptor4/origin] removing connection to http://gpufree-container:37237/
[rospy.internal][INFO] 2026-07-23 23:38:28,908: topic[/mavros4/local_position/odom] removing connection to http://gpufree-container:42843/
[rospy.internal][INFO] 2026-07-23 23:38:28,908: topic[/mavros4/local_position/odom] removing connection to http://gpufree-container:42843/
[rospy.internal][INFO] 2026-07-23 23:38:28,909: topic[/mavros4/state] removing connection to http://gpufree-container:42843/
[rospy.internal][INFO] 2026-07-23 23:38:28,909: topic[/radar/target4/position] removing connection to http://gpufree-container:37237/
[rospy.internal][INFO] 2026-07-23 23:38:28,909: topic[/interceptor5/origin] removing connection to http://gpufree-container:37237/
[rospy.internal][INFO] 2026-07-23 23:38:28,909: topic[/mavros5/local_position/odom] removing connection to http://gpufree-container:42843/
[rospy.internal][INFO] 2026-07-23 23:38:28,910: topic[/mavros5/state] removing connection to http://gpufree-container:42843/
[rospy.internal][INFO] 2026-07-23 23:38:28,910: topic[/radar/target5/position] removing connection to http://gpufree-container:37237/
[rospy.internal][INFO] 2026-07-23 23:38:28,910: topic[/interceptor6/origin] removing connection to http://gpufree-container:37237/
[rospy.internal][INFO] 2026-07-23 23:38:28,910: topic[/interceptor6/origin] removing connection to http://gpufree-container:37237/
[rospy.internal][INFO] 2026-07-23 23:38:28,911: topic[/mavros6/local_position/odom] removing connection to http://gpufree-container:42843/
[rospy.internal][INFO] 2026-07-23 23:38:28,911: topic[/mavros6/local_position/odom] removing connection to http://gpufree-container:42843/
[rospy.internal][INFO] 2026-07-23 23:38:28,911: topic[/mavros6/state] removing connection to http://gpufree-container:42843/
[rospy.internal][INFO] 2026-07-23 23:38:28,911: topic[/radar/target6/position] removing connection to http://gpufree-container:37237/
[rospy.internal][INFO] 2026-07-23 23:38:28,911: topic[/interceptor7/origin] removing connection to http://gpufree-container:37237/
[rospy.internal][INFO] 2026-07-23 23:38:28,912: topic[/mavros7/local_position/odom] removing connection to http://gpufree-container:42843/
[rospy.internal][INFO] 2026-07-23 23:38:28,912: topic[/mavros7/state] removing connection to http://gpufree-container:42843/
[rospy.internal][INFO] 2026-07-23 23:38:28,912: topic[/radar/target7/position] removing connection to http://gpufree-container:37237/
[rospy.internal][INFO] 2026-07-23 23:38:28,912: topic[/radar/target7/position] removing connection to http://gpufree-container:37237/
[rospy.internal][INFO] 2026-07-23 23:38:28,913: topic[/interceptor8/origin] removing connection to http://gpufree-container:37237/
[rospy.internal][INFO] 2026-07-23 23:38:28,913: topic[/mavros8/local_position/odom] removing connection to http://gpufree-container:42843/
[rospy.internal][INFO] 2026-07-23 23:38:28,913: topic[/mavros8/state] removing connection to http://gpufree-container:42843/
[rospy.internal][INFO] 2026-07-23 23:38:28,913: topic[/radar/target8/position] removing connection to http://gpufree-container:37237/
[rospy.internal][INFO] 2026-07-23 23:38:28,913: topic[/interceptor9/origin] removing connection to http://gpufree-container:37237/
[rospy.internal][INFO] 2026-07-23 23:38:28,914: topic[/mavros9/local_position/odom] removing connection to http://gpufree-container:42843/
[rospy.internal][INFO] 2026-07-23 23:38:28,914: topic[/mavros9/state] removing connection to http://gpufree-container:42843/
[rospy.internal][INFO] 2026-07-23 23:38:28,914: topic[/radar/target9/position] removing connection to http://gpufree-container:37237/
[rospy.internal][INFO] 2026-07-23 23:38:28,914: topic[/interceptor10/origin] removing connection to http://gpufree-container:37237/
[rospy.internal][INFO] 2026-07-23 23:38:28,914: topic[/mavros10/local_position/odom] removing connection to http://gpufree-container:42843/
[rospy.internal][INFO] 2026-07-23 23:38:28,914: topic[/mavros10/state] removing connection to http://gpufree-container:42843/
[rospy.internal][INFO] 2026-07-23 23:38:28,915: topic[/radar/target10/position] removing connection to http://gpufree-container:37237/
[rospy.impl.masterslave][INFO] 2026-07-23 23:38:28,915: atexit
[rospy.client][INFO] 2026-07-23 23:43:15,678: init_node, name[/zhuoyi_10v10_controller], pid[3475687]
[xmlrpc][INFO] 2026-07-23 23:43:15,739: XML-RPC server binding to 0.0.0.0:0
[xmlrpc][INFO] 2026-07-23 23:43:15,739: Started XML-RPC server [http://gpufree-container:37033/]
[rospy.init][INFO] 2026-07-23 23:43:15,739: ROS Slave URI: [http://gpufree-container:37033/]
[rospy.impl.masterslave][INFO] 2026-07-23 23:43:15,739: _ready: http://gpufree-container:37033/
[rospy.registration][INFO] 2026-07-23 23:43:15,739: Registering with master node http://localhost:11311
[xmlrpc][INFO] 2026-07-23 23:43:15,739: xml rpc node: starting XML-RPC server
[rospy.init][INFO] 2026-07-23 23:43:15,839: registered with master
[rospy.rosout][INFO] 2026-07-23 23:43:15,840: initializing /rosout core topic
[rospy.rosout][INFO] 2026-07-23 23:43:15,842: connected to core topic /rosout
[rospy.simtime][INFO] 2026-07-23 23:43:15,843: /use_sim_time is not set, will not subscribe to simulated time [/clock] topic
[rospy.internal][INFO] 2026-07-23 23:43:15,849: topic[/mavros/local_position/odom] adding connection to [http://gpufree-container:37525/], count 0
[rospy.internal][INFO] 2026-07-23 23:43:15,851: topic[/mavros/state] adding connection to [http://gpufree-container:37525/], count 0
[rospy.internal][INFO] 2026-07-23 23:43:15,851: topic[/interceptor1/origin] adding connection to [http://gpufree-container:45291/], count 0
[rospy.internal][INFO] 2026-07-23 23:43:15,853: topic[/radar/target1/position] adding connection to [http://gpufree-container:45291/], count 0
[rospy.internal][INFO] 2026-07-23 23:43:15,856: topic[/mavros2/local_position/odom] adding connection to [http://gpufree-container:37525/], count 0
[rospy.internal][INFO] 2026-07-23 23:43:15,856: topic[/interceptor2/origin] adding connection to [http://gpufree-container:45291/], count 0
[rospy.internal][INFO] 2026-07-23 23:43:15,857: topic[/mavros2/state] adding connection to [http://gpufree-container:37525/], count 0
[rospy.internal][INFO] 2026-07-23 23:43:15,859: topic[/radar/target2/position] adding connection to [http://gpufree-container:45291/], count 0
[rospy.internal][INFO] 2026-07-23 23:43:15,861: topic[/interceptor3/origin] adding connection to [http://gpufree-container:45291/], count 0
[rospy.internal][INFO] 2026-07-23 23:43:15,862: topic[/mavros3/local_position/odom] adding connection to [http://gpufree-container:37525/], count 0
[rospy.internal][INFO] 2026-07-23 23:43:15,863: topic[/mavros3/state] adding connection to [http://gpufree-container:37525/], count 0
[rospy.internal][INFO] 2026-07-23 23:43:15,865: topic[/radar/target3/position] adding connection to [http://gpufree-container:45291/], count 0
[rospy.internal][INFO] 2026-07-23 23:43:15,867: topic[/interceptor4/origin] adding connection to [http://gpufree-container:45291/], count 0
[rospy.internal][INFO] 2026-07-23 23:43:15,868: topic[/mavros4/local_position/odom] adding connection to [http://gpufree-container:37525/], count 0
[rospy.internal][INFO] 2026-07-23 23:43:15,869: topic[/mavros4/state] adding connection to [http://gpufree-container:37525/], count 0
[rospy.internal][INFO] 2026-07-23 23:43:15,871: topic[/radar/target4/position] adding connection to [http://gpufree-container:45291/], count 0
[rospy.internal][INFO] 2026-07-23 23:43:15,873: topic[/interceptor5/origin] adding connection to [http://gpufree-container:45291/], count 0
[rospy.internal][INFO] 2026-07-23 23:43:15,874: topic[/mavros5/local_position/odom] adding connection to [http://gpufree-container:37525/], count 0
[rospy.internal][INFO] 2026-07-23 23:43:15,875: topic[/mavros5/state] adding connection to [http://gpufree-container:37525/], count 0
[rospy.internal][INFO] 2026-07-23 23:43:15,877: topic[/radar/target5/position] adding connection to [http://gpufree-container:45291/], count 0
[rospy.internal][INFO] 2026-07-23 23:43:15,879: topic[/interceptor6/origin] adding connection to [http://gpufree-container:45291/], count 0
[rospy.internal][INFO] 2026-07-23 23:43:15,881: topic[/mavros6/local_position/odom] adding connection to [http://gpufree-container:37525/], count 0
[rospy.internal][INFO] 2026-07-23 23:43:15,883: topic[/mavros6/state] adding connection to [http://gpufree-container:37525/], count 0
[rospy.internal][INFO] 2026-07-23 23:43:15,885: topic[/radar/target6/position] adding connection to [http://gpufree-container:45291/], count 0
[rospy.internal][INFO] 2026-07-23 23:43:15,888: topic[/interceptor7/origin] adding connection to [http://gpufree-container:45291/], count 0
[rospy.internal][INFO] 2026-07-23 23:43:15,889: topic[/mavros7/local_position/odom] adding connection to [http://gpufree-container:37525/], count 0
[rospy.internal][INFO] 2026-07-23 23:43:15,891: topic[/mavros7/state] adding connection to [http://gpufree-container:37525/], count 0
[rospy.internal][INFO] 2026-07-23 23:43:15,893: topic[/radar/target7/position] adding connection to [http://gpufree-container:45291/], count 0
[rospy.internal][INFO] 2026-07-23 23:43:15,895: topic[/interceptor8/origin] adding connection to [http://gpufree-container:45291/], count 0
[rospy.internal][INFO] 2026-07-23 23:43:15,898: topic[/mavros8/local_position/odom] adding connection to [http://gpufree-container:37525/], count 0
[rospy.internal][INFO] 2026-07-23 23:43:15,899: topic[/mavros8/state] adding connection to [http://gpufree-container:37525/], count 0
[rospy.internal][INFO] 2026-07-23 23:43:15,901: topic[/radar/target8/position] adding connection to [http://gpufree-container:45291/], count 0
[rospy.internal][INFO] 2026-07-23 23:43:15,904: topic[/interceptor9/origin] adding connection to [http://gpufree-container:45291/], count 0
[rospy.internal][INFO] 2026-07-23 23:43:15,905: topic[/mavros9/local_position/odom] adding connection to [http://gpufree-container:37525/], count 0
[rospy.internal][INFO] 2026-07-23 23:43:15,906: topic[/mavros9/state] adding connection to [http://gpufree-container:37525/], count 0
[rospy.internal][INFO] 2026-07-23 23:43:15,908: topic[/radar/target9/position] adding connection to [http://gpufree-container:45291/], count 0
[rospy.internal][INFO] 2026-07-23 23:43:15,909: topic[/interceptor10/origin] adding connection to [http://gpufree-container:45291/], count 0
[rospy.internal][INFO] 2026-07-23 23:43:15,911: topic[/mavros10/local_position/odom] adding connection to [http://gpufree-container:37525/], count 0
[rospy.internal][INFO] 2026-07-23 23:43:15,912: topic[/mavros10/state] adding connection to [http://gpufree-container:37525/], count 0
[rosout][INFO] 2026-07-23 23:43:15,912: 等待公开话题 origin=6/10 odom=8/10 state=0/10 target=5/10
[rospy.internal][INFO] 2026-07-23 23:43:15,915: topic[/radar/target10/position] adding connection to [http://gpufree-container:45291/], count 0
[rospy.internal][INFO] 2026-07-23 23:43:16,081: topic[/rosout] adding connection to [/rosout], count 0
[rospy.internal][INFO] 2026-07-23 23:43:16,083: topic[/mavros2/setpoint_raw/local] adding connection to [/rostrans_ros1], count 0
[rospy.internal][INFO] 2026-07-23 23:43:16,083: topic[/mavros3/setpoint_raw/local] adding connection to [/rostrans_ros1], count 0
[rospy.internal][INFO] 2026-07-23 23:43:16,085: topic[/mavros4/setpoint_raw/local] adding connection to [/rostrans_ros1], count 0
[rospy.internal][INFO] 2026-07-23 23:43:16,086: topic[/mavros5/setpoint_raw/local] adding connection to [/rostrans_ros1], count 0
[rospy.internal][INFO] 2026-07-23 23:43:16,086: topic[/mavros6/setpoint_raw/local] adding connection to [/rostrans_ros1], count 0
[rospy.internal][INFO] 2026-07-23 23:43:16,088: topic[/mavros/setpoint_raw/local] adding connection to [/rostrans_ros1], count 0
[rosout][INFO] 2026-07-23 23:43:16,112: 公开话题已就绪 origin=10 odom=10 state=10 target=10
[rosout][INFO] 2026-07-23 23:43:16,114: 预热 10 路设定点流 2.0 秒
[rospy.internal][INFO] 2026-07-23 23:43:16,186: topic[/mavros7/setpoint_raw/local] adding connection to [/rostrans_ros1], count 0
[rospy.internal][INFO] 2026-07-23 23:43:16,188: topic[/mavros8/setpoint_raw/local] adding connection to [/rostrans_ros1], count 0
[rospy.internal][INFO] 2026-07-23 23:43:16,188: topic[/mavros9/setpoint_raw/local] adding connection to [/rostrans_ros1], count 0
[rospy.internal][INFO] 2026-07-23 23:43:16,189: topic[/mavros10/setpoint_raw/local] adding connection to [/rostrans_ros1], count 0
[rosout][INFO] 2026-07-23 23:43:18,139: 并发解锁 retry=1 armed=0/10 offboard=0/10 service_ok=10/10
[rosout][INFO] 2026-07-23 23:43:18,565: 并发解锁 retry=2 armed=10/10 offboard=10/10 service_ok=10/10
[rosout][INFO] 2026-07-23 23:43:18,570: control target=10 agent=10 armed=10 cmd_max=0.0 actual_max=0.0
[rosout][INFO] 2026-07-23 23:43:19,069: control target=10 agent=10 armed=10 cmd_max=2.4 actual_max=1.6
[rosout][INFO] 2026-07-23 23:43:19,569: control target=10 agent=10 armed=10 cmd_max=4.2 actual_max=3.0
[rosout][INFO] 2026-07-23 23:43:20,069: control target=10 agent=10 armed=10 cmd_max=6.2 actual_max=4.3
[rosout][INFO] 2026-07-23 23:43:20,669: control target=10 agent=10 armed=10 cmd_max=9.0 actual_max=6.9
[rosout][INFO] 2026-07-23 23:43:21,171: control target=10 agent=10 armed=10 cmd_max=11.4 actual_max=9.2
[rosout][INFO] 2026-07-23 23:43:21,769: control target=10 agent=10 armed=10 cmd_max=14.3 actual_max=12.0
[rosout][INFO] 2026-07-23 23:43:22,269: control target=10 agent=10 armed=10 cmd_max=16.8 actual_max=14.2
[rosout][INFO] 2026-07-23 23:43:22,869: control target=10 agent=10 armed=10 cmd_max=19.7 actual_max=15.6
[rosout][INFO] 2026-07-23 23:43:23,369: control target=10 agent=10 armed=10 cmd_max=22.2 actual_max=16.2
[rosout][INFO] 2026-07-23 23:43:23,969: control target=10 agent=10 armed=10 cmd_max=25.2 actual_max=16.8
[rosout][INFO] 2026-07-23 23:43:24,569: control target=10 agent=10 armed=10 cmd_max=28.1 actual_max=17.2
[rosout][INFO] 2026-07-23 23:43:25,069: control target=10 agent=10 armed=10 cmd_max=30.0 actual_max=17.4
[rosout][INFO] 2026-07-23 23:43:25,569: control target=10 agent=10 armed=10 cmd_max=30.0 actual_max=17.6
[rosout][INFO] 2026-07-23 23:43:26,169: control target=10 agent=10 armed=10 cmd_max=30.0 actual_max=17.9
[rosout][INFO] 2026-07-23 23:43:26,769: control target=10 agent=10 armed=10 cmd_max=30.0 actual_max=18.1
[rosout][INFO] 2026-07-23 23:43:27,369: control target=10 agent=10 armed=10 cmd_max=30.0 actual_max=18.2
[rosout][INFO] 2026-07-23 23:43:27,869: control target=10 agent=10 armed=10 cmd_max=30.0 actual_max=18.4
[rosout][INFO] 2026-07-23 23:43:28,469: control target=10 agent=10 armed=10 cmd_max=30.0 actual_max=18.5
[rosout][INFO] 2026-07-23 23:43:28,969: control target=10 agent=10 armed=10 cmd_max=30.0 actual_max=18.6
[rosout][INFO] 2026-07-23 23:43:29,569: control target=10 agent=10 armed=10 cmd_max=30.0 actual_max=18.4
[rosout][INFO] 2026-07-23 23:43:30,169: control target=10 agent=10 armed=10 cmd_max=30.0 actual_max=17.4
[rosout][INFO] 2026-07-23 23:43:30,669: control target=10 agent=10 armed=10 cmd_max=30.0 actual_max=17.6
[rosout][INFO] 2026-07-23 23:43:31,269: control target=10 agent=10 armed=10 cmd_max=30.0 actual_max=17.9
[rosout][INFO] 2026-07-23 23:43:31,869: control target=10 agent=10 armed=10 cmd_max=30.0 actual_max=18.2
[rosout][INFO] 2026-07-23 23:43:32,469: control target=10 agent=10 armed=10 cmd_max=30.0 actual_max=18.4
[rosout][INFO] 2026-07-23 23:43:32,969: control target=10 agent=10 armed=10 cmd_max=30.0 actual_max=18.7
[rosout][INFO] 2026-07-23 23:43:33,469: control target=10 agent=10 armed=10 cmd_max=30.0 actual_max=18.8
[rosout][INFO] 2026-07-23 23:43:34,069: control target=10 agent=10 armed=10 cmd_max=30.0 actual_max=19.5
[rosout][INFO] 2026-07-23 23:43:34,669: control target=10 agent=10 armed=10 cmd_max=30.0 actual_max=19.9
[rosout][INFO] 2026-07-23 23:43:35,269: control target=10 agent=10 armed=10 cmd_max=30.0 actual_max=20.1
[rosout][INFO] 2026-07-23 23:43:35,769: control target=10 agent=10 armed=10 cmd_max=30.0 actual_max=20.1
[rosout][INFO] 2026-07-23 23:43:36,269: control target=10 agent=10 armed=10 cmd_max=30.0 actual_max=20.3
[rosout][INFO] 2026-07-23 23:43:36,769: control target=10 agent=10 armed=10 cmd_max=30.0 actual_max=21.0
[rosout][INFO] 2026-07-23 23:43:37,269: control target=10 agent=10 armed=10 cmd_max=30.0 actual_max=21.3
[rosout][INFO] 2026-07-23 23:43:37,869: control target=10 agent=10 armed=10 cmd_max=30.0 actual_max=21.4
[rosout][INFO] 2026-07-23 23:43:38,469: control target=10 agent=10 armed=10 cmd_max=30.0 actual_max=21.4
[rosout][INFO] 2026-07-23 23:43:39,069: control target=10 agent=10 armed=10 cmd_max=30.0 actual_max=21.5
[rosout][INFO] 2026-07-23 23:43:39,669: control target=10 agent=10 armed=10 cmd_max=30.0 actual_max=21.5
[rosout][INFO] 2026-07-23 23:43:40,169: control target=10 agent=10 armed=10 cmd_max=30.0 actual_max=21.5
[rosout][INFO] 2026-07-23 23:43:40,769: control target=10 agent=10 armed=10 cmd_max=30.0 actual_max=21.5
[rosout][INFO] 2026-07-23 23:43:41,369: control target=10 agent=10 armed=10 cmd_max=30.0 actual_max=21.6
[rosout][INFO] 2026-07-23 23:43:41,869: control target=10 agent=10 armed=10 cmd_max=30.0 actual_max=21.6
[rosout][INFO] 2026-07-23 23:43:42,469: control target=10 agent=10 armed=10 cmd_max=30.0 actual_max=21.7
[rosout][INFO] 2026-07-23 23:43:42,969: control target=10 agent=10 armed=10 cmd_max=30.0 actual_max=21.7
[rosout][INFO] 2026-07-23 23:43:43,569: control target=10 agent=10 armed=10 cmd_max=30.0 actual_max=21.7
[rosout][INFO] 2026-07-23 23:43:44,069: control target=10 agent=10 armed=10 cmd_max=30.0 actual_max=21.6
[rosout][INFO] 2026-07-23 23:43:44,569: control target=10 agent=10 armed=10 cmd_max=30.0 actual_max=21.6
[rosout][INFO] 2026-07-23 23:43:45,069: control target=10 agent=10 armed=10 cmd_max=30.0 actual_max=21.7
[rosout][INFO] 2026-07-23 23:43:45,669: control target=10 agent=10 armed=10 cmd_max=30.0 actual_max=21.7
[rosout][INFO] 2026-07-23 23:43:46,269: control target=10 agent=10 armed=10 cmd_max=30.0 actual_max=21.8
[rosout][INFO] 2026-07-23 23:43:46,869: control target=10 agent=10 armed=10 cmd_max=30.0 actual_max=21.9
[rosout][INFO] 2026-07-23 23:43:47,469: control target=10 agent=10 armed=10 cmd_max=30.0 actual_max=21.9
[rosout][INFO] 2026-07-23 23:43:48,069: control target=10 agent=10 armed=10 cmd_max=30.0 actual_max=21.8
[rosout][INFO] 2026-07-23 23:43:48,569: control target=10 agent=10 armed=10 cmd_max=30.0 actual_max=21.7
[rosout][INFO] 2026-07-23 23:43:49,069: control target=10 agent=10 armed=10 cmd_max=30.0 actual_max=21.7
[rosout][INFO] 2026-07-23 23:43:49,669: control target=10 agent=10 armed=10 cmd_max=30.0 actual_max=21.6
[rosout][INFO] 2026-07-23 23:43:50,169: control target=10 agent=10 armed=10 cmd_max=30.0 actual_max=21.6
[rosout][INFO] 2026-07-23 23:43:50,669: control target=10 agent=10 armed=10 cmd_max=30.0 actual_max=21.6
[rosout][INFO] 2026-07-23 23:43:51,269: control target=10 agent=10 armed=10 cmd_max=30.0 actual_max=21.6
[rosout][INFO] 2026-07-23 23:43:51,869: control target=10 agent=10 armed=10 cmd_max=30.0 actual_max=21.7
[rosout][INFO] 2026-07-23 23:43:52,369: control target=10 agent=10 armed=10 cmd_max=30.0 actual_max=21.8
[rosout][INFO] 2026-07-23 23:43:52,969: control target=10 agent=10 armed=10 cmd_max=30.0 actual_max=22.0
[rosout][INFO] 2026-07-23 23:43:53,469: control target=10 agent=10 armed=10 cmd_max=30.0 actual_max=22.0
[rosout][INFO] 2026-07-23 23:43:54,069: control target=10 agent=10 armed=10 cmd_max=30.0 actual_max=22.2
[rosout][INFO] 2026-07-23 23:43:54,569: control target=10 agent=10 armed=10 cmd_max=30.0 actual_max=22.4
[rosout][INFO] 2026-07-23 23:43:55,169: control target=10 agent=10 armed=10 cmd_max=30.0 actual_max=22.7
[rosout][INFO] 2026-07-23 23:43:55,669: control target=10 agent=10 armed=10 cmd_max=30.0 actual_max=23.0
[rosout][INFO] 2026-07-23 23:43:56,169: control target=10 agent=10 armed=10 cmd_max=30.0 actual_max=23.2
[rosout][INFO] 2026-07-23 23:43:56,769: control target=10 agent=10 armed=10 cmd_max=30.0 actual_max=23.4
[rosout][INFO] 2026-07-23 23:43:57,269: control target=10 agent=10 armed=10 cmd_max=30.0 actual_max=23.5
[rosout][INFO] 2026-07-23 23:43:57,869: control target=10 agent=10 armed=10 cmd_max=30.0 actual_max=23.5
[rosout][INFO] 2026-07-23 23:43:58,469: control target=10 agent=10 armed=10 cmd_max=30.0 actual_max=23.4
[rosout][INFO] 2026-07-23 23:43:58,969: control target=10 agent=10 armed=10 cmd_max=30.0 actual_max=23.2
[rosout][INFO] 2026-07-23 23:43:59,569: control target=10 agent=10 armed=10 cmd_max=30.0 actual_max=22.9
[rosout][INFO] 2026-07-23 23:44:00,069: control target=10 agent=10 armed=10 cmd_max=30.0 actual_max=22.6
[rosout][INFO] 2026-07-23 23:44:00,669: control target=10 agent=10 armed=10 cmd_max=30.0 actual_max=22.3
[rosout][INFO] 2026-07-23 23:44:01,169: control target=10 agent=10 armed=10 cmd_max=30.0 actual_max=21.8
[rosout][INFO] 2026-07-23 23:44:01,769: control target=10 agent=10 armed=10 cmd_max=30.0 actual_max=23.2
[rosout][INFO] 2026-07-23 23:44:02,269: control target=10 agent=10 armed=10 cmd_max=30.0 actual_max=22.8
[rosout][INFO] 2026-07-23 23:44:02,769: control target=10 agent=10 armed=10 cmd_max=30.0 actual_max=21.8
[rosout][INFO] 2026-07-23 23:44:03,369: control target=10 agent=10 armed=10 cmd_max=30.0 actual_max=21.7
[rosout][INFO] 2026-07-23 23:44:03,969: control target=10 agent=10 armed=10 cmd_max=30.0 actual_max=23.1
[rosout][INFO] 2026-07-23 23:44:04,469: control target=10 agent=10 armed=10 cmd_max=30.0 actual_max=22.4
[rosout][INFO] 2026-07-23 23:44:05,069: control target=10 agent=10 armed=10 cmd_max=30.0 actual_max=22.9
[rosout][INFO] 2026-07-23 23:44:05,569: control target=10 agent=10 armed=10 cmd_max=30.0 actual_max=23.2
[rosout][INFO] 2026-07-23 23:44:06,069: control target=10 agent=10 armed=10 cmd_max=30.0 actual_max=22.6
[rosout][INFO] 2026-07-23 23:44:06,669: control target=10 agent=10 armed=10 cmd_max=30.0 actual_max=22.2
[rosout][INFO] 2026-07-23 23:44:07,169: control target=10 agent=10 armed=10 cmd_max=30.0 actual_max=20.9
[rosout][INFO] 2026-07-23 23:44:07,669: control target=10 agent=10 armed=10 cmd_max=30.0 actual_max=20.8
[rosout][INFO] 2026-07-23 23:44:08,269: control target=10 agent=10 armed=10 cmd_max=30.0 actual_max=20.9
[rosout][INFO] 2026-07-23 23:44:08,869: control target=10 agent=10 armed=10 cmd_max=30.0 actual_max=21.0
[rosout][INFO] 2026-07-23 23:44:09,369: control target=10 agent=10 armed=10 cmd_max=30.0 actual_max=19.9
[rosout][INFO] 2026-07-23 23:44:09,869: control target=10 agent=10 armed=10 cmd_max=30.0 actual_max=19.6
[rosout][INFO] 2026-07-23 23:44:10,469: control target=10 agent=10 armed=10 cmd_max=30.0 actual_max=22.1
[rosout][INFO] 2026-07-23 23:44:11,069: control target=10 agent=10 armed=10 cmd_max=30.0 actual_max=21.6
[rosout][INFO] 2026-07-23 23:44:11,569: control target=10 agent=10 armed=10 cmd_max=30.0 actual_max=21.1
[rosout][INFO] 2026-07-23 23:44:12,069: control target=10 agent=10 armed=10 cmd_max=30.0 actual_max=21.5
[rosout][INFO] 2026-07-23 23:44:12,569: control target=10 agent=10 armed=10 cmd_max=30.0 actual_max=22.4
[rosout][INFO] 2026-07-23 23:44:13,169: control target=10 agent=10 armed=10 cmd_max=30.0 actual_max=24.1
[rosout][INFO] 2026-07-23 23:44:13,669: control target=10 agent=10 armed=10 cmd_max=30.0 actual_max=26.2
[rosout][INFO] 2026-07-23 23:44:14,269: control target=10 agent=10 armed=10 cmd_max=30.0 actual_max=27.5
[rosout][INFO] 2026-07-23 23:44:14,769: control target=10 agent=10 armed=10 cmd_max=30.0 actual_max=28.1
[rosout][INFO] 2026-07-23 23:44:15,369: control target=10 agent=10 armed=10 cmd_max=30.0 actual_max=27.9
[rosout][INFO] 2026-07-23 23:44:15,869: control target=10 agent=10 armed=10 cmd_max=30.0 actual_max=27.1
[rosout][INFO] 2026-07-23 23:44:16,469: control target=10 agent=10 armed=10 cmd_max=30.0 actual_max=26.8
[rosout][INFO] 2026-07-23 23:44:16,969: control target=10 agent=10 armed=10 cmd_max=30.0 actual_max=26.7
[rosout][INFO] 2026-07-23 23:44:17,569: control target=10 agent=10 armed=10 cmd_max=30.0 actual_max=26.6
[rosout][INFO] 2026-07-23 23:44:18,169: control target=10 agent=10 armed=10 cmd_max=30.0 actual_max=28.1
[rosout][INFO] 2026-07-23 23:44:18,669: control target=10 agent=10 armed=10 cmd_max=30.0 actual_max=28.3
[rosout][INFO] 2026-07-23 23:44:19,269: control target=10 agent=10 armed=10 cmd_max=30.0 actual_max=28.3
[rosout][INFO] 2026-07-23 23:44:19,769: control target=10 agent=10 armed=10 cmd_max=30.0 actual_max=28.4
[rosout][INFO] 2026-07-23 23:44:20,369: control target=10 agent=10 armed=10 cmd_max=30.0 actual_max=28.7
[rosout][INFO] 2026-07-23 23:44:20,869: control target=10 agent=10 armed=10 cmd_max=30.0 actual_max=27.1
[rosout][INFO] 2026-07-23 23:44:21,369: control target=10 agent=10 armed=10 cmd_max=30.0 actual_max=26.0
[rosout][INFO] 2026-07-23 23:44:21,969: control target=10 agent=10 armed=10 cmd_max=30.0 actual_max=25.8
[rosout][INFO] 2026-07-23 23:44:22,469: control target=10 agent=10 armed=10 cmd_max=30.0 actual_max=25.5
[rosout][INFO] 2026-07-23 23:44:23,069: control target=10 agent=10 armed=10 cmd_max=30.0 actual_max=25.3
[rosout][INFO] 2026-07-23 23:44:23,569: control target=10 agent=10 armed=10 cmd_max=30.0 actual_max=24.5
[rosout][INFO] 2026-07-23 23:44:24,069: control target=10 agent=10 armed=10 cmd_max=30.0 actual_max=24.4
[rosout][INFO] 2026-07-23 23:44:24,669: control target=10 agent=10 armed=10 cmd_max=30.0 actual_max=24.5
[rosout][INFO] 2026-07-23 23:44:25,169: control target=10 agent=10 armed=10 cmd_max=30.0 actual_max=24.0
[rosout][INFO] 2026-07-23 23:44:25,669: control target=10 agent=10 armed=10 cmd_max=30.0 actual_max=21.9
[rosout][INFO] 2026-07-23 23:44:26,269: control target=10 agent=10 armed=10 cmd_max=30.0 actual_max=19.2
[rosout][INFO] 2026-07-23 23:44:26,869: control target=10 agent=10 armed=10 cmd_max=30.0 actual_max=16.9
[rosout][INFO] 2026-07-23 23:44:27,369: control target=10 agent=10 armed=10 cmd_max=30.0 actual_max=15.3
[rosout][INFO] 2026-07-23 23:44:27,969: control target=10 agent=10 armed=10 cmd_max=30.0 actual_max=15.7
[rosout][INFO] 2026-07-23 23:44:28,469: control target=10 agent=10 armed=10 cmd_max=30.0 actual_max=16.4
[rosout][INFO] 2026-07-23 23:44:29,069: control target=10 agent=10 armed=10 cmd_max=30.0 actual_max=17.3
[rosout][INFO] 2026-07-23 23:44:29,569: control target=10 agent=10 armed=10 cmd_max=30.0 actual_max=18.0
[rosout][INFO] 2026-07-23 23:44:30,169: control target=10 agent=10 armed=10 cmd_max=30.0 actual_max=19.0
[rosout][INFO] 2026-07-23 23:44:30,669: control target=10 agent=10 armed=10 cmd_max=30.0 actual_max=20.2
[rosout][INFO] 2026-07-23 23:44:31,269: control target=10 agent=10 armed=10 cmd_max=30.0 actual_max=21.1
[rosout][INFO] 2026-07-23 23:44:31,769: control target=10 agent=10 armed=10 cmd_max=30.0 actual_max=21.8
[rosout][INFO] 2026-07-23 23:44:32,369: control target=10 agent=10 armed=10 cmd_max=30.0 actual_max=22.8
[rosout][INFO] 2026-07-23 23:44:32,869: control target=10 agent=10 armed=10 cmd_max=30.0 actual_max=23.6
[rosout][INFO] 2026-07-23 23:44:33,369: control target=10 agent=10 armed=10 cmd_max=30.0 actual_max=24.5
[rosout][INFO] 2026-07-23 23:44:33,869: control target=10 agent=10 armed=10 cmd_max=30.0 actual_max=25.1
[rosout][INFO] 2026-07-23 23:44:34,469: control target=10 agent=10 armed=10 cmd_max=30.0 actual_max=25.6
[rosout][INFO] 2026-07-23 23:44:35,069: control target=10 agent=10 armed=10 cmd_max=30.0 actual_max=25.9
[rosout][INFO] 2026-07-23 23:44:35,569: control target=10 agent=10 armed=10 cmd_max=30.0 actual_max=26.2
[rosout][INFO] 2026-07-23 23:44:36,169: control target=10 agent=10 armed=10 cmd_max=30.0 actual_max=26.3
[rosout][INFO] 2026-07-23 23:44:36,769: control target=10 agent=10 armed=10 cmd_max=30.0 actual_max=26.3
[rosout][INFO] 2026-07-23 23:44:37,269: control target=10 agent=10 armed=10 cmd_max=30.0 actual_max=26.2
[rosout][INFO] 2026-07-23 23:44:37,769: control target=10 agent=10 armed=10 cmd_max=30.0 actual_max=26.3
[rosout][INFO] 2026-07-23 23:44:38,269: control target=10 agent=10 armed=10 cmd_max=30.0 actual_max=26.4
[rosout][INFO] 2026-07-23 23:44:38,769: control target=10 agent=10 armed=10 cmd_max=30.0 actual_max=26.3
[rosout][INFO] 2026-07-23 23:44:39,269: control target=10 agent=10 armed=10 cmd_max=30.0 actual_max=26.0
[rosout][INFO] 2026-07-23 23:44:39,869: control target=10 agent=10 armed=10 cmd_max=30.0 actual_max=25.7
[rosout][INFO] 2026-07-23 23:44:40,469: control target=10 agent=10 armed=10 cmd_max=30.0 actual_max=25.7
[rosout][INFO] 2026-07-23 23:44:41,069: control target=10 agent=10 armed=10 cmd_max=30.0 actual_max=25.4
[rosout][INFO] 2026-07-23 23:44:41,669: control target=10 agent=10 armed=10 cmd_max=30.0 actual_max=25.3
[rosout][INFO] 2026-07-23 23:44:42,269: control target=10 agent=10 armed=10 cmd_max=30.0 actual_max=25.4
[rosout][INFO] 2026-07-23 23:44:42,869: control target=10 agent=10 armed=10 cmd_max=30.0 actual_max=25.4
[rosout][INFO] 2026-07-23 23:44:43,469: control target=10 agent=10 armed=10 cmd_max=30.0 actual_max=25.4
[rosout][INFO] 2026-07-23 23:44:44,069: control target=10 agent=10 armed=10 cmd_max=30.0 actual_max=25.4
[rosout][INFO] 2026-07-23 23:44:44,569: control target=10 agent=10 armed=10 cmd_max=29.8 actual_max=25.5
[rosout][INFO] 2026-07-23 23:44:45,069: control target=10 agent=10 armed=10 cmd_max=29.0 actual_max=25.2
[rosout][INFO] 2026-07-23 23:44:45,569: control target=10 agent=10 armed=10 cmd_max=28.5 actual_max=25.1
[rosout][INFO] 2026-07-23 23:44:46,169: control target=10 agent=10 armed=10 cmd_max=27.5 actual_max=24.9
[rosout][INFO] 2026-07-23 23:44:46,669: control target=10 agent=10 armed=10 cmd_max=26.8 actual_max=25.1
[rosout][INFO] 2026-07-23 23:44:47,269: control target=10 agent=10 armed=10 cmd_max=26.1 actual_max=25.3
[rosout][INFO] 2026-07-23 23:44:47,869: control target=10 agent=10 armed=10 cmd_max=28.2 actual_max=26.9
[rosout][INFO] 2026-07-23 23:44:48,369: control target=10 agent=10 armed=10 cmd_max=29.9 actual_max=28.3
[rosout][INFO] 2026-07-23 23:44:48,969: control target=10 agent=10 armed=10 cmd_max=27.6 actual_max=28.0
[rosout][INFO] 2026-07-23 23:44:49,469: control target=9 agent=9 armed=9 cmd_max=26.4 actual_max=25.8
[rosout][INFO] 2026-07-23 23:44:50,069: control target=9 agent=9 armed=9 cmd_max=26.7 actual_max=26.3
[rosout][INFO] 2026-07-23 23:44:50,569: control target=9 agent=9 armed=9 cmd_max=26.3 actual_max=26.4
[rosout][INFO] 2026-07-23 23:44:51,069: control target=9 agent=9 armed=9 cmd_max=24.9 actual_max=25.4
[rosout][INFO] 2026-07-23 23:44:51,669: control target=9 agent=9 armed=9 cmd_max=22.2 actual_max=23.1
[rosout][INFO] 2026-07-23 23:44:52,169: control target=9 agent=9 armed=9 cmd_max=21.1 actual_max=21.8
[rosout][INFO] 2026-07-23 23:44:52,768: control target=8 agent=8 armed=8 cmd_max=20.0 actual_max=20.9
[rosout][INFO] 2026-07-23 23:44:53,368: control target=8 agent=8 armed=8 cmd_max=18.5 actual_max=19.6
[rosout][INFO] 2026-07-23 23:44:53,868: control target=8 agent=8 armed=8 cmd_max=18.0 actual_max=18.1
[rosout][INFO] 2026-07-23 23:44:54,368: control target=8 agent=8 armed=8 cmd_max=18.5 actual_max=16.3
[rosout][INFO] 2026-07-23 23:44:54,868: control target=8 agent=8 armed=8 cmd_max=17.7 actual_max=15.8
[rosout][INFO] 2026-07-23 23:44:55,468: control target=8 agent=8 armed=8 cmd_max=16.6 actual_max=15.0
[rosout][INFO] 2026-07-23 23:44:56,068: control target=8 agent=8 armed=8 cmd_max=16.5 actual_max=15.5
[rosout][INFO] 2026-07-23 23:44:56,668: control target=8 agent=8 armed=8 cmd_max=17.0 actual_max=15.7
[rosout][INFO] 2026-07-23 23:44:57,172: control target=8 agent=8 armed=8 cmd_max=16.2 actual_max=15.1
[rosout][INFO] 2026-07-23 23:44:57,768: control target=8 agent=8 armed=8 cmd_max=14.8 actual_max=14.2
[rosout][INFO] 2026-07-23 23:44:58,368: control target=8 agent=8 armed=8 cmd_max=13.2 actual_max=13.4
[rosout][INFO] 2026-07-23 23:44:58,868: control target=8 agent=8 armed=8 cmd_max=11.8 actual_max=12.3
[rosout][INFO] 2026-07-23 23:44:59,369: control target=8 agent=8 armed=8 cmd_max=11.4 actual_max=12.2
[rosout][INFO] 2026-07-23 23:44:59,968: control target=8 agent=8 armed=8 cmd_max=11.7 actual_max=12.5
[rosout][INFO] 2026-07-23 23:45:00,167: 目标在线退役(曾运动后持续静止): 1
[rosout][INFO] 2026-07-23 23:45:00,568: control target=7 agent=8 armed=8 cmd_max=12.4 actual_max=13.0
[rosout][INFO] 2026-07-23 23:45:00,967: 目标在线退役(曾运动后持续静止): 6
[rosout][INFO] 2026-07-23 23:45:01,068: control target=6 agent=8 armed=8 cmd_max=13.1 actual_max=13.6
[rosout][INFO] 2026-07-23 23:45:01,568: control target=6 agent=8 armed=8 cmd_max=13.9 actual_max=14.3
[rosout][INFO] 2026-07-23 23:45:02,068: control target=6 agent=8 armed=8 cmd_max=12.2 actual_max=13.5
[rosout][INFO] 2026-07-23 23:45:02,367: 目标在线退役(曾运动后持续静止): 2
[rosout][INFO] 2026-07-23 23:45:02,668: control target=5 agent=8 armed=8 cmd_max=10.5 actual_max=11.2
[rosout][INFO] 2026-07-23 23:45:03,168: control target=5 agent=8 armed=8 cmd_max=9.3 actual_max=9.5
[rosout][INFO] 2026-07-23 23:45:03,768: control target=5 agent=8 armed=8 cmd_max=9.1 actual_max=7.6
[rosout][INFO] 2026-07-23 23:45:04,368: control target=5 agent=8 armed=8 cmd_max=10.5 actual_max=9.5
[rosout][INFO] 2026-07-23 23:45:04,868: control target=5 agent=8 armed=8 cmd_max=9.5 actual_max=10.5
[rosout][INFO] 2026-07-23 23:45:05,368: control target=5 agent=8 armed=8 cmd_max=7.2 actual_max=8.7
[rosout][INFO] 2026-07-23 23:45:05,667: 目标在线退役(曾运动后持续静止): 3
[rosout][INFO] 2026-07-23 23:45:05,867: 目标在线退役(曾运动后持续静止): 4,10
[rosout][INFO] 2026-07-23 23:45:05,968: control target=2 agent=8 armed=8 cmd_max=7.0 actual_max=6.7
[rosout][INFO] 2026-07-23 23:45:06,468: control target=2 agent=8 armed=8 cmd_max=7.1 actual_max=7.6
[rosout][INFO] 2026-07-23 23:45:07,068: control target=2 agent=8 armed=8 cmd_max=6.2 actual_max=7.5
[rosout][INFO] 2026-07-23 23:45:07,467: 目标在线退役(曾运动后持续静止): 5
[rosout][INFO] 2026-07-23 23:45:07,668: control target=1 agent=8 armed=8 cmd_max=4.6 actual_max=5.2
[rosout][INFO] 2026-07-23 23:45:08,168: control target=1 agent=8 armed=8 cmd_max=3.3 actual_max=3.4
[rosout][INFO] 2026-07-23 23:45:08,668: control target=1 agent=8 armed=8 cmd_max=2.2 actual_max=2.6
[rosout][INFO] 2026-07-23 23:45:09,168: control target=1 agent=8 armed=8 cmd_max=1.4 actual_max=2.1
[rosout][INFO] 2026-07-23 23:45:09,768: control target=1 agent=8 armed=8 cmd_max=0.8 actual_max=1.3
[rosout][INFO] 2026-07-23 23:45:10,267: 目标在线退役(曾运动后持续静止): 9
[rosout][INFO] 2026-07-23 23:45:10,269: control target=0 agent=8 armed=8 cmd_max=0.0 actual_max=0.8
[rosout][INFO] 2026-07-23 23:45:10,768: control target=0 agent=8 armed=8 cmd_max=0.0 actual_max=0.2
[rosout][INFO] 2026-07-23 23:45:11,368: control target=0 agent=8 armed=8 cmd_max=0.0 actual_max=0.1
[rosout][INFO] 2026-07-23 23:45:11,868: control target=0 agent=8 armed=8 cmd_max=0.0 actual_max=0.1
[rosout][INFO] 2026-07-23 23:45:12,268: 全部目标话题已超时，结束控制循环
[rospy.core][INFO] 2026-07-23 23:45:12,521: signal_shutdown [atexit]
[rospy.internal][INFO] 2026-07-23 23:45:12,528: topic[/rosout] removing connection to /rosout
[rospy.internal][INFO] 2026-07-23 23:45:12,528: topic[/mavros/setpoint_raw/local] removing connection to /rostrans_ros1
[rospy.internal][INFO] 2026-07-23 23:45:12,528: topic[/mavros2/setpoint_raw/local] removing connection to /rostrans_ros1
[rospy.internal][INFO] 2026-07-23 23:45:12,529: topic[/mavros3/setpoint_raw/local] removing connection to /rostrans_ros1
[rospy.internal][INFO] 2026-07-23 23:45:12,529: topic[/mavros4/setpoint_raw/local] removing connection to /rostrans_ros1
[rospy.internal][INFO] 2026-07-23 23:45:12,529: topic[/mavros5/setpoint_raw/local] removing connection to /rostrans_ros1
[rospy.internal][INFO] 2026-07-23 23:45:12,529: topic[/mavros6/setpoint_raw/local] removing connection to /rostrans_ros1
[rospy.internal][INFO] 2026-07-23 23:45:12,529: topic[/mavros7/setpoint_raw/local] removing connection to /rostrans_ros1
[rospy.internal][INFO] 2026-07-23 23:45:12,529: topic[/mavros8/setpoint_raw/local] removing connection to /rostrans_ros1
[rospy.internal][INFO] 2026-07-23 23:45:12,529: topic[/mavros9/setpoint_raw/local] removing connection to /rostrans_ros1
[rospy.internal][INFO] 2026-07-23 23:45:12,529: topic[/mavros10/setpoint_raw/local] removing connection to /rostrans_ros1
[rospy.internal][INFO] 2026-07-23 23:45:12,530: topic[/interceptor1/origin] removing connection to http://gpufree-container:45291/
[rospy.internal][INFO] 2026-07-23 23:45:12,530: topic[/mavros/local_position/odom] removing connection to http://gpufree-container:37525/
[rospy.internal][INFO] 2026-07-23 23:45:12,531: topic[/mavros/state] removing connection to http://gpufree-container:37525/
[rospy.internal][INFO] 2026-07-23 23:45:12,532: topic[/radar/target1/position] removing connection to http://gpufree-container:45291/
[rospy.internal][INFO] 2026-07-23 23:45:12,532: topic[/radar/target1/position] removing connection to http://gpufree-container:45291/
[rospy.internal][INFO] 2026-07-23 23:45:12,532: topic[/interceptor2/origin] removing connection to http://gpufree-container:45291/
[rospy.internal][INFO] 2026-07-23 23:45:12,532: topic[/mavros2/local_position/odom] removing connection to http://gpufree-container:37525/
[rospy.internal][INFO] 2026-07-23 23:45:12,533: topic[/mavros2/state] removing connection to http://gpufree-container:37525/
[rospy.internal][INFO] 2026-07-23 23:45:12,533: topic[/radar/target2/position] removing connection to http://gpufree-container:45291/
[rospy.internal][INFO] 2026-07-23 23:45:12,533: topic[/interceptor3/origin] removing connection to http://gpufree-container:45291/
[rospy.internal][INFO] 2026-07-23 23:45:12,533: topic[/mavros3/local_position/odom] removing connection to http://gpufree-container:37525/
[rospy.internal][INFO] 2026-07-23 23:45:12,534: topic[/mavros3/state] removing connection to http://gpufree-container:37525/
[rospy.internal][INFO] 2026-07-23 23:45:12,534: topic[/radar/target3/position] removing connection to http://gpufree-container:45291/
[rospy.internal][INFO] 2026-07-23 23:45:12,534: topic[/interceptor4/origin] removing connection to http://gpufree-container:45291/
[rospy.internal][INFO] 2026-07-23 23:45:12,534: topic[/mavros4/local_position/odom] removing connection to http://gpufree-container:37525/
[rospy.internal][INFO] 2026-07-23 23:45:12,534: topic[/mavros4/state] removing connection to http://gpufree-container:37525/
[rospy.internal][INFO] 2026-07-23 23:45:12,535: topic[/radar/target4/position] removing connection to http://gpufree-container:45291/
[rospy.internal][INFO] 2026-07-23 23:45:12,535: topic[/interceptor5/origin] removing connection to http://gpufree-container:45291/
[rospy.internal][INFO] 2026-07-23 23:45:12,535: topic[/mavros5/local_position/odom] removing connection to http://gpufree-container:37525/
[rospy.internal][INFO] 2026-07-23 23:45:12,535: topic[/mavros5/state] removing connection to http://gpufree-container:37525/
[rospy.internal][INFO] 2026-07-23 23:45:12,536: topic[/radar/target5/position] removing connection to http://gpufree-container:45291/
[rospy.internal][INFO] 2026-07-23 23:45:12,536: topic[/interceptor6/origin] removing connection to http://gpufree-container:45291/
[rospy.internal][INFO] 2026-07-23 23:45:12,536: topic[/mavros6/local_position/odom] removing connection to http://gpufree-container:37525/
[rospy.internal][INFO] 2026-07-23 23:45:12,536: topic[/mavros6/state] removing connection to http://gpufree-container:37525/
[rospy.internal][INFO] 2026-07-23 23:45:12,536: topic[/radar/target6/position] removing connection to http://gpufree-container:45291/
[rospy.internal][INFO] 2026-07-23 23:45:12,537: topic[/interceptor7/origin] removing connection to http://gpufree-container:45291/
[rospy.internal][INFO] 2026-07-23 23:45:12,537: topic[/mavros7/local_position/odom] removing connection to http://gpufree-container:37525/
[rospy.internal][INFO] 2026-07-23 23:45:12,537: topic[/mavros7/state] removing connection to http://gpufree-container:37525/
[rospy.internal][INFO] 2026-07-23 23:45:12,537: topic[/mavros7/state] removing connection to http://gpufree-container:37525/
[rospy.internal][INFO] 2026-07-23 23:45:12,538: topic[/radar/target7/position] removing connection to http://gpufree-container:45291/
[rospy.internal][INFO] 2026-07-23 23:45:12,538: topic[/interceptor8/origin] removing connection to http://gpufree-container:45291/
[rospy.internal][INFO] 2026-07-23 23:45:12,538: topic[/mavros8/local_position/odom] removing connection to http://gpufree-container:37525/
[rospy.internal][INFO] 2026-07-23 23:45:12,538: topic[/mavros8/state] removing connection to http://gpufree-container:37525/
[rospy.internal][INFO] 2026-07-23 23:45:12,538: topic[/radar/target8/position] removing connection to http://gpufree-container:45291/
[rospy.internal][INFO] 2026-07-23 23:45:12,539: topic[/interceptor9/origin] removing connection to http://gpufree-container:45291/
[rospy.internal][INFO] 2026-07-23 23:45:12,539: topic[/mavros9/local_position/odom] removing connection to http://gpufree-container:37525/
[rospy.internal][INFO] 2026-07-23 23:45:12,539: topic[/mavros9/state] removing connection to http://gpufree-container:37525/
[rospy.internal][INFO] 2026-07-23 23:45:12,539: topic[/radar/target9/position] removing connection to http://gpufree-container:45291/
[rospy.internal][INFO] 2026-07-23 23:45:12,540: topic[/interceptor10/origin] removing connection to http://gpufree-container:45291/
[rospy.internal][INFO] 2026-07-23 23:45:12,540: topic[/mavros10/local_position/odom] removing connection to http://gpufree-container:37525/
[rospy.internal][INFO] 2026-07-23 23:45:12,540: topic[/mavros10/local_position/odom] removing connection to http://gpufree-container:37525/
[rospy.internal][INFO] 2026-07-23 23:45:12,540: topic[/mavros10/state] removing connection to http://gpufree-container:37525/
[rospy.internal][INFO] 2026-07-23 23:45:12,540: topic[/radar/target10/position] removing connection to http://gpufree-container:45291/
[rospy.impl.masterslave][INFO] 2026-07-23 23:45:12,541: atexit
[rospy.client][INFO] 2026-07-23 23:52:12,275: init_node, name[/zhuoyi_10v10_controller], pid[3491808]
[xmlrpc][INFO] 2026-07-23 23:52:12,321: XML-RPC server binding to 0.0.0.0:0
[xmlrpc][INFO] 2026-07-23 23:52:12,321: Started XML-RPC server [http://gpufree-container:39729/]
[rospy.init][INFO] 2026-07-23 23:52:12,321: ROS Slave URI: [http://gpufree-container:39729/]
[rospy.impl.masterslave][INFO] 2026-07-23 23:52:12,321: _ready: http://gpufree-container:39729/
[rospy.registration][INFO] 2026-07-23 23:52:12,321: Registering with master node http://localhost:11311
[xmlrpc][INFO] 2026-07-23 23:52:12,322: xml rpc node: starting XML-RPC server
[rospy.init][INFO] 2026-07-23 23:52:12,421: registered with master
[rospy.rosout][INFO] 2026-07-23 23:52:12,422: initializing /rosout core topic
[rospy.rosout][INFO] 2026-07-23 23:52:12,425: connected to core topic /rosout
[rospy.simtime][INFO] 2026-07-23 23:52:12,425: /use_sim_time is not set, will not subscribe to simulated time [/clock] topic
[rospy.internal][INFO] 2026-07-23 23:52:12,430: topic[/interceptor1/origin] adding connection to [http://gpufree-container:38733/], count 0
[rospy.internal][INFO] 2026-07-23 23:52:12,432: topic[/mavros/local_position/odom] adding connection to [http://gpufree-container:44911/], count 0
[rospy.internal][INFO] 2026-07-23 23:52:12,432: topic[/mavros/state] adding connection to [http://gpufree-container:44911/], count 0
[rospy.internal][INFO] 2026-07-23 23:52:12,433: topic[/radar/target1/position] adding connection to [http://gpufree-container:38733/], count 0
[rospy.internal][INFO] 2026-07-23 23:52:12,435: topic[/interceptor2/origin] adding connection to [http://gpufree-container:38733/], count 0
[rospy.internal][INFO] 2026-07-23 23:52:12,436: topic[/mavros2/local_position/odom] adding connection to [http://gpufree-container:44911/], count 0
[rospy.internal][INFO] 2026-07-23 23:52:12,437: topic[/mavros2/state] adding connection to [http://gpufree-container:44911/], count 0
[rospy.internal][INFO] 2026-07-23 23:52:12,439: topic[/radar/target2/position] adding connection to [http://gpufree-container:38733/], count 0
[rospy.internal][INFO] 2026-07-23 23:52:12,441: topic[/interceptor3/origin] adding connection to [http://gpufree-container:38733/], count 0
[rospy.internal][INFO] 2026-07-23 23:52:12,442: topic[/mavros3/local_position/odom] adding connection to [http://gpufree-container:44911/], count 0
[rospy.internal][INFO] 2026-07-23 23:52:12,443: topic[/mavros3/state] adding connection to [http://gpufree-container:44911/], count 0
[rospy.internal][INFO] 2026-07-23 23:52:12,445: topic[/radar/target3/position] adding connection to [http://gpufree-container:38733/], count 0
[rospy.internal][INFO] 2026-07-23 23:52:12,446: topic[/interceptor4/origin] adding connection to [http://gpufree-container:38733/], count 0
[rospy.internal][INFO] 2026-07-23 23:52:12,447: topic[/mavros4/local_position/odom] adding connection to [http://gpufree-container:44911/], count 0
[rospy.internal][INFO] 2026-07-23 23:52:12,449: topic[/mavros4/state] adding connection to [http://gpufree-container:44911/], count 0
[rospy.internal][INFO] 2026-07-23 23:52:12,451: topic[/radar/target4/position] adding connection to [http://gpufree-container:38733/], count 0
[rospy.internal][INFO] 2026-07-23 23:52:12,453: topic[/interceptor5/origin] adding connection to [http://gpufree-container:38733/], count 0
[rospy.internal][INFO] 2026-07-23 23:52:12,453: topic[/mavros5/local_position/odom] adding connection to [http://gpufree-container:44911/], count 0
[rospy.internal][INFO] 2026-07-23 23:52:12,455: topic[/mavros5/state] adding connection to [http://gpufree-container:44911/], count 0
[rospy.internal][INFO] 2026-07-23 23:52:12,456: topic[/radar/target5/position] adding connection to [http://gpufree-container:38733/], count 0
[rospy.internal][INFO] 2026-07-23 23:52:12,458: topic[/interceptor6/origin] adding connection to [http://gpufree-container:38733/], count 0
[rospy.internal][INFO] 2026-07-23 23:52:12,459: topic[/mavros6/local_position/odom] adding connection to [http://gpufree-container:44911/], count 0
[rospy.internal][INFO] 2026-07-23 23:52:12,460: topic[/mavros6/state] adding connection to [http://gpufree-container:44911/], count 0
[rospy.internal][INFO] 2026-07-23 23:52:12,461: topic[/radar/target6/position] adding connection to [http://gpufree-container:38733/], count 0
[rospy.internal][INFO] 2026-07-23 23:52:12,463: topic[/interceptor7/origin] adding connection to [http://gpufree-container:38733/], count 0
[rospy.internal][INFO] 2026-07-23 23:52:12,464: topic[/mavros7/local_position/odom] adding connection to [http://gpufree-container:44911/], count 0
[rospy.internal][INFO] 2026-07-23 23:52:12,465: topic[/mavros7/state] adding connection to [http://gpufree-container:44911/], count 0
[rospy.internal][INFO] 2026-07-23 23:52:12,467: topic[/radar/target7/position] adding connection to [http://gpufree-container:38733/], count 0
[rospy.internal][INFO] 2026-07-23 23:52:12,468: topic[/interceptor8/origin] adding connection to [http://gpufree-container:38733/], count 0
[rospy.internal][INFO] 2026-07-23 23:52:12,470: topic[/mavros8/local_position/odom] adding connection to [http://gpufree-container:44911/], count 0
[rospy.internal][INFO] 2026-07-23 23:52:12,471: topic[/mavros8/state] adding connection to [http://gpufree-container:44911/], count 0
[rospy.internal][INFO] 2026-07-23 23:52:12,472: topic[/radar/target8/position] adding connection to [http://gpufree-container:38733/], count 0
[rospy.internal][INFO] 2026-07-23 23:52:12,474: topic[/interceptor9/origin] adding connection to [http://gpufree-container:38733/], count 0
[rospy.internal][INFO] 2026-07-23 23:52:12,475: topic[/mavros9/local_position/odom] adding connection to [http://gpufree-container:44911/], count 0
[rospy.internal][INFO] 2026-07-23 23:52:12,476: topic[/mavros9/state] adding connection to [http://gpufree-container:44911/], count 0
[rospy.internal][INFO] 2026-07-23 23:52:12,478: topic[/radar/target9/position] adding connection to [http://gpufree-container:38733/], count 0
[rospy.internal][INFO] 2026-07-23 23:52:12,479: topic[/interceptor10/origin] adding connection to [http://gpufree-container:38733/], count 0
[rospy.internal][INFO] 2026-07-23 23:52:12,481: topic[/mavros10/local_position/odom] adding connection to [http://gpufree-container:44911/], count 0
[rospy.internal][INFO] 2026-07-23 23:52:12,483: topic[/mavros10/state] adding connection to [http://gpufree-container:44911/], count 0
[rosout][INFO] 2026-07-23 23:52:12,483: 等待公开话题 origin=0/10 odom=8/10 state=0/10 target=0/10
[rospy.internal][INFO] 2026-07-23 23:52:12,485: topic[/radar/target10/position] adding connection to [http://gpufree-container:38733/], count 0
[rospy.internal][INFO] 2026-07-23 23:52:12,682: topic[/rosout] adding connection to [/rosout], count 0
[rosout][INFO] 2026-07-23 23:52:12,683: 公开话题已就绪 origin=10 odom=10 state=10 target=10
[rosout][INFO] 2026-07-23 23:52:12,685: 预热 10 路设定点流 2.0 秒
[rospy.internal][INFO] 2026-07-23 23:52:12,688: topic[/mavros2/setpoint_raw/local] adding connection to [/rostrans_ros1], count 0
[rospy.internal][INFO] 2026-07-23 23:52:12,688: topic[/mavros3/setpoint_raw/local] adding connection to [/rostrans_ros1], count 0
[rospy.internal][INFO] 2026-07-23 23:52:12,689: topic[/mavros4/setpoint_raw/local] adding connection to [/rostrans_ros1], count 0
[rospy.internal][INFO] 2026-07-23 23:52:12,690: topic[/mavros5/setpoint_raw/local] adding connection to [/rostrans_ros1], count 0
[rospy.internal][INFO] 2026-07-23 23:52:12,690: topic[/mavros6/setpoint_raw/local] adding connection to [/rostrans_ros1], count 0
[rospy.internal][INFO] 2026-07-23 23:52:12,690: topic[/mavros7/setpoint_raw/local] adding connection to [/rostrans_ros1], count 0
[rospy.internal][INFO] 2026-07-23 23:52:12,690: topic[/mavros8/setpoint_raw/local] adding connection to [/rostrans_ros1], count 0
[rospy.internal][INFO] 2026-07-23 23:52:12,691: topic[/mavros9/setpoint_raw/local] adding connection to [/rostrans_ros1], count 0
[rospy.internal][INFO] 2026-07-23 23:52:12,691: topic[/mavros10/setpoint_raw/local] adding connection to [/rostrans_ros1], count 0
[rospy.internal][INFO] 2026-07-23 23:52:12,691: topic[/mavros/setpoint_raw/local] adding connection to [/rostrans_ros1], count 0
[rosout][INFO] 2026-07-23 23:52:14,718: 并发解锁 retry=1 armed=0/10 offboard=0/10 service_ok=10/10
[rosout][INFO] 2026-07-23 23:52:15,143: 并发解锁 retry=2 armed=10/10 offboard=10/10 service_ok=10/10
[rosout][INFO] 2026-07-23 23:52:15,148: control target=10 agent=10 armed=10 cmd_max=0.0 actual_max=0.0
[rosout][INFO] 2026-07-23 23:52:15,648: control target=10 agent=10 armed=10 cmd_max=2.5 actual_max=1.7
[rosout][INFO] 2026-07-23 23:52:16,147: control target=10 agent=10 armed=10 cmd_max=4.2 actual_max=3.0
[rosout][INFO] 2026-07-23 23:52:16,747: control target=10 agent=10 armed=10 cmd_max=6.7 actual_max=4.7
[rosout][INFO] 2026-07-23 23:52:17,347: control target=10 agent=10 armed=10 cmd_max=9.5 actual_max=7.4
[rosout][INFO] 2026-07-23 23:52:17,947: control target=10 agent=10 armed=10 cmd_max=12.4 actual_max=10.2
[rosout][INFO] 2026-07-23 23:52:18,447: control target=10 agent=10 armed=10 cmd_max=14.8 actual_max=12.6
[rosout][INFO] 2026-07-23 23:52:18,947: control target=10 agent=10 armed=10 cmd_max=17.3 actual_max=14.7
[rosout][INFO] 2026-07-23 23:52:19,547: control target=10 agent=10 armed=10 cmd_max=20.3 actual_max=16.0
[rosout][INFO] 2026-07-23 23:52:20,047: control target=10 agent=10 armed=10 cmd_max=22.8 actual_max=16.8
[rosout][INFO] 2026-07-23 23:52:20,647: control target=10 agent=10 armed=10 cmd_max=25.8 actual_max=17.5
[rosout][INFO] 2026-07-23 23:52:21,147: control target=10 agent=10 armed=10 cmd_max=28.3 actual_max=18.1
[rosout][INFO] 2026-07-23 23:52:21,647: control target=10 agent=10 armed=10 cmd_max=30.0 actual_max=18.6
[rosout][INFO] 2026-07-23 23:52:22,247: control target=10 agent=10 armed=10 cmd_max=30.0 actual_max=19.0
[rosout][INFO] 2026-07-23 23:52:22,847: control target=10 agent=10 armed=10 cmd_max=30.0 actual_max=19.4
[rosout][INFO] 2026-07-23 23:52:23,347: control target=10 agent=10 armed=10 cmd_max=30.0 actual_max=19.6
[rosout][INFO] 2026-07-23 23:52:23,947: control target=10 agent=10 armed=10 cmd_max=30.0 actual_max=19.8
[rosout][INFO] 2026-07-23 23:52:24,547: control target=10 agent=10 armed=10 cmd_max=30.0 actual_max=20.1
[rosout][INFO] 2026-07-23 23:52:25,047: control target=10 agent=10 armed=10 cmd_max=30.0 actual_max=20.3
[rosout][INFO] 2026-07-23 23:52:25,647: control target=10 agent=10 armed=10 cmd_max=30.0 actual_max=20.5
[rosout][INFO] 2026-07-23 23:52:26,147: control target=10 agent=10 armed=10 cmd_max=30.0 actual_max=20.7
[rosout][INFO] 2026-07-23 23:52:26,647: control target=10 agent=10 armed=10 cmd_max=30.0 actual_max=20.9
[rosout][INFO] 2026-07-23 23:52:27,247: control target=10 agent=10 armed=10 cmd_max=30.0 actual_max=21.1
[rosout][INFO] 2026-07-23 23:52:27,747: control target=10 agent=10 armed=10 cmd_max=30.0 actual_max=21.3
[rosout][INFO] 2026-07-23 23:52:28,247: control target=10 agent=10 armed=10 cmd_max=30.0 actual_max=21.4
[rosout][INFO] 2026-07-23 23:52:28,847: control target=10 agent=10 armed=10 cmd_max=30.0 actual_max=21.7
[rosout][INFO] 2026-07-23 23:52:29,447: control target=10 agent=10 armed=10 cmd_max=30.0 actual_max=22.4
[rosout][INFO] 2026-07-23 23:52:29,947: control target=10 agent=10 armed=10 cmd_max=30.0 actual_max=22.7
[rosout][INFO] 2026-07-23 23:52:30,447: control target=10 agent=10 armed=10 cmd_max=30.0 actual_max=22.9
[rosout][INFO] 2026-07-23 23:52:30,947: control target=10 agent=10 armed=10 cmd_max=30.0 actual_max=23.0
[rosout][INFO] 2026-07-23 23:52:31,447: control target=10 agent=10 armed=10 cmd_max=30.0 actual_max=23.1
[rosout][INFO] 2026-07-23 23:52:32,047: control target=10 agent=10 armed=10 cmd_max=30.0 actual_max=23.2
[rosout][INFO] 2026-07-23 23:52:32,647: control target=10 agent=10 armed=10 cmd_max=30.0 actual_max=23.3
[rosout][INFO] 2026-07-23 23:52:33,147: control target=10 agent=10 armed=10 cmd_max=30.0 actual_max=23.4
[rosout][INFO] 2026-07-23 23:52:33,647: control target=10 agent=10 armed=10 cmd_max=30.0 actual_max=23.5
[rosout][INFO] 2026-07-23 23:52:34,247: control target=10 agent=10 armed=10 cmd_max=30.0 actual_max=23.6
[rosout][INFO] 2026-07-23 23:52:34,747: control target=10 agent=10 armed=10 cmd_max=30.0 actual_max=23.7
[rosout][INFO] 2026-07-23 23:52:35,347: control target=10 agent=10 armed=10 cmd_max=30.0 actual_max=23.8
[rosout][INFO] 2026-07-23 23:52:35,847: control target=10 agent=10 armed=10 cmd_max=30.0 actual_max=23.9
[rosout][INFO] 2026-07-23 23:52:36,447: control target=10 agent=10 armed=10 cmd_max=30.0 actual_max=24.0
[rosout][INFO] 2026-07-23 23:52:36,947: control target=10 agent=10 armed=10 cmd_max=30.0 actual_max=24.0
[rosout][INFO] 2026-07-23 23:52:37,547: control target=10 agent=10 armed=10 cmd_max=30.0 actual_max=24.2
[rosout][INFO] 2026-07-23 23:52:38,147: control target=10 agent=10 armed=10 cmd_max=30.0 actual_max=24.3
[rosout][INFO] 2026-07-23 23:52:38,747: control target=10 agent=10 armed=10 cmd_max=30.0 actual_max=24.4
[rosout][INFO] 2026-07-23 23:52:39,347: control target=10 agent=10 armed=10 cmd_max=30.0 actual_max=24.5
[rosout][INFO] 2026-07-23 23:52:39,947: control target=10 agent=10 armed=10 cmd_max=30.0 actual_max=24.6
[rosout][INFO] 2026-07-23 23:52:40,447: control target=10 agent=10 armed=10 cmd_max=30.0 actual_max=24.8
[rosout][INFO] 2026-07-23 23:52:40,947: control target=10 agent=10 armed=10 cmd_max=30.0 actual_max=24.9
[rosout][INFO] 2026-07-23 23:52:41,547: control target=10 agent=10 armed=10 cmd_max=30.0 actual_max=25.0
[rosout][INFO] 2026-07-23 23:52:42,047: control target=10 agent=10 armed=10 cmd_max=30.0 actual_max=24.8
[rosout][INFO] 2026-07-23 23:52:42,647: control target=10 agent=10 armed=10 cmd_max=30.0 actual_max=25.0
[rosout][INFO] 2026-07-23 23:52:43,147: control target=10 agent=10 armed=10 cmd_max=30.0 actual_max=25.1
[rosout][INFO] 2026-07-23 23:52:43,747: control target=10 agent=10 armed=10 cmd_max=30.0 actual_max=24.1
[rosout][INFO] 2026-07-23 23:52:44,347: control target=10 agent=10 armed=10 cmd_max=30.0 actual_max=22.0
[rosout][INFO] 2026-07-23 23:52:44,847: control target=10 agent=10 armed=10 cmd_max=30.0 actual_max=20.6
[rosout][INFO] 2026-07-23 23:52:45,447: control target=10 agent=10 armed=10 cmd_max=30.0 actual_max=19.6
[rosout][INFO] 2026-07-23 23:52:46,047: control target=10 agent=10 armed=10 cmd_max=30.0 actual_max=19.5
[rosout][INFO] 2026-07-23 23:52:46,547: control target=10 agent=10 armed=10 cmd_max=30.0 actual_max=19.7
[rosout][INFO] 2026-07-23 23:52:47,147: control target=10 agent=10 armed=10 cmd_max=30.0 actual_max=20.0
[rosout][INFO] 2026-07-23 23:52:47,747: control target=10 agent=10 armed=10 cmd_max=30.0 actual_max=19.9
[rosout][INFO] 2026-07-23 23:52:48,247: control target=10 agent=10 armed=10 cmd_max=30.0 actual_max=19.5
[rosout][INFO] 2026-07-23 23:52:48,847: control target=10 agent=10 armed=10 cmd_max=30.0 actual_max=19.2
[rosout][INFO] 2026-07-23 23:52:49,347: control target=10 agent=10 armed=10 cmd_max=30.0 actual_max=19.6
[rosout][INFO] 2026-07-23 23:52:49,847: control target=10 agent=10 armed=10 cmd_max=30.0 actual_max=20.3
[rosout][INFO] 2026-07-23 23:52:50,347: control target=10 agent=10 armed=10 cmd_max=30.0 actual_max=20.6
[rosout][INFO] 2026-07-23 23:52:50,947: control target=10 agent=10 armed=10 cmd_max=30.0 actual_max=20.5
[rosout][INFO] 2026-07-23 23:52:51,547: control target=10 agent=10 armed=10 cmd_max=30.0 actual_max=20.2
[rosout][INFO] 2026-07-23 23:52:52,047: control target=10 agent=10 armed=10 cmd_max=30.0 actual_max=20.4
[rosout][INFO] 2026-07-23 23:52:52,547: control target=10 agent=10 armed=10 cmd_max=30.0 actual_max=20.8
[rosout][INFO] 2026-07-23 23:52:53,147: control target=10 agent=10 armed=10 cmd_max=30.0 actual_max=21.1
[rosout][INFO] 2026-07-23 23:52:53,747: control target=10 agent=10 armed=10 cmd_max=30.0 actual_max=21.1
[rosout][INFO] 2026-07-23 23:52:54,347: control target=10 agent=10 armed=10 cmd_max=30.0 actual_max=21.2
[rosout][INFO] 2026-07-23 23:52:54,848: control target=10 agent=10 armed=10 cmd_max=30.0 actual_max=21.5
[rosout][INFO] 2026-07-23 23:52:55,447: control target=10 agent=10 armed=10 cmd_max=30.0 actual_max=21.7
[rosout][INFO] 2026-07-23 23:52:55,947: control target=10 agent=10 armed=10 cmd_max=30.0 actual_max=21.6
[rosout][INFO] 2026-07-23 23:52:56,547: control target=10 agent=10 armed=10 cmd_max=30.0 actual_max=21.0
[rosout][INFO] 2026-07-23 23:52:57,047: control target=10 agent=10 armed=10 cmd_max=30.0 actual_max=20.2
[rosout][INFO] 2026-07-23 23:52:57,647: control target=10 agent=10 armed=10 cmd_max=30.0 actual_max=19.2
[rosout][INFO] 2026-07-23 23:52:58,147: control target=10 agent=10 armed=10 cmd_max=30.0 actual_max=20.4
[rosout][INFO] 2026-07-23 23:52:58,747: control target=10 agent=10 armed=10 cmd_max=30.0 actual_max=22.7
[rosout][INFO] 2026-07-23 23:52:59,248: control target=10 agent=10 armed=10 cmd_max=30.0 actual_max=21.5
[rosout][INFO] 2026-07-23 23:52:59,847: control target=10 agent=10 armed=10 cmd_max=30.0 actual_max=18.7
[rosout][INFO] 2026-07-23 23:53:00,347: control target=10 agent=10 armed=10 cmd_max=30.0 actual_max=19.9
[rosout][INFO] 2026-07-23 23:53:00,847: control target=10 agent=10 armed=10 cmd_max=30.0 actual_max=19.7
[rosout][INFO] 2026-07-23 23:53:01,447: control target=10 agent=10 armed=10 cmd_max=30.0 actual_max=20.0
[rosout][INFO] 2026-07-23 23:53:01,947: control target=10 agent=10 armed=10 cmd_max=30.0 actual_max=18.5
[rosout][INFO] 2026-07-23 23:53:02,447: control target=10 agent=10 armed=10 cmd_max=30.0 actual_max=18.1
[rosout][INFO] 2026-07-23 23:53:02,947: control target=10 agent=10 armed=10 cmd_max=30.0 actual_max=19.0
[rosout][INFO] 2026-07-23 23:53:03,547: control target=10 agent=10 armed=10 cmd_max=30.0 actual_max=19.4
[rosout][INFO] 2026-07-23 23:53:04,147: control target=10 agent=10 armed=10 cmd_max=30.0 actual_max=19.8
[rosout][INFO] 2026-07-23 23:53:04,647: control target=10 agent=10 armed=10 cmd_max=30.0 actual_max=19.0
[rosout][INFO] 2026-07-23 23:53:05,247: control target=10 agent=10 armed=10 cmd_max=30.0 actual_max=21.7
[rosout][INFO] 2026-07-23 23:53:05,847: control target=10 agent=10 armed=10 cmd_max=30.0 actual_max=20.5
[rosout][INFO] 2026-07-23 23:53:06,347: control target=10 agent=10 armed=10 cmd_max=30.0 actual_max=20.8
[rosout][INFO] 2026-07-23 23:53:06,947: control target=10 agent=10 armed=10 cmd_max=30.0 actual_max=21.7
[rosout][INFO] 2026-07-23 23:53:07,447: control target=10 agent=10 armed=10 cmd_max=30.0 actual_max=22.7
[rosout][INFO] 2026-07-23 23:53:08,047: control target=10 agent=10 armed=10 cmd_max=30.0 actual_max=23.5
[rosout][INFO] 2026-07-23 23:53:08,647: control target=10 agent=10 armed=10 cmd_max=30.0 actual_max=23.8
[rosout][INFO] 2026-07-23 23:53:09,247: control target=10 agent=10 armed=10 cmd_max=30.0 actual_max=24.0
[rosout][INFO] 2026-07-23 23:53:09,747: control target=10 agent=10 armed=10 cmd_max=30.0 actual_max=24.1
[rosout][INFO] 2026-07-23 23:53:10,247: control target=10 agent=10 armed=10 cmd_max=30.0 actual_max=24.4
[rosout][INFO] 2026-07-23 23:53:10,847: control target=10 agent=10 armed=10 cmd_max=30.0 actual_max=24.7
[rosout][INFO] 2026-07-23 23:53:11,349: control target=10 agent=10 armed=10 cmd_max=30.0 actual_max=25.3
[rosout][INFO] 2026-07-23 23:53:11,947: control target=10 agent=10 armed=10 cmd_max=30.0 actual_max=25.6
[rosout][INFO] 2026-07-23 23:53:12,447: control target=10 agent=10 armed=10 cmd_max=30.0 actual_max=25.5
[rosout][INFO] 2026-07-23 23:53:12,947: control target=10 agent=10 armed=10 cmd_max=30.0 actual_max=25.5
[rosout][INFO] 2026-07-23 23:53:13,447: control target=10 agent=10 armed=10 cmd_max=30.0 actual_max=25.1
[rosout][INFO] 2026-07-23 23:53:14,047: control target=10 agent=10 armed=10 cmd_max=30.0 actual_max=24.1
[rosout][INFO] 2026-07-23 23:53:14,647: control target=10 agent=10 armed=10 cmd_max=30.0 actual_max=24.0
[rosout][INFO] 2026-07-23 23:53:15,147: control target=10 agent=10 armed=10 cmd_max=30.0 actual_max=23.8
[rosout][INFO] 2026-07-23 23:53:15,647: control target=10 agent=10 armed=10 cmd_max=30.0 actual_max=23.7
[rosout][INFO] 2026-07-23 23:53:16,148: control target=10 agent=10 armed=10 cmd_max=30.0 actual_max=23.6
[rosout][INFO] 2026-07-23 23:53:16,747: control target=10 agent=10 armed=10 cmd_max=30.0 actual_max=23.7
[rosout][INFO] 2026-07-23 23:53:17,247: control target=10 agent=10 armed=10 cmd_max=30.0 actual_max=23.8
[rosout][INFO] 2026-07-23 23:53:17,847: control target=10 agent=10 armed=10 cmd_max=30.0 actual_max=24.4
[rosout][INFO] 2026-07-23 23:53:18,347: control target=10 agent=10 armed=10 cmd_max=30.0 actual_max=24.6
[rosout][INFO] 2026-07-23 23:53:18,847: control target=10 agent=10 armed=10 cmd_max=30.0 actual_max=24.7
[rosout][INFO] 2026-07-23 23:53:19,448: control target=10 agent=10 armed=10 cmd_max=30.0 actual_max=24.6
[rosout][INFO] 2026-07-23 23:53:20,047: control target=10 agent=10 armed=10 cmd_max=30.0 actual_max=24.4
[rosout][INFO] 2026-07-23 23:53:20,647: control target=10 agent=10 armed=10 cmd_max=30.0 actual_max=23.6
[rosout][INFO] 2026-07-23 23:53:21,147: control target=10 agent=10 armed=10 cmd_max=30.0 actual_max=22.7
[rosout][INFO] 2026-07-23 23:53:21,747: control target=10 agent=10 armed=10 cmd_max=30.0 actual_max=24.0
[rosout][INFO] 2026-07-23 23:53:22,347: control target=10 agent=10 armed=10 cmd_max=30.0 actual_max=25.3
[rosout][INFO] 2026-07-23 23:53:22,947: control target=10 agent=10 armed=10 cmd_max=30.0 actual_max=26.5
[rosout][INFO] 2026-07-23 23:53:23,547: control target=10 agent=10 armed=10 cmd_max=30.0 actual_max=27.3
[rosout][INFO] 2026-07-23 23:53:24,147: control target=10 agent=10 armed=10 cmd_max=30.0 actual_max=27.3
[rosout][INFO] 2026-07-23 23:53:24,647: control target=10 agent=10 armed=10 cmd_max=30.0 actual_max=27.0
[rosout][INFO] 2026-07-23 23:53:25,248: control target=10 agent=10 armed=10 cmd_max=30.0 actual_max=26.1
[rosout][INFO] 2026-07-23 23:53:25,747: control target=10 agent=10 armed=10 cmd_max=30.0 actual_max=26.1
[rosout][INFO] 2026-07-23 23:53:26,347: control target=10 agent=10 armed=10 cmd_max=30.0 actual_max=26.0
[rosout][INFO] 2026-07-23 23:53:26,847: control target=10 agent=10 armed=10 cmd_max=30.0 actual_max=27.0
[rosout][INFO] 2026-07-23 23:53:27,447: control target=10 agent=10 armed=10 cmd_max=30.0 actual_max=27.9
[rosout][INFO] 2026-07-23 23:53:27,947: control target=10 agent=10 armed=10 cmd_max=30.0 actual_max=28.1
[rosout][INFO] 2026-07-23 23:53:28,547: control target=10 agent=10 armed=10 cmd_max=30.0 actual_max=28.2
[rosout][INFO] 2026-07-23 23:53:29,147: control target=10 agent=10 armed=10 cmd_max=30.0 actual_max=28.1
[rosout][INFO] 2026-07-23 23:53:29,747: control target=10 agent=10 armed=10 cmd_max=30.0 actual_max=27.9
[rosout][INFO] 2026-07-23 23:53:30,347: control target=10 agent=10 armed=10 cmd_max=30.0 actual_max=27.7
[rosout][INFO] 2026-07-23 23:53:30,847: control target=10 agent=10 armed=10 cmd_max=30.0 actual_max=27.5
[rosout][INFO] 2026-07-23 23:53:31,447: control target=10 agent=10 armed=10 cmd_max=30.0 actual_max=27.3
[rosout][INFO] 2026-07-23 23:53:31,947: control target=9 agent=9 armed=10 cmd_max=30.0 actual_max=26.9
[rosout][INFO] 2026-07-23 23:53:32,547: control target=9 agent=9 armed=9 cmd_max=30.0 actual_max=26.5
[rosout][INFO] 2026-07-23 23:53:33,047: control target=9 agent=9 armed=9 cmd_max=30.0 actual_max=26.0
[rosout][INFO] 2026-07-23 23:53:33,647: control target=9 agent=9 armed=9 cmd_max=30.0 actual_max=25.5
[rosout][INFO] 2026-07-23 23:53:34,146: control target=8 agent=8 armed=9 cmd_max=30.0 actual_max=25.1
[rosout][INFO] 2026-07-23 23:53:34,746: control target=8 agent=8 armed=8 cmd_max=30.0 actual_max=25.0
[rosout][INFO] 2026-07-23 23:53:35,346: control target=8 agent=8 armed=8 cmd_max=30.0 actual_max=25.0
[rosout][INFO] 2026-07-23 23:53:35,946: control target=8 agent=8 armed=8 cmd_max=30.0 actual_max=25.1
[rosout][INFO] 2026-07-23 23:53:36,446: control target=7 agent=7 armed=7 cmd_max=30.0 actual_max=25.2
[rosout][INFO] 2026-07-23 23:53:36,946: control target=7 agent=7 armed=7 cmd_max=30.0 actual_max=26.0
[rosout][INFO] 2026-07-23 23:53:37,546: control target=7 agent=7 armed=7 cmd_max=30.0 actual_max=26.3
[rosout][INFO] 2026-07-23 23:53:38,146: control target=7 agent=7 armed=7 cmd_max=30.0 actual_max=26.1
[rosout][INFO] 2026-07-23 23:53:38,647: control target=7 agent=7 armed=7 cmd_max=30.0 actual_max=25.8
[rosout][INFO] 2026-07-23 23:53:39,246: control target=7 agent=7 armed=7 cmd_max=30.0 actual_max=25.4
[rosout][INFO] 2026-07-23 23:53:39,846: control target=7 agent=7 armed=7 cmd_max=30.0 actual_max=25.0
[rosout][INFO] 2026-07-23 23:53:40,346: control target=7 agent=7 armed=7 cmd_max=30.0 actual_max=24.7
[rosout][INFO] 2026-07-23 23:53:40,946: control target=7 agent=7 armed=7 cmd_max=30.0 actual_max=24.7
[rosout][INFO] 2026-07-23 23:53:41,547: control target=7 agent=7 armed=7 cmd_max=30.0 actual_max=24.8
[rosout][INFO] 2026-07-23 23:53:42,046: control target=7 agent=7 armed=7 cmd_max=30.0 actual_max=24.9
[rosout][INFO] 2026-07-23 23:53:42,646: control target=7 agent=7 armed=7 cmd_max=30.0 actual_max=24.8
[rosout][INFO] 2026-07-23 23:53:43,147: control target=6 agent=7 armed=7 cmd_max=29.8 actual_max=24.7
[rosout][INFO] 2026-07-23 23:53:43,746: control target=6 agent=7 armed=6 cmd_max=29.3 actual_max=25.7
[rosout][INFO] 2026-07-23 23:53:44,346: control target=6 agent=6 armed=6 cmd_max=28.5 actual_max=26.0
[rosout][INFO] 2026-07-23 23:53:44,846: control target=6 agent=6 armed=6 cmd_max=27.7 actual_max=25.2
[rosout][INFO] 2026-07-23 23:53:45,346: control target=6 agent=6 armed=6 cmd_max=27.1 actual_max=25.1
[rosout][INFO] 2026-07-23 23:53:45,946: control target=6 agent=6 armed=6 cmd_max=26.2 actual_max=25.4
[rosout][INFO] 2026-07-23 23:53:46,546: control target=6 agent=6 armed=6 cmd_max=25.0 actual_max=24.9
[rosout][INFO] 2026-07-23 23:53:47,046: control target=6 agent=6 armed=6 cmd_max=23.9 actual_max=24.3
[rosout][INFO] 2026-07-23 23:53:47,646: control target=6 agent=6 armed=6 cmd_max=22.4 actual_max=23.0
[rosout][INFO] 2026-07-23 23:53:48,146: control target=6 agent=6 armed=6 cmd_max=21.0 actual_max=21.9
[rosout][INFO] 2026-07-23 23:53:48,746: control target=6 agent=6 armed=6 cmd_max=19.6 actual_max=20.3
[rosout][INFO] 2026-07-23 23:53:49,346: control target=6 agent=6 armed=6 cmd_max=19.8 actual_max=18.7
[rosout][INFO] 2026-07-23 23:53:49,846: control target=6 agent=6 armed=6 cmd_max=20.2 actual_max=18.9
[rosout][INFO] 2026-07-23 23:53:50,446: control target=6 agent=6 armed=6 cmd_max=20.8 actual_max=20.2
[rosout][INFO] 2026-07-23 23:53:50,946: control target=6 agent=6 armed=6 cmd_max=21.3 actual_max=20.8
[rosout][INFO] 2026-07-23 23:53:51,546: control target=6 agent=6 armed=6 cmd_max=22.0 actual_max=21.6
[rosout][INFO] 2026-07-23 23:53:52,146: control target=6 agent=6 armed=6 cmd_max=22.7 actual_max=22.5
[rosout][INFO] 2026-07-23 23:53:52,646: control target=6 agent=6 armed=6 cmd_max=23.2 actual_max=23.1
[rosout][INFO] 2026-07-23 23:53:53,246: control target=6 agent=6 armed=6 cmd_max=23.5 actual_max=23.6
[rosout][INFO] 2026-07-23 23:53:53,746: control target=6 agent=6 armed=6 cmd_max=23.4 actual_max=23.7
[rosout][INFO] 2026-07-23 23:53:54,346: control target=6 agent=6 armed=6 cmd_max=22.5 actual_max=23.1
[rosout][INFO] 2026-07-23 23:53:54,946: control target=6 agent=6 armed=6 cmd_max=20.4 actual_max=21.3
[rosout][INFO] 2026-07-23 23:53:55,446: control target=6 agent=6 armed=6 cmd_max=20.2 actual_max=19.3
[rosout][INFO] 2026-07-23 23:53:55,946: control target=6 agent=6 armed=6 cmd_max=21.2 actual_max=17.1
[rosout][INFO] 2026-07-23 23:53:56,446: control target=6 agent=6 armed=6 cmd_max=21.7 actual_max=15.5
[rosout][INFO] 2026-07-23 23:53:57,046: control target=6 agent=6 armed=6 cmd_max=20.9 actual_max=16.9
[rosout][INFO] 2026-07-23 23:53:57,245: 目标在线退役(曾运动后持续静止): 4
[rosout][INFO] 2026-07-23 23:53:57,345: 目标在线退役(曾运动后持续静止): 6
[rosout][INFO] 2026-07-23 23:53:57,645: 目标在线退役(曾运动后持续静止): 2
[rosout][INFO] 2026-07-23 23:53:57,647: control target=3 agent=6 armed=6 cmd_max=18.1 actual_max=17.5
[rosout][INFO] 2026-07-23 23:53:57,945: 目标在线退役(曾运动后持续静止): 1
[rosout][INFO] 2026-07-23 23:53:58,245: control target=2 agent=6 armed=6 cmd_max=15.1 actual_max=16.3
[rosout][INFO] 2026-07-23 23:53:58,746: control target=2 agent=6 armed=6 cmd_max=12.6 actual_max=14.1
[rosout][INFO] 2026-07-23 23:53:59,346: control target=2 agent=6 armed=6 cmd_max=9.6 actual_max=11.8
[rosout][INFO] 2026-07-23 23:53:59,946: control target=2 agent=6 armed=6 cmd_max=9.1 actual_max=9.4
[rosout][INFO] 2026-07-23 23:54:00,546: control target=2 agent=6 armed=6 cmd_max=9.3 actual_max=8.7
[rosout][INFO] 2026-07-23 23:54:01,146: control target=2 agent=6 armed=6 cmd_max=9.7 actual_max=9.3
[rosout][INFO] 2026-07-23 23:54:01,646: control target=2 agent=6 armed=6 cmd_max=11.9 actual_max=10.5
[rosout][INFO] 2026-07-23 23:54:01,945: 目标在线退役(曾运动后持续静止): 8
[rosout][INFO] 2026-07-23 23:54:02,246: control target=1 agent=6 armed=6 cmd_max=11.6 actual_max=12.2
[rosout][INFO] 2026-07-23 23:54:02,645: 目标在线退役(曾运动后持续静止): 9
[rosout][INFO] 2026-07-23 23:54:02,845: control target=0 agent=6 armed=6 cmd_max=8.9 actual_max=9.9
[rosout][INFO] 2026-07-23 23:54:03,345: control target=0 agent=6 armed=6 cmd_max=6.4 actual_max=8.4
[rosout][INFO] 2026-07-23 23:54:03,945: control target=0 agent=6 armed=6 cmd_max=3.4 actual_max=5.8
[rosout][INFO] 2026-07-23 23:54:04,445: control target=0 agent=6 armed=6 cmd_max=0.9 actual_max=3.5
[rosout][INFO] 2026-07-23 23:54:04,646: 全部目标话题已超时，结束控制循环
[rospy.core][INFO] 2026-07-23 23:54:04,898: signal_shutdown [atexit]
[rospy.internal][INFO] 2026-07-23 23:54:04,905: topic[/rosout] removing connection to /rosout
[rospy.internal][INFO] 2026-07-23 23:54:04,905: topic[/mavros/setpoint_raw/local] removing connection to /rostrans_ros1
[rospy.internal][INFO] 2026-07-23 23:54:04,905: topic[/mavros2/setpoint_raw/local] removing connection to /rostrans_ros1
[rospy.internal][INFO] 2026-07-23 23:54:04,905: topic[/mavros3/setpoint_raw/local] removing connection to /rostrans_ros1
[rospy.internal][INFO] 2026-07-23 23:54:04,905: topic[/mavros4/setpoint_raw/local] removing connection to /rostrans_ros1
[rospy.internal][INFO] 2026-07-23 23:54:04,905: topic[/mavros5/setpoint_raw/local] removing connection to /rostrans_ros1
[rospy.internal][INFO] 2026-07-23 23:54:04,906: topic[/mavros6/setpoint_raw/local] removing connection to /rostrans_ros1
[rospy.internal][INFO] 2026-07-23 23:54:04,906: topic[/mavros7/setpoint_raw/local] removing connection to /rostrans_ros1
[rospy.internal][INFO] 2026-07-23 23:54:04,906: topic[/mavros8/setpoint_raw/local] removing connection to /rostrans_ros1
[rospy.internal][INFO] 2026-07-23 23:54:04,906: topic[/mavros9/setpoint_raw/local] removing connection to /rostrans_ros1
[rospy.internal][INFO] 2026-07-23 23:54:04,906: topic[/mavros10/setpoint_raw/local] removing connection to /rostrans_ros1
[rospy.internal][INFO] 2026-07-23 23:54:04,906: topic[/interceptor1/origin] removing connection to http://gpufree-container:38733/
[rospy.internal][INFO] 2026-07-23 23:54:04,906: topic[/mavros/local_position/odom] removing connection to http://gpufree-container:44911/
[rospy.internal][INFO] 2026-07-23 23:54:04,907: topic[/mavros/state] removing connection to http://gpufree-container:44911/
[rospy.internal][INFO] 2026-07-23 23:54:04,907: topic[/radar/target1/position] removing connection to http://gpufree-container:38733/
[rospy.internal][INFO] 2026-07-23 23:54:04,908: topic[/interceptor2/origin] removing connection to http://gpufree-container:38733/
[rospy.internal][INFO] 2026-07-23 23:54:04,908: topic[/interceptor2/origin] removing connection to http://gpufree-container:38733/
[rospy.internal][INFO] 2026-07-23 23:54:04,909: topic[/mavros2/local_position/odom] removing connection to http://gpufree-container:44911/
[rospy.internal][INFO] 2026-07-23 23:54:04,909: topic[/mavros2/state] removing connection to http://gpufree-container:44911/
[rospy.internal][INFO] 2026-07-23 23:54:04,909: topic[/radar/target2/position] removing connection to http://gpufree-container:38733/
[rospy.internal][INFO] 2026-07-23 23:54:04,909: topic[/interceptor3/origin] removing connection to http://gpufree-container:38733/
[rospy.internal][INFO] 2026-07-23 23:54:04,910: topic[/mavros3/local_position/odom] removing connection to http://gpufree-container:44911/
[rospy.internal][INFO] 2026-07-23 23:54:04,910: topic[/mavros3/state] removing connection to http://gpufree-container:44911/
[rospy.internal][INFO] 2026-07-23 23:54:04,910: topic[/radar/target3/position] removing connection to http://gpufree-container:38733/
[rospy.internal][INFO] 2026-07-23 23:54:04,910: topic[/interceptor4/origin] removing connection to http://gpufree-container:38733/
[rospy.internal][INFO] 2026-07-23 23:54:04,910: topic[/mavros4/local_position/odom] removing connection to http://gpufree-container:44911/
[rospy.internal][INFO] 2026-07-23 23:54:04,911: topic[/mavros4/state] removing connection to http://gpufree-container:44911/
[rospy.internal][INFO] 2026-07-23 23:54:04,911: topic[/radar/target4/position] removing connection to http://gpufree-container:38733/
[rospy.internal][INFO] 2026-07-23 23:54:04,911: topic[/interceptor5/origin] removing connection to http://gpufree-container:38733/
[rospy.internal][INFO] 2026-07-23 23:54:04,911: topic[/mavros5/local_position/odom] removing connection to http://gpufree-container:44911/
[rospy.internal][INFO] 2026-07-23 23:54:04,912: topic[/mavros5/state] removing connection to http://gpufree-container:44911/
[rospy.internal][INFO] 2026-07-23 23:54:04,912: topic[/radar/target5/position] removing connection to http://gpufree-container:38733/
[rospy.internal][INFO] 2026-07-23 23:54:04,912: topic[/interceptor6/origin] removing connection to http://gpufree-container:38733/
[rospy.internal][INFO] 2026-07-23 23:54:04,912: topic[/mavros6/local_position/odom] removing connection to http://gpufree-container:44911/
[rospy.internal][INFO] 2026-07-23 23:54:04,913: topic[/mavros6/state] removing connection to http://gpufree-container:44911/
[rospy.internal][INFO] 2026-07-23 23:54:04,913: topic[/radar/target6/position] removing connection to http://gpufree-container:38733/
[rospy.internal][INFO] 2026-07-23 23:54:04,913: topic[/interceptor7/origin] removing connection to http://gpufree-container:38733/
[rospy.internal][INFO] 2026-07-23 23:54:04,913: topic[/mavros7/local_position/odom] removing connection to http://gpufree-container:44911/
[rospy.internal][INFO] 2026-07-23 23:54:04,913: topic[/mavros7/state] removing connection to http://gpufree-container:44911/
[rospy.internal][INFO] 2026-07-23 23:54:04,914: topic[/radar/target7/position] removing connection to http://gpufree-container:38733/
[rospy.internal][INFO] 2026-07-23 23:54:04,914: topic[/interceptor8/origin] removing connection to http://gpufree-container:38733/
[rospy.internal][INFO] 2026-07-23 23:54:04,914: topic[/mavros8/local_position/odom] removing connection to http://gpufree-container:44911/
[rospy.internal][INFO] 2026-07-23 23:54:04,914: topic[/mavros8/state] removing connection to http://gpufree-container:44911/
[rospy.internal][INFO] 2026-07-23 23:54:04,914: topic[/radar/target8/position] removing connection to http://gpufree-container:38733/
[rospy.internal][INFO] 2026-07-23 23:54:04,915: topic[/interceptor9/origin] removing connection to http://gpufree-container:38733/
[rospy.internal][INFO] 2026-07-23 23:54:04,915: topic[/mavros9/local_position/odom] removing connection to http://gpufree-container:44911/
[rospy.internal][INFO] 2026-07-23 23:54:04,915: topic[/mavros9/state] removing connection to http://gpufree-container:44911/
[rospy.internal][INFO] 2026-07-23 23:54:04,915: topic[/radar/target9/position] removing connection to http://gpufree-container:38733/
[rospy.internal][INFO] 2026-07-23 23:54:04,915: topic[/interceptor10/origin] removing connection to http://gpufree-container:38733/
[rospy.internal][INFO] 2026-07-23 23:54:04,916: topic[/mavros10/local_position/odom] removing connection to http://gpufree-container:44911/
[rospy.internal][INFO] 2026-07-23 23:54:04,916: topic[/mavros10/state] removing connection to http://gpufree-container:44911/
[rospy.internal][INFO] 2026-07-23 23:54:04,916: topic[/radar/target10/position] removing connection to http://gpufree-container:38733/
[rospy.impl.masterslave][INFO] 2026-07-23 23:54:04,917: atexit
[rospy.client][INFO] 2026-07-23 23:57:15,871: init_node, name[/zhuoyi_10v10_controller], pid[3504251]
[xmlrpc][INFO] 2026-07-23 23:57:15,925: XML-RPC server binding to 0.0.0.0:0
[xmlrpc][INFO] 2026-07-23 23:57:15,926: Started XML-RPC server [http://gpufree-container:32969/]
[rospy.init][INFO] 2026-07-23 23:57:15,926: ROS Slave URI: [http://gpufree-container:32969/]
[rospy.impl.masterslave][INFO] 2026-07-23 23:57:15,926: _ready: http://gpufree-container:32969/
[rospy.registration][INFO] 2026-07-23 23:57:15,926: Registering with master node http://localhost:11311
[xmlrpc][INFO] 2026-07-23 23:57:15,926: xml rpc node: starting XML-RPC server
[rospy.init][INFO] 2026-07-23 23:57:16,026: registered with master
[rospy.rosout][INFO] 2026-07-23 23:57:16,026: initializing /rosout core topic
[rospy.rosout][INFO] 2026-07-23 23:57:16,029: connected to core topic /rosout
[rospy.simtime][INFO] 2026-07-23 23:57:16,029: /use_sim_time is not set, will not subscribe to simulated time [/clock] topic
[rospy.internal][INFO] 2026-07-23 23:57:16,034: topic[/interceptor1/origin] adding connection to [http://gpufree-container:43031/], count 0
[rospy.internal][INFO] 2026-07-23 23:57:16,036: topic[/mavros/local_position/odom] adding connection to [http://gpufree-container:41289/], count 0
[rospy.internal][INFO] 2026-07-23 23:57:16,036: topic[/mavros/state] adding connection to [http://gpufree-container:41289/], count 0
[rospy.internal][INFO] 2026-07-23 23:57:16,039: topic[/radar/target1/position] adding connection to [http://gpufree-container:43031/], count 0
[rospy.internal][INFO] 2026-07-23 23:57:16,040: topic[/interceptor2/origin] adding connection to [http://gpufree-container:43031/], count 0
[rospy.internal][INFO] 2026-07-23 23:57:16,042: topic[/mavros2/local_position/odom] adding connection to [http://gpufree-container:41289/], count 0
[rospy.internal][INFO] 2026-07-23 23:57:16,043: topic[/mavros2/state] adding connection to [http://gpufree-container:41289/], count 0
[rospy.internal][INFO] 2026-07-23 23:57:16,044: topic[/radar/target2/position] adding connection to [http://gpufree-container:43031/], count 0
[rospy.internal][INFO] 2026-07-23 23:57:16,046: topic[/mavros3/local_position/odom] adding connection to [http://gpufree-container:41289/], count 0
[rospy.internal][INFO] 2026-07-23 23:57:16,047: topic[/mavros3/state] adding connection to [http://gpufree-container:41289/], count 0
[rospy.internal][INFO] 2026-07-23 23:57:16,050: topic[/interceptor3/origin] adding connection to [http://gpufree-container:43031/], count 0
[rospy.internal][INFO] 2026-07-23 23:57:16,051: topic[/mavros4/local_position/odom] adding connection to [http://gpufree-container:41289/], count 0
[rospy.internal][INFO] 2026-07-23 23:57:16,053: topic[/radar/target3/position] adding connection to [http://gpufree-container:43031/], count 0
[rospy.internal][INFO] 2026-07-23 23:57:16,053: topic[/mavros4/state] adding connection to [http://gpufree-container:41289/], count 0
[rospy.internal][INFO] 2026-07-23 23:57:16,053: topic[/interceptor4/origin] adding connection to [http://gpufree-container:43031/], count 0
[rospy.internal][INFO] 2026-07-23 23:57:16,055: topic[/radar/target4/position] adding connection to [http://gpufree-container:43031/], count 0
[rospy.internal][INFO] 2026-07-23 23:57:16,057: topic[/interceptor5/origin] adding connection to [http://gpufree-container:43031/], count 0
[rospy.internal][INFO] 2026-07-23 23:57:16,058: topic[/mavros5/local_position/odom] adding connection to [http://gpufree-container:41289/], count 0
[rospy.internal][INFO] 2026-07-23 23:57:16,059: topic[/mavros5/state] adding connection to [http://gpufree-container:41289/], count 0
[rospy.internal][INFO] 2026-07-23 23:57:16,060: topic[/radar/target5/position] adding connection to [http://gpufree-container:43031/], count 0
[rospy.internal][INFO] 2026-07-23 23:57:16,062: topic[/interceptor6/origin] adding connection to [http://gpufree-container:43031/], count 0
[rospy.internal][INFO] 2026-07-23 23:57:16,063: topic[/mavros6/local_position/odom] adding connection to [http://gpufree-container:41289/], count 0
[rospy.internal][INFO] 2026-07-23 23:57:16,065: topic[/mavros6/state] adding connection to [http://gpufree-container:41289/], count 0
[rospy.internal][INFO] 2026-07-23 23:57:16,066: topic[/radar/target6/position] adding connection to [http://gpufree-container:43031/], count 0
[rospy.internal][INFO] 2026-07-23 23:57:16,068: topic[/interceptor7/origin] adding connection to [http://gpufree-container:43031/], count 0
[rospy.internal][INFO] 2026-07-23 23:57:16,069: topic[/mavros7/local_position/odom] adding connection to [http://gpufree-container:41289/], count 0
[rospy.internal][INFO] 2026-07-23 23:57:16,070: topic[/mavros7/state] adding connection to [http://gpufree-container:41289/], count 0
[rospy.internal][INFO] 2026-07-23 23:57:16,072: topic[/radar/target7/position] adding connection to [http://gpufree-container:43031/], count 0
[rospy.internal][INFO] 2026-07-23 23:57:16,074: topic[/interceptor8/origin] adding connection to [http://gpufree-container:43031/], count 0
[rospy.internal][INFO] 2026-07-23 23:57:16,075: topic[/mavros8/local_position/odom] adding connection to [http://gpufree-container:41289/], count 0
[rospy.internal][INFO] 2026-07-23 23:57:16,076: topic[/mavros8/state] adding connection to [http://gpufree-container:41289/], count 0
[rospy.internal][INFO] 2026-07-23 23:57:16,078: topic[/radar/target8/position] adding connection to [http://gpufree-container:43031/], count 0
[rospy.internal][INFO] 2026-07-23 23:57:16,079: topic[/interceptor9/origin] adding connection to [http://gpufree-container:43031/], count 0
[rospy.internal][INFO] 2026-07-23 23:57:16,081: topic[/mavros9/local_position/odom] adding connection to [http://gpufree-container:41289/], count 0
[rospy.internal][INFO] 2026-07-23 23:57:16,083: topic[/mavros9/state] adding connection to [http://gpufree-container:41289/], count 0
[rospy.internal][INFO] 2026-07-23 23:57:16,085: topic[/radar/target9/position] adding connection to [http://gpufree-container:43031/], count 0
[rospy.internal][INFO] 2026-07-23 23:57:16,087: topic[/interceptor10/origin] adding connection to [http://gpufree-container:43031/], count 0
[rospy.internal][INFO] 2026-07-23 23:57:16,088: topic[/mavros10/local_position/odom] adding connection to [http://gpufree-container:41289/], count 0
[rospy.internal][INFO] 2026-07-23 23:57:16,089: topic[/mavros10/state] adding connection to [http://gpufree-container:41289/], count 0
[rosout][INFO] 2026-07-23 23:57:16,089: 等待公开话题 origin=0/10 odom=7/10 state=0/10 target=0/10
[rospy.internal][INFO] 2026-07-23 23:57:16,094: topic[/radar/target10/position] adding connection to [http://gpufree-container:43031/], count 0
[rospy.internal][INFO] 2026-07-23 23:57:16,183: topic[/mavros/setpoint_raw/local] adding connection to [/rostrans_ros1], count 0
[rospy.internal][INFO] 2026-07-23 23:57:16,282: topic[/rosout] adding connection to [/rosout], count 0
[rospy.internal][INFO] 2026-07-23 23:57:16,284: topic[/mavros2/setpoint_raw/local] adding connection to [/rostrans_ros1], count 0
[rospy.internal][INFO] 2026-07-23 23:57:16,284: topic[/mavros3/setpoint_raw/local] adding connection to [/rostrans_ros1], count 0
[rospy.internal][INFO] 2026-07-23 23:57:16,285: topic[/mavros4/setpoint_raw/local] adding connection to [/rostrans_ros1], count 0
[rospy.internal][INFO] 2026-07-23 23:57:16,286: topic[/mavros5/setpoint_raw/local] adding connection to [/rostrans_ros1], count 0
[rospy.internal][INFO] 2026-07-23 23:57:16,286: topic[/mavros6/setpoint_raw/local] adding connection to [/rostrans_ros1], count 0
[rospy.internal][INFO] 2026-07-23 23:57:16,286: topic[/mavros7/setpoint_raw/local] adding connection to [/rostrans_ros1], count 0
[rospy.internal][INFO] 2026-07-23 23:57:16,286: topic[/mavros8/setpoint_raw/local] adding connection to [/rostrans_ros1], count 0
[rospy.internal][INFO] 2026-07-23 23:57:16,287: topic[/mavros9/setpoint_raw/local] adding connection to [/rostrans_ros1], count 0
[rosout][INFO] 2026-07-23 23:57:16,290: 公开话题已就绪 origin=10 odom=10 state=10 target=10
[rosout][INFO] 2026-07-23 23:57:16,291: 预热 10 路设定点流 2.0 秒
[rospy.internal][INFO] 2026-07-23 23:57:16,386: topic[/mavros10/setpoint_raw/local] adding connection to [/rostrans_ros1], count 0
[rosout][INFO] 2026-07-23 23:57:18,321: 并发解锁 retry=1 armed=0/10 offboard=0/10 service_ok=10/10
[rosout][INFO] 2026-07-23 23:57:18,747: 并发解锁 retry=2 armed=10/10 offboard=10/10 service_ok=10/10
[rosout][INFO] 2026-07-23 23:57:18,751: control target=10 agent=10 armed=10 cmd_max=0.0 actual_max=0.0
[rosout][INFO] 2026-07-23 23:57:19,251: control target=10 agent=10 armed=10 cmd_max=2.4 actual_max=1.6
[rosout][INFO] 2026-07-23 23:57:19,751: control target=10 agent=10 armed=10 cmd_max=4.2 actual_max=2.9
[rosout][INFO] 2026-07-23 23:57:20,352: control target=10 agent=10 armed=10 cmd_max=6.8 actual_max=4.7
[rosout][INFO] 2026-07-23 23:57:20,952: control target=10 agent=10 armed=10 cmd_max=9.6 actual_max=7.4
[rosout][INFO] 2026-07-23 23:57:21,551: control target=10 agent=10 armed=10 cmd_max=12.5 actual_max=10.3
[rosout][INFO] 2026-07-23 23:57:22,151: control target=10 agent=10 armed=10 cmd_max=15.4 actual_max=13.2
[rosout][INFO] 2026-07-23 23:57:22,651: control target=10 agent=10 armed=10 cmd_max=17.9 actual_max=15.2
[rosout][INFO] 2026-07-23 23:57:23,152: control target=10 agent=10 armed=10 cmd_max=20.4 actual_max=16.2
[rosout][INFO] 2026-07-23 23:57:23,751: control target=10 agent=10 armed=10 cmd_max=23.4 actual_max=17.2
[rosout][INFO] 2026-07-23 23:57:24,351: control target=10 agent=10 armed=10 cmd_max=26.4 actual_max=17.9
[rosout][INFO] 2026-07-23 23:57:24,951: control target=10 agent=10 armed=10 cmd_max=29.4 actual_max=18.5
[rosout][INFO] 2026-07-23 23:57:25,551: control target=10 agent=10 armed=10 cmd_max=32.4 actual_max=19.0
[rosout][INFO] 2026-07-23 23:57:26,051: control target=10 agent=10 armed=10 cmd_max=34.9 actual_max=19.6
[rosout][INFO] 2026-07-23 23:57:26,651: control target=10 agent=10 armed=10 cmd_max=35.0 actual_max=20.1
[rosout][INFO] 2026-07-23 23:57:27,151: control target=10 agent=10 armed=10 cmd_max=35.0 actual_max=20.3
[rosout][INFO] 2026-07-23 23:57:27,751: control target=10 agent=10 armed=10 cmd_max=35.0 actual_max=20.6
[rosout][INFO] 2026-07-23 23:57:28,251: control target=10 agent=10 armed=10 cmd_max=35.0 actual_max=20.8
[rosout][INFO] 2026-07-23 23:57:28,851: control target=10 agent=10 armed=10 cmd_max=35.0 actual_max=21.1
[rosout][INFO] 2026-07-23 23:57:29,352: control target=10 agent=10 armed=10 cmd_max=35.0 actual_max=21.2
[rosout][INFO] 2026-07-23 23:57:29,951: control target=10 agent=10 armed=10 cmd_max=35.0 actual_max=21.5
[rosout][INFO] 2026-07-23 23:57:30,451: control target=10 agent=10 armed=10 cmd_max=35.0 actual_max=21.7
[rosout][INFO] 2026-07-23 23:57:31,051: control target=10 agent=10 armed=10 cmd_max=35.0 actual_max=21.9
[rosout][INFO] 2026-07-23 23:57:31,651: control target=10 agent=10 armed=10 cmd_max=35.0 actual_max=22.1
[rosout][INFO] 2026-07-23 23:57:32,151: control target=10 agent=10 armed=10 cmd_max=35.0 actual_max=22.3
[rosout][INFO] 2026-07-23 23:57:32,751: control target=10 agent=10 armed=10 cmd_max=35.0 actual_max=22.5
[rosout][INFO] 2026-07-23 23:57:33,351: control target=10 agent=10 armed=10 cmd_max=35.0 actual_max=22.7
[rosout][INFO] 2026-07-23 23:57:33,951: control target=10 agent=10 armed=10 cmd_max=35.0 actual_max=22.9
[rosout][INFO] 2026-07-23 23:57:34,551: control target=10 agent=10 armed=10 cmd_max=35.0 actual_max=23.0
[rosout][INFO] 2026-07-23 23:57:35,151: control target=10 agent=10 armed=10 cmd_max=35.0 actual_max=23.2
[rosout][INFO] 2026-07-23 23:57:35,751: control target=10 agent=10 armed=10 cmd_max=35.0 actual_max=23.4
[rosout][INFO] 2026-07-23 23:57:36,351: control target=10 agent=10 armed=10 cmd_max=35.0 actual_max=23.5
[rosout][INFO] 2026-07-23 23:57:36,951: control target=10 agent=10 armed=10 cmd_max=35.0 actual_max=23.7
[rosout][INFO] 2026-07-23 23:57:37,551: control target=10 agent=10 armed=10 cmd_max=35.0 actual_max=23.9
[rosout][INFO] 2026-07-23 23:57:38,051: control target=10 agent=10 armed=10 cmd_max=35.0 actual_max=24.0
[rosout][INFO] 2026-07-23 23:57:38,651: control target=10 agent=10 armed=10 cmd_max=35.0 actual_max=24.2
[rosout][INFO] 2026-07-23 23:57:39,251: control target=10 agent=10 armed=10 cmd_max=35.0 actual_max=24.3
[rosout][INFO] 2026-07-23 23:57:39,851: control target=10 agent=10 armed=10 cmd_max=35.0 actual_max=24.5
[rosout][INFO] 2026-07-23 23:57:40,451: control target=10 agent=10 armed=10 cmd_max=35.0 actual_max=24.6
[rosout][INFO] 2026-07-23 23:57:40,951: control target=10 agent=10 armed=10 cmd_max=35.0 actual_max=24.8
[rosout][INFO] 2026-07-23 23:57:41,551: control target=10 agent=10 armed=10 cmd_max=35.0 actual_max=24.9
[rosout][INFO] 2026-07-23 23:57:42,151: control target=10 agent=10 armed=10 cmd_max=35.0 actual_max=25.1
[rosout][INFO] 2026-07-23 23:57:42,751: control target=10 agent=10 armed=10 cmd_max=35.0 actual_max=25.2
[rosout][INFO] 2026-07-23 23:57:43,251: control target=10 agent=10 armed=10 cmd_max=35.0 actual_max=25.4
[rosout][INFO] 2026-07-23 23:57:43,851: control target=10 agent=10 armed=10 cmd_max=35.0 actual_max=25.5
[rosout][INFO] 2026-07-23 23:57:44,351: control target=10 agent=10 armed=10 cmd_max=35.0 actual_max=25.7
[rosout][INFO] 2026-07-23 23:57:44,951: control target=10 agent=10 armed=10 cmd_max=35.0 actual_max=25.8
[rosout][INFO] 2026-07-23 23:57:45,451: control target=10 agent=10 armed=10 cmd_max=35.0 actual_max=25.6
[rosout][INFO] 2026-07-23 23:57:45,951: control target=10 agent=10 armed=10 cmd_max=35.0 actual_max=25.7
[rosout][INFO] 2026-07-23 23:57:46,551: control target=10 agent=10 armed=10 cmd_max=35.0 actual_max=25.9
[rosout][INFO] 2026-07-23 23:57:47,151: control target=10 agent=10 armed=10 cmd_max=35.0 actual_max=25.4
[rosout][INFO] 2026-07-23 23:57:47,751: control target=10 agent=10 armed=10 cmd_max=35.0 actual_max=22.8
[rosout][INFO] 2026-07-23 23:57:48,351: control target=10 agent=10 armed=10 cmd_max=35.0 actual_max=20.4
[rosout][INFO] 2026-07-23 23:57:48,951: control target=10 agent=10 armed=10 cmd_max=35.0 actual_max=19.3
[rosout][INFO] 2026-07-23 23:57:49,551: control target=10 agent=10 armed=10 cmd_max=35.0 actual_max=19.1
[rosout][INFO] 2026-07-23 23:57:50,151: control target=10 agent=10 armed=10 cmd_max=35.0 actual_max=18.7
[rosout][INFO] 2026-07-23 23:57:50,652: control target=10 agent=10 armed=10 cmd_max=35.0 actual_max=18.3
[rosout][INFO] 2026-07-23 23:57:51,251: control target=10 agent=10 armed=10 cmd_max=35.0 actual_max=17.6
[rosout][INFO] 2026-07-23 23:57:51,751: control target=10 agent=10 armed=10 cmd_max=35.0 actual_max=18.0
[rosout][INFO] 2026-07-23 23:57:52,251: control target=10 agent=10 armed=10 cmd_max=35.0 actual_max=18.8
[rosout][INFO] 2026-07-23 23:57:52,851: control target=10 agent=10 armed=10 cmd_max=35.0 actual_max=19.9
[rosout][INFO] 2026-07-23 23:57:53,451: control target=10 agent=10 armed=10 cmd_max=35.0 actual_max=20.7
[rosout][INFO] 2026-07-23 23:57:53,951: control target=10 agent=10 armed=10 cmd_max=35.0 actual_max=20.9
[rosout][INFO] 2026-07-23 23:57:54,451: control target=10 agent=10 armed=10 cmd_max=35.0 actual_max=20.6
[rosout][INFO] 2026-07-23 23:57:55,051: control target=10 agent=10 armed=10 cmd_max=35.0 actual_max=20.2
[rosout][INFO] 2026-07-23 23:57:55,551: control target=10 agent=10 armed=10 cmd_max=35.0 actual_max=20.2
[rosout][INFO] 2026-07-23 23:57:56,051: control target=10 agent=10 armed=10 cmd_max=35.0 actual_max=20.6
[rosout][INFO] 2026-07-23 23:57:56,651: control target=10 agent=10 armed=10 cmd_max=35.0 actual_max=21.4
[rosout][INFO] 2026-07-23 23:57:57,153: control target=10 agent=10 armed=10 cmd_max=35.0 actual_max=22.2
[rosout][INFO] 2026-07-23 23:57:57,751: control target=10 agent=10 armed=10 cmd_max=35.0 actual_max=22.6
[rosout][INFO] 2026-07-23 23:57:58,251: control target=10 agent=10 armed=10 cmd_max=35.0 actual_max=22.4
[rosout][INFO] 2026-07-23 23:57:58,851: control target=10 agent=10 armed=10 cmd_max=35.0 actual_max=21.7
[rosout][INFO] 2026-07-23 23:57:59,351: control target=10 agent=10 armed=10 cmd_max=35.0 actual_max=22.0
[rosout][INFO] 2026-07-23 23:57:59,851: control target=10 agent=10 armed=10 cmd_max=35.0 actual_max=22.8
[rosout][INFO] 2026-07-23 23:58:00,451: control target=10 agent=10 armed=10 cmd_max=35.0 actual_max=22.3
[rosout][INFO] 2026-07-23 23:58:00,952: control target=10 agent=10 armed=10 cmd_max=35.0 actual_max=21.0
[rosout][INFO] 2026-07-23 23:58:01,452: control target=10 agent=10 armed=10 cmd_max=35.0 actual_max=20.9
[rosout][INFO] 2026-07-23 23:58:02,051: control target=10 agent=10 armed=10 cmd_max=35.0 actual_max=20.6
[rosout][INFO] 2026-07-23 23:58:02,651: control target=10 agent=10 armed=10 cmd_max=35.0 actual_max=20.9
[rosout][INFO] 2026-07-23 23:58:03,251: control target=10 agent=10 armed=10 cmd_max=35.0 actual_max=21.4
[rosout][INFO] 2026-07-23 23:58:03,751: control target=10 agent=10 armed=10 cmd_max=35.0 actual_max=21.5
[rosout][INFO] 2026-07-23 23:58:04,351: control target=10 agent=10 armed=10 cmd_max=35.0 actual_max=21.2
[rosout][INFO] 2026-07-23 23:58:04,951: control target=10 agent=10 armed=10 cmd_max=35.0 actual_max=23.1
[rosout][INFO] 2026-07-23 23:58:05,551: control target=10 agent=10 armed=10 cmd_max=35.0 actual_max=24.1
[rosout][INFO] 2026-07-23 23:58:06,151: control target=10 agent=10 armed=10 cmd_max=35.0 actual_max=24.5
[rosout][INFO] 2026-07-23 23:58:06,651: control target=10 agent=10 armed=10 cmd_max=35.0 actual_max=24.0
[rosout][INFO] 2026-07-23 23:58:07,251: control target=10 agent=10 armed=10 cmd_max=35.0 actual_max=22.4
[rosout][INFO] 2026-07-23 23:58:07,851: control target=10 agent=10 armed=10 cmd_max=35.0 actual_max=23.3
[rosout][INFO] 2026-07-23 23:58:08,451: control target=10 agent=10 armed=10 cmd_max=35.0 actual_max=22.6
[rosout][INFO] 2026-07-23 23:58:08,951: control target=10 agent=10 armed=10 cmd_max=35.0 actual_max=20.7
[rosout][INFO] 2026-07-23 23:58:09,451: control target=10 agent=10 armed=10 cmd_max=35.0 actual_max=21.8
[rosout][INFO] 2026-07-23 23:58:10,051: control target=10 agent=10 armed=10 cmd_max=35.0 actual_max=21.3
[rosout][INFO] 2026-07-23 23:58:10,551: control target=10 agent=10 armed=10 cmd_max=35.0 actual_max=23.4
[rosout][INFO] 2026-07-23 23:58:11,151: control target=10 agent=10 armed=10 cmd_max=35.0 actual_max=23.9
[rosout][INFO] 2026-07-23 23:58:11,651: control target=10 agent=10 armed=10 cmd_max=35.0 actual_max=23.4
[rosout][INFO] 2026-07-23 23:58:12,251: control target=10 agent=10 armed=10 cmd_max=35.0 actual_max=23.3
[rosout][INFO] 2026-07-23 23:58:12,851: control target=10 agent=10 armed=10 cmd_max=35.0 actual_max=23.4
[rosout][INFO] 2026-07-23 23:58:13,451: control target=10 agent=10 armed=10 cmd_max=35.0 actual_max=23.6
[rosout][INFO] 2026-07-23 23:58:13,951: control target=10 agent=10 armed=10 cmd_max=35.0 actual_max=24.4
[rosout][INFO] 2026-07-23 23:58:14,551: control target=10 agent=10 armed=10 cmd_max=35.0 actual_max=24.8
[rosout][INFO] 2026-07-23 23:58:15,151: control target=10 agent=10 armed=10 cmd_max=35.0 actual_max=24.8
[rosout][INFO] 2026-07-23 23:58:15,651: control target=10 agent=10 armed=10 cmd_max=35.0 actual_max=24.6
[rosout][INFO] 2026-07-23 23:58:16,151: control target=10 agent=10 armed=10 cmd_max=35.0 actual_max=24.5
[rosout][INFO] 2026-07-23 23:58:16,652: control target=10 agent=10 armed=10 cmd_max=35.0 actual_max=24.4
[rosout][INFO] 2026-07-23 23:58:17,251: control target=10 agent=10 armed=10 cmd_max=35.0 actual_max=24.5
[rosout][INFO] 2026-07-23 23:58:17,851: control target=10 agent=10 armed=10 cmd_max=35.0 actual_max=24.6
[rosout][INFO] 2026-07-23 23:58:18,451: control target=10 agent=10 armed=10 cmd_max=35.0 actual_max=24.6
[rosout][INFO] 2026-07-23 23:58:18,951: control target=10 agent=10 armed=10 cmd_max=35.0 actual_max=24.7
[rosout][INFO] 2026-07-23 23:58:19,451: control target=10 agent=10 armed=10 cmd_max=35.0 actual_max=24.7
[rosout][INFO] 2026-07-23 23:58:20,051: control target=10 agent=10 armed=10 cmd_max=35.0 actual_max=24.7
[rosout][INFO] 2026-07-23 23:58:20,551: control target=10 agent=10 armed=10 cmd_max=35.0 actual_max=24.7
[rosout][INFO] 2026-07-23 23:58:21,151: control target=10 agent=10 armed=10 cmd_max=35.0 actual_max=24.3
[rosout][INFO] 2026-07-23 23:58:21,751: control target=10 agent=10 armed=10 cmd_max=35.0 actual_max=22.3
[rosout][INFO] 2026-07-23 23:58:22,351: control target=10 agent=10 armed=10 cmd_max=35.0 actual_max=20.0
[rosout][INFO] 2026-07-23 23:58:22,851: control target=10 agent=10 armed=10 cmd_max=35.0 actual_max=18.4
[rosout][INFO] 2026-07-23 23:58:23,451: control target=10 agent=10 armed=10 cmd_max=35.0 actual_max=16.9
[rosout][INFO] 2026-07-23 23:58:24,051: control target=10 agent=10 armed=10 cmd_max=35.0 actual_max=15.9
[rosout][INFO] 2026-07-23 23:58:24,651: control target=10 agent=10 armed=10 cmd_max=35.0 actual_max=16.3
[rosout][INFO] 2026-07-23 23:58:25,151: control target=10 agent=10 armed=10 cmd_max=35.0 actual_max=17.5
[rosout][INFO] 2026-07-23 23:58:25,751: control target=10 agent=10 armed=10 cmd_max=35.0 actual_max=18.6
[rosout][INFO] 2026-07-23 23:58:26,251: control target=10 agent=10 armed=10 cmd_max=35.0 actual_max=19.9
[rosout][INFO] 2026-07-23 23:58:26,851: control target=10 agent=10 armed=10 cmd_max=35.0 actual_max=21.0
[rosout][INFO] 2026-07-23 23:58:27,352: control target=10 agent=10 armed=10 cmd_max=35.0 actual_max=22.0
[rosout][INFO] 2026-07-23 23:58:27,952: control target=10 agent=10 armed=10 cmd_max=35.0 actual_max=23.1
[rosout][INFO] 2026-07-23 23:58:28,451: control target=10 agent=10 armed=10 cmd_max=35.0 actual_max=24.1
[rosout][INFO] 2026-07-23 23:58:29,051: control target=10 agent=10 armed=10 cmd_max=35.0 actual_max=25.2
[rosout][INFO] 2026-07-23 23:58:29,551: control target=10 agent=10 armed=10 cmd_max=35.0 actual_max=26.1
[rosout][INFO] 2026-07-23 23:58:30,152: control target=10 agent=10 armed=10 cmd_max=35.0 actual_max=26.4
[rosout][INFO] 2026-07-23 23:58:30,751: control target=10 agent=10 armed=10 cmd_max=35.0 actual_max=26.2
[rosout][INFO] 2026-07-23 23:58:31,252: control target=10 agent=10 armed=10 cmd_max=35.0 actual_max=26.1
[rosout][INFO] 2026-07-23 23:58:31,852: control target=10 agent=10 armed=10 cmd_max=35.0 actual_max=25.9
[rosout][INFO] 2026-07-23 23:58:32,451: control target=10 agent=10 armed=10 cmd_max=35.0 actual_max=26.6
[rosout][INFO] 2026-07-23 23:58:33,051: control target=10 agent=10 armed=10 cmd_max=35.0 actual_max=26.6
[rosout][INFO] 2026-07-23 23:58:33,551: control target=10 agent=10 armed=10 cmd_max=35.0 actual_max=26.8
[rosout][INFO] 2026-07-23 23:58:34,052: control target=10 agent=10 armed=10 cmd_max=35.0 actual_max=27.0
[rosout][INFO] 2026-07-23 23:58:34,551: control target=10 agent=10 armed=10 cmd_max=35.0 actual_max=27.1
[rosout][INFO] 2026-07-23 23:58:35,152: control target=10 agent=10 armed=10 cmd_max=35.0 actual_max=26.8
[rosout][INFO] 2026-07-23 23:58:35,751: control target=10 agent=10 armed=10 cmd_max=35.0 actual_max=26.5
[rosout][INFO] 2026-07-23 23:58:36,351: control target=10 agent=10 armed=10 cmd_max=35.0 actual_max=26.3
[rosout][INFO] 2026-07-23 23:58:36,951: control target=10 agent=10 armed=10 cmd_max=35.0 actual_max=26.1
[rosout][INFO] 2026-07-23 23:58:37,551: control target=10 agent=10 armed=10 cmd_max=35.0 actual_max=25.9
[rosout][INFO] 2026-07-23 23:58:38,051: control target=10 agent=10 armed=10 cmd_max=35.0 actual_max=25.7
[rosout][INFO] 2026-07-23 23:58:38,551: control target=10 agent=10 armed=10 cmd_max=35.0 actual_max=25.4
[rosout][INFO] 2026-07-23 23:58:39,051: control target=10 agent=10 armed=10 cmd_max=35.0 actual_max=25.3
[rosout][INFO] 2026-07-23 23:58:39,651: control target=10 agent=10 armed=10 cmd_max=35.0 actual_max=25.2
[rosout][INFO] 2026-07-23 23:58:40,251: control target=10 agent=10 armed=10 cmd_max=35.0 actual_max=25.3
[rosout][INFO] 2026-07-23 23:58:40,751: control target=10 agent=10 armed=10 cmd_max=35.0 actual_max=25.7
[rosout][INFO] 2026-07-23 23:58:41,351: control target=10 agent=10 armed=10 cmd_max=35.0 actual_max=26.7
[rosout][INFO] 2026-07-23 23:58:41,851: control target=9 agent=10 armed=10 cmd_max=35.0 actual_max=28.2
[rosout][INFO] 2026-07-23 23:58:42,451: control target=9 agent=9 armed=9 cmd_max=35.0 actual_max=28.9
[rosout][INFO] 2026-07-23 23:58:43,051: control target=9 agent=9 armed=9 cmd_max=35.0 actual_max=29.5
[rosout][INFO] 2026-07-23 23:58:43,550: control target=9 agent=9 armed=9 cmd_max=35.0 actual_max=29.0
[rosout][INFO] 2026-07-23 23:58:44,050: control target=9 agent=9 armed=9 cmd_max=35.0 actual_max=28.8
[rosout][INFO] 2026-07-23 23:58:44,650: control target=9 agent=9 armed=9 cmd_max=35.0 actual_max=28.7
[rosout][INFO] 2026-07-23 23:58:45,250: control target=9 agent=9 armed=9 cmd_max=35.0 actual_max=28.0
[rosout][INFO] 2026-07-23 23:58:45,750: control target=8 agent=8 armed=8 cmd_max=35.0 actual_max=26.8
[rosout][INFO] 2026-07-23 23:58:46,250: control target=8 agent=8 armed=8 cmd_max=35.0 actual_max=26.3
[rosout][INFO] 2026-07-23 23:58:46,751: control target=8 agent=8 armed=8 cmd_max=35.0 actual_max=26.5
[rosout][INFO] 2026-07-23 23:58:47,350: control target=8 agent=8 armed=8 cmd_max=35.0 actual_max=26.3
[rosout][INFO] 2026-07-23 23:58:47,950: control target=8 agent=8 armed=8 cmd_max=35.0 actual_max=25.8
[rosout][INFO] 2026-07-23 23:58:48,550: control target=8 agent=8 armed=8 cmd_max=35.0 actual_max=26.6
[rosout][INFO] 2026-07-23 23:58:49,050: control target=8 agent=8 armed=8 cmd_max=35.0 actual_max=27.2
[rosout][INFO] 2026-07-23 23:58:49,650: control target=8 agent=8 armed=8 cmd_max=35.0 actual_max=27.2
[rosout][INFO] 2026-07-23 23:58:50,150: control target=8 agent=8 armed=8 cmd_max=35.0 actual_max=26.7
[rosout][INFO] 2026-07-23 23:58:50,651: control target=8 agent=8 armed=8 cmd_max=35.0 actual_max=26.4
[rosout][INFO] 2026-07-23 23:58:51,250: control target=8 agent=8 armed=8 cmd_max=35.0 actual_max=26.0
[rosout][INFO] 2026-07-23 23:58:51,750: control target=8 agent=8 armed=8 cmd_max=35.0 actual_max=25.0
[rosout][INFO] 2026-07-23 23:58:52,250: control target=8 agent=8 armed=8 cmd_max=35.0 actual_max=24.4
[rosout][INFO] 2026-07-23 23:58:52,750: control target=8 agent=8 armed=8 cmd_max=35.0 actual_max=25.7
[rosout][INFO] 2026-07-23 23:58:53,251: control target=8 agent=8 armed=8 cmd_max=35.0 actual_max=27.4
[rosout][INFO] 2026-07-23 23:58:53,851: control target=8 agent=8 armed=8 cmd_max=32.8 actual_max=28.6
[rosout][INFO] 2026-07-23 23:58:54,450: control target=8 agent=8 armed=8 cmd_max=30.0 actual_max=26.1
[rosout][INFO] 2026-07-23 23:58:55,050: control target=8 agent=8 armed=8 cmd_max=27.2 actual_max=25.5
[rosout][INFO] 2026-07-23 23:58:55,650: control target=8 agent=8 armed=8 cmd_max=24.3 actual_max=24.9
[rosout][INFO] 2026-07-23 23:58:56,151: control target=8 agent=8 armed=8 cmd_max=22.0 actual_max=22.3
[rosout][INFO] 2026-07-23 23:58:56,751: control target=8 agent=8 armed=8 cmd_max=19.2 actual_max=20.2
[rosout][INFO] 2026-07-23 23:58:57,251: control target=8 agent=8 armed=8 cmd_max=20.6 actual_max=18.2
[rosout][INFO] 2026-07-23 23:58:57,751: control target=8 agent=8 armed=8 cmd_max=20.9 actual_max=16.3
[rosout][INFO] 2026-07-23 23:58:58,148: 目标在线退役(曾运动后持续静止): 8
[rosout][INFO] 2026-07-23 23:58:58,350: control target=7 agent=8 armed=8 cmd_max=19.3 actual_max=14.3
[rosout][INFO] 2026-07-23 23:58:58,951: control target=7 agent=8 armed=8 cmd_max=20.5 actual_max=14.2
[rosout][INFO] 2026-07-23 23:58:59,448: 目标在线退役(曾运动后持续静止): 4
[rosout][INFO] 2026-07-23 23:58:59,551: control target=6 agent=8 armed=8 cmd_max=21.0 actual_max=16.3
[rosout][INFO] 2026-07-23 23:58:59,648: 目标在线退役(曾运动后持续静止): 6
[rosout][INFO] 2026-07-23 23:58:59,748: 目标在线退役(曾运动后持续静止): 7
[rosout][INFO] 2026-07-23 23:59:00,150: control target=4 agent=8 armed=8 cmd_max=19.8 actual_max=15.9
[rosout][INFO] 2026-07-23 23:59:00,650: control target=4 agent=8 armed=8 cmd_max=19.5 actual_max=16.0
[rosout][INFO] 2026-07-23 23:59:00,848: 目标在线退役(曾运动后持续静止): 2
[rosout][INFO] 2026-07-23 23:59:01,250: control target=3 agent=8 armed=8 cmd_max=16.8 actual_max=16.8
[rosout][INFO] 2026-07-23 23:59:01,848: 目标在线退役(曾运动后持续静止): 3
[rosout][INFO] 2026-07-23 23:59:01,851: control target=2 agent=8 armed=8 cmd_max=16.7 actual_max=17.1
[rosout][INFO] 2026-07-23 23:59:02,449: control target=2 agent=8 armed=8 cmd_max=13.7 actual_max=15.3
[rosout][INFO] 2026-07-23 23:59:02,950: control target=2 agent=8 armed=8 cmd_max=11.2 actual_max=13.3
[rosout][INFO] 2026-07-23 23:59:03,550: control target=2 agent=8 armed=8 cmd_max=11.6 actual_max=10.9
[rosout][INFO] 2026-07-23 23:59:04,050: control target=2 agent=8 armed=8 cmd_max=13.0 actual_max=10.8
[rosout][INFO] 2026-07-23 23:59:04,650: control target=2 agent=8 armed=8 cmd_max=13.7 actual_max=11.8
[rosout][INFO] 2026-07-23 23:59:05,150: control target=2 agent=8 armed=8 cmd_max=12.8 actual_max=12.5
[rosout][INFO] 2026-07-23 23:59:05,648: 目标在线退役(曾运动后持续静止): 9
[rosout][INFO] 2026-07-23 23:59:05,750: control target=1 agent=8 armed=8 cmd_max=10.8 actual_max=12.3
[rosout][INFO] 2026-07-23 23:59:06,250: control target=1 agent=8 armed=8 cmd_max=9.0 actual_max=10.7
[rosout][INFO] 2026-07-23 23:59:06,850: control target=1 agent=8 armed=8 cmd_max=6.9 actual_max=8.2
[rosout][INFO] 2026-07-23 23:59:07,350: control target=1 agent=8 armed=8 cmd_max=5.5 actual_max=6.1
[rosout][INFO] 2026-07-23 23:59:07,849: control target=1 agent=8 armed=8 cmd_max=4.9 actual_max=4.5
[rosout][INFO] 2026-07-23 23:59:08,450: control target=1 agent=8 armed=8 cmd_max=5.4 actual_max=4.2
[rosout][INFO] 2026-07-23 23:59:08,848: 目标在线退役(曾运动后持续静止): 10
[rosout][INFO] 2026-07-23 23:59:09,049: control target=0 agent=8 armed=8 cmd_max=4.6 actual_max=5.5
[rosout][INFO] 2026-07-23 23:59:09,550: control target=0 agent=8 armed=8 cmd_max=2.1 actual_max=4.4
[rosout][INFO] 2026-07-23 23:59:10,150: control target=0 agent=8 armed=8 cmd_max=0.0 actual_max=1.5
[rosout][INFO] 2026-07-23 23:59:10,750: control target=0 agent=8 armed=8 cmd_max=0.0 actual_max=0.2
[rosout][INFO] 2026-07-23 23:59:10,949: 全部目标话题已超时，结束控制循环
[rospy.core][INFO] 2026-07-23 23:59:11,202: signal_shutdown [atexit]
[rospy.internal][INFO] 2026-07-23 23:59:11,208: topic[/rosout] removing connection to /rosout
[rospy.internal][INFO] 2026-07-23 23:59:11,208: topic[/mavros/setpoint_raw/local] removing connection to /rostrans_ros1
[rospy.internal][INFO] 2026-07-23 23:59:11,208: topic[/mavros2/setpoint_raw/local] removing connection to /rostrans_ros1
[rospy.internal][INFO] 2026-07-23 23:59:11,209: topic[/mavros3/setpoint_raw/local] removing connection to /rostrans_ros1
[rospy.internal][INFO] 2026-07-23 23:59:11,209: topic[/mavros4/setpoint_raw/local] removing connection to /rostrans_ros1
[rospy.internal][INFO] 2026-07-23 23:59:11,209: topic[/mavros5/setpoint_raw/local] removing connection to /rostrans_ros1
[rospy.internal][INFO] 2026-07-23 23:59:11,209: topic[/mavros6/setpoint_raw/local] removing connection to /rostrans_ros1
[rospy.internal][INFO] 2026-07-23 23:59:11,209: topic[/mavros7/setpoint_raw/local] removing connection to /rostrans_ros1
[rospy.internal][INFO] 2026-07-23 23:59:11,209: topic[/mavros8/setpoint_raw/local] removing connection to /rostrans_ros1
[rospy.internal][INFO] 2026-07-23 23:59:11,209: topic[/mavros9/setpoint_raw/local] removing connection to /rostrans_ros1
[rospy.internal][INFO] 2026-07-23 23:59:11,210: topic[/mavros10/setpoint_raw/local] removing connection to /rostrans_ros1
[rospy.internal][INFO] 2026-07-23 23:59:11,210: topic[/interceptor1/origin] removing connection to http://gpufree-container:43031/
[rospy.internal][INFO] 2026-07-23 23:59:11,210: topic[/mavros/local_position/odom] removing connection to http://gpufree-container:41289/
[rospy.internal][INFO] 2026-07-23 23:59:11,210: topic[/mavros/state] removing connection to http://gpufree-container:41289/
[rospy.internal][INFO] 2026-07-23 23:59:11,211: topic[/radar/target1/position] removing connection to http://gpufree-container:43031/
[rospy.internal][INFO] 2026-07-23 23:59:11,211: topic[/interceptor2/origin] removing connection to http://gpufree-container:43031/
[rospy.internal][INFO] 2026-07-23 23:59:11,211: topic[/mavros2/local_position/odom] removing connection to http://gpufree-container:41289/
[rospy.internal][INFO] 2026-07-23 23:59:11,211: topic[/mavros2/state] removing connection to http://gpufree-container:41289/
[rospy.internal][INFO] 2026-07-23 23:59:11,212: topic[/radar/target2/position] removing connection to http://gpufree-container:43031/
[rospy.internal][INFO] 2026-07-23 23:59:11,212: topic[/interceptor3/origin] removing connection to http://gpufree-container:43031/
[rospy.internal][INFO] 2026-07-23 23:59:11,212: topic[/mavros3/local_position/odom] removing connection to http://gpufree-container:41289/
[rospy.internal][INFO] 2026-07-23 23:59:11,212: topic[/mavros3/state] removing connection to http://gpufree-container:41289/
[rospy.internal][INFO] 2026-07-23 23:59:11,212: topic[/radar/target3/position] removing connection to http://gpufree-container:43031/
[rospy.internal][INFO] 2026-07-23 23:59:11,213: topic[/interceptor4/origin] removing connection to http://gpufree-container:43031/
[rospy.internal][INFO] 2026-07-23 23:59:11,213: topic[/mavros4/local_position/odom] removing connection to http://gpufree-container:41289/
[rospy.internal][INFO] 2026-07-23 23:59:11,213: topic[/mavros4/state] removing connection to http://gpufree-container:41289/
[rospy.internal][INFO] 2026-07-23 23:59:11,213: topic[/radar/target4/position] removing connection to http://gpufree-container:43031/
[rospy.internal][INFO] 2026-07-23 23:59:11,214: topic[/interceptor5/origin] removing connection to http://gpufree-container:43031/
[rospy.internal][INFO] 2026-07-23 23:59:11,214: topic[/mavros5/local_position/odom] removing connection to http://gpufree-container:41289/
[rospy.internal][INFO] 2026-07-23 23:59:11,214: topic[/mavros5/state] removing connection to http://gpufree-container:41289/
[rospy.internal][INFO] 2026-07-23 23:59:11,214: topic[/radar/target5/position] removing connection to http://gpufree-container:43031/
[rospy.internal][INFO] 2026-07-23 23:59:11,214: topic[/interceptor6/origin] removing connection to http://gpufree-container:43031/
[rospy.internal][INFO] 2026-07-23 23:59:11,215: topic[/mavros6/local_position/odom] removing connection to http://gpufree-container:41289/
[rospy.internal][INFO] 2026-07-23 23:59:11,215: topic[/mavros6/state] removing connection to http://gpufree-container:41289/
[rospy.internal][INFO] 2026-07-23 23:59:11,215: topic[/radar/target6/position] removing connection to http://gpufree-container:43031/
[rospy.internal][INFO] 2026-07-23 23:59:11,215: topic[/interceptor7/origin] removing connection to http://gpufree-container:43031/
[rospy.internal][INFO] 2026-07-23 23:59:11,216: topic[/mavros7/local_position/odom] removing connection to http://gpufree-container:41289/
[rospy.internal][INFO] 2026-07-23 23:59:11,216: topic[/mavros7/state] removing connection to http://gpufree-container:41289/
[rospy.internal][INFO] 2026-07-23 23:59:11,216: topic[/radar/target7/position] removing connection to http://gpufree-container:43031/
[rospy.internal][INFO] 2026-07-23 23:59:11,216: topic[/interceptor8/origin] removing connection to http://gpufree-container:43031/
[rospy.internal][INFO] 2026-07-23 23:59:11,217: topic[/mavros8/local_position/odom] removing connection to http://gpufree-container:41289/
[rospy.internal][INFO] 2026-07-23 23:59:11,217: topic[/mavros8/state] removing connection to http://gpufree-container:41289/
[rospy.internal][INFO] 2026-07-23 23:59:11,217: topic[/radar/target8/position] removing connection to http://gpufree-container:43031/
[rospy.internal][INFO] 2026-07-23 23:59:11,217: topic[/interceptor9/origin] removing connection to http://gpufree-container:43031/
[rospy.internal][INFO] 2026-07-23 23:59:11,218: topic[/mavros9/local_position/odom] removing connection to http://gpufree-container:41289/
[rospy.internal][INFO] 2026-07-23 23:59:11,218: topic[/mavros9/state] removing connection to http://gpufree-container:41289/
[rospy.internal][INFO] 2026-07-23 23:59:11,218: topic[/radar/target9/position] removing connection to http://gpufree-container:43031/
[rospy.internal][INFO] 2026-07-23 23:59:11,218: topic[/interceptor10/origin] removing connection to http://gpufree-container:43031/
[rospy.internal][INFO] 2026-07-23 23:59:11,218: topic[/mavros10/local_position/odom] removing connection to http://gpufree-container:41289/
[rospy.internal][INFO] 2026-07-23 23:59:11,219: topic[/mavros10/state] removing connection to http://gpufree-container:41289/
[rospy.internal][INFO] 2026-07-23 23:59:11,219: topic[/radar/target10/position] removing connection to http://gpufree-container:43031/
[rospy.impl.masterslave][INFO] 2026-07-23 23:59:11,219: atexit
[rospy.client][INFO] 2026-07-24 00:03:14,685: init_node, name[/zhuoyi_10v10_controller], pid[3517202]
[xmlrpc][INFO] 2026-07-24 00:03:14,734: XML-RPC server binding to 0.0.0.0:0
[xmlrpc][INFO] 2026-07-24 00:03:14,734: Started XML-RPC server [http://gpufree-container:42861/]
[rospy.impl.masterslave][INFO] 2026-07-24 00:03:14,735: _ready: http://gpufree-container:42861/
[rospy.registration][INFO] 2026-07-24 00:03:14,735: Registering with master node http://localhost:11311
[xmlrpc][INFO] 2026-07-24 00:03:14,735: xml rpc node: starting XML-RPC server
[rospy.init][INFO] 2026-07-24 00:03:14,735: ROS Slave URI: [http://gpufree-container:42861/]
[rospy.init][INFO] 2026-07-24 00:03:14,735: registered with master
[rospy.rosout][INFO] 2026-07-24 00:03:14,735: initializing /rosout core topic
[rospy.rosout][INFO] 2026-07-24 00:03:14,738: connected to core topic /rosout
[rospy.simtime][INFO] 2026-07-24 00:03:14,738: /use_sim_time is not set, will not subscribe to simulated time [/clock] topic
[rospy.internal][INFO] 2026-07-24 00:03:14,744: topic[/interceptor1/origin] adding connection to [http://gpufree-container:34385/], count 0
[rospy.internal][INFO] 2026-07-24 00:03:14,744: topic[/mavros/local_position/odom] adding connection to [http://gpufree-container:40905/], count 0
[rospy.internal][INFO] 2026-07-24 00:03:14,745: topic[/mavros/state] adding connection to [http://gpufree-container:40905/], count 0
[rospy.internal][INFO] 2026-07-24 00:03:14,749: topic[/mavros2/local_position/odom] adding connection to [http://gpufree-container:40905/], count 0
[rospy.internal][INFO] 2026-07-24 00:03:14,750: topic[/radar/target1/position] adding connection to [http://gpufree-container:34385/], count 0
[rospy.internal][INFO] 2026-07-24 00:03:14,750: topic[/interceptor2/origin] adding connection to [http://gpufree-container:34385/], count 0
[rospy.internal][INFO] 2026-07-24 00:03:14,752: topic[/mavros2/state] adding connection to [http://gpufree-container:40905/], count 0
[rospy.internal][INFO] 2026-07-24 00:03:14,753: topic[/radar/target2/position] adding connection to [http://gpufree-container:34385/], count 0
[rospy.internal][INFO] 2026-07-24 00:03:14,755: topic[/interceptor3/origin] adding connection to [http://gpufree-container:34385/], count 0
[rospy.internal][INFO] 2026-07-24 00:03:14,755: topic[/mavros3/local_position/odom] adding connection to [http://gpufree-container:40905/], count 0
[rospy.internal][INFO] 2026-07-24 00:03:14,757: topic[/mavros3/state] adding connection to [http://gpufree-container:40905/], count 0
[rospy.internal][INFO] 2026-07-24 00:03:14,758: topic[/radar/target3/position] adding connection to [http://gpufree-container:34385/], count 0
[rospy.internal][INFO] 2026-07-24 00:03:14,760: topic[/interceptor4/origin] adding connection to [http://gpufree-container:34385/], count 0
[rospy.internal][INFO] 2026-07-24 00:03:14,761: topic[/mavros4/local_position/odom] adding connection to [http://gpufree-container:40905/], count 0
[rospy.internal][INFO] 2026-07-24 00:03:14,762: topic[/mavros4/state] adding connection to [http://gpufree-container:40905/], count 0
[rospy.internal][INFO] 2026-07-24 00:03:14,764: topic[/radar/target4/position] adding connection to [http://gpufree-container:34385/], count 0
[rospy.internal][INFO] 2026-07-24 00:03:14,766: topic[/interceptor5/origin] adding connection to [http://gpufree-container:34385/], count 0
[rospy.internal][INFO] 2026-07-24 00:03:14,767: topic[/mavros5/local_position/odom] adding connection to [http://gpufree-container:40905/], count 0
[rospy.internal][INFO] 2026-07-24 00:03:14,768: topic[/mavros5/state] adding connection to [http://gpufree-container:40905/], count 0
[rospy.internal][INFO] 2026-07-24 00:03:14,769: topic[/radar/target5/position] adding connection to [http://gpufree-container:34385/], count 0
[rospy.internal][INFO] 2026-07-24 00:03:14,771: topic[/interceptor6/origin] adding connection to [http://gpufree-container:34385/], count 0
[rospy.internal][INFO] 2026-07-24 00:03:14,772: topic[/mavros6/local_position/odom] adding connection to [http://gpufree-container:40905/], count 0
[rospy.internal][INFO] 2026-07-24 00:03:14,773: topic[/mavros6/state] adding connection to [http://gpufree-container:40905/], count 0
[rospy.internal][INFO] 2026-07-24 00:03:14,775: topic[/radar/target6/position] adding connection to [http://gpufree-container:34385/], count 0
[rospy.internal][INFO] 2026-07-24 00:03:14,777: topic[/interceptor7/origin] adding connection to [http://gpufree-container:34385/], count 0
[rospy.internal][INFO] 2026-07-24 00:03:14,778: topic[/mavros7/local_position/odom] adding connection to [http://gpufree-container:40905/], count 0
[rospy.internal][INFO] 2026-07-24 00:03:14,779: topic[/mavros7/state] adding connection to [http://gpufree-container:40905/], count 0
[rospy.internal][INFO] 2026-07-24 00:03:14,781: topic[/radar/target7/position] adding connection to [http://gpufree-container:34385/], count 0
[rospy.internal][INFO] 2026-07-24 00:03:14,784: topic[/interceptor8/origin] adding connection to [http://gpufree-container:34385/], count 0
[rospy.internal][INFO] 2026-07-24 00:03:14,785: topic[/mavros8/local_position/odom] adding connection to [http://gpufree-container:40905/], count 0
[rospy.internal][INFO] 2026-07-24 00:03:14,787: topic[/mavros8/state] adding connection to [http://gpufree-container:40905/], count 0
[rospy.internal][INFO] 2026-07-24 00:03:14,788: topic[/radar/target8/position] adding connection to [http://gpufree-container:34385/], count 0
[rospy.internal][INFO] 2026-07-24 00:03:14,792: topic[/mavros9/local_position/odom] adding connection to [http://gpufree-container:40905/], count 0
[rospy.internal][INFO] 2026-07-24 00:03:14,792: topic[/interceptor9/origin] adding connection to [http://gpufree-container:34385/], count 0
[rospy.internal][INFO] 2026-07-24 00:03:14,794: topic[/mavros9/state] adding connection to [http://gpufree-container:40905/], count 0
[rospy.internal][INFO] 2026-07-24 00:03:14,796: topic[/radar/target9/position] adding connection to [http://gpufree-container:34385/], count 0
[rospy.internal][INFO] 2026-07-24 00:03:14,797: topic[/interceptor10/origin] adding connection to [http://gpufree-container:34385/], count 0
[rospy.internal][INFO] 2026-07-24 00:03:14,798: topic[/mavros10/local_position/odom] adding connection to [http://gpufree-container:40905/], count 0
[rospy.internal][INFO] 2026-07-24 00:03:14,800: topic[/mavros10/state] adding connection to [http://gpufree-container:40905/], count 0
[rosout][INFO] 2026-07-24 00:03:14,800: 等待公开话题 origin=8/10 odom=8/10 state=7/10 target=7/10
[rospy.internal][INFO] 2026-07-24 00:03:14,802: topic[/radar/target10/position] adding connection to [http://gpufree-container:34385/], count 0
[rospy.internal][INFO] 2026-07-24 00:03:14,983: topic[/rosout] adding connection to [/rosout], count 0
[rospy.internal][INFO] 2026-07-24 00:03:14,985: topic[/mavros/setpoint_raw/local] adding connection to [/rostrans_ros1], count 0
[rospy.internal][INFO] 2026-07-24 00:03:14,986: topic[/mavros2/setpoint_raw/local] adding connection to [/rostrans_ros1], count 0
[rospy.internal][INFO] 2026-07-24 00:03:14,986: topic[/mavros3/setpoint_raw/local] adding connection to [/rostrans_ros1], count 0
[rospy.internal][INFO] 2026-07-24 00:03:14,987: topic[/mavros4/setpoint_raw/local] adding connection to [/rostrans_ros1], count 0
[rospy.internal][INFO] 2026-07-24 00:03:14,988: topic[/mavros5/setpoint_raw/local] adding connection to [/rostrans_ros1], count 0
[rospy.internal][INFO] 2026-07-24 00:03:14,988: topic[/mavros6/setpoint_raw/local] adding connection to [/rostrans_ros1], count 0
[rospy.internal][INFO] 2026-07-24 00:03:14,988: topic[/mavros7/setpoint_raw/local] adding connection to [/rostrans_ros1], count 0
[rospy.internal][INFO] 2026-07-24 00:03:14,988: topic[/mavros8/setpoint_raw/local] adding connection to [/rostrans_ros1], count 0
[rosout][INFO] 2026-07-24 00:03:15,000: 公开话题已就绪 origin=10 odom=10 state=10 target=10
[rosout][INFO] 2026-07-24 00:03:15,001: 预热 10 路设定点流 2.0 秒
[rospy.internal][INFO] 2026-07-24 00:03:15,088: topic[/mavros9/setpoint_raw/local] adding connection to [/rostrans_ros1], count 0
[rospy.internal][INFO] 2026-07-24 00:03:15,089: topic[/mavros10/setpoint_raw/local] adding connection to [/rostrans_ros1], count 0
[rosout][INFO] 2026-07-24 00:03:17,031: 并发解锁 retry=1 armed=0/10 offboard=0/10 service_ok=10/10
[rosout][INFO] 2026-07-24 00:03:17,456: 并发解锁 retry=2 armed=10/10 offboard=10/10 service_ok=10/10
[rosout][INFO] 2026-07-24 00:03:17,461: control target=10 agent=10 armed=10 cmd_max=0.0 actual_max=0.0
[rosout][INFO] 2026-07-24 00:03:17,961: control target=10 agent=10 armed=10 cmd_max=2.4 actual_max=1.6
[rosout][INFO] 2026-07-24 00:03:18,561: control target=10 agent=10 armed=10 cmd_max=4.6 actual_max=3.1
[rosout][INFO] 2026-07-24 00:03:19,161: control target=10 agent=10 armed=10 cmd_max=7.1 actual_max=5.1
[rosout][INFO] 2026-07-24 00:03:19,662: control target=10 agent=10 armed=10 cmd_max=9.5 actual_max=7.3
[rosout][INFO] 2026-07-24 00:03:20,263: control target=10 agent=10 armed=10 cmd_max=12.4 actual_max=10.1
[rosout][INFO] 2026-07-24 00:03:20,861: control target=10 agent=10 armed=10 cmd_max=15.3 actual_max=13.0
[rosout][INFO] 2026-07-24 00:03:21,481: control target=10 agent=10 armed=10 cmd_max=18.3 actual_max=15.3
[rosout][INFO] 2026-07-24 00:03:22,061: control target=10 agent=10 armed=10 cmd_max=21.3 actual_max=16.4
[rosout][INFO] 2026-07-24 00:03:22,661: control target=10 agent=10 armed=10 cmd_max=24.3 actual_max=17.2
[rosout][INFO] 2026-07-24 00:03:23,261: control target=10 agent=10 armed=10 cmd_max=27.3 actual_max=17.8
[rosout][INFO] 2026-07-24 00:03:23,861: control target=10 agent=10 armed=10 cmd_max=30.0 actual_max=18.5
[rosout][INFO] 2026-07-24 00:03:24,461: control target=10 agent=10 armed=10 cmd_max=30.0 actual_max=19.0
[rosout][INFO] 2026-07-24 00:03:24,982: control target=10 agent=10 armed=10 cmd_max=30.0 actual_max=19.2
[rosout][INFO] 2026-07-24 00:03:25,461: control target=10 agent=10 armed=10 cmd_max=30.0 actual_max=19.4
[rosout][INFO] 2026-07-24 00:03:26,061: control target=10 agent=10 armed=10 cmd_max=30.0 actual_max=19.7
[rosout][INFO] 2026-07-24 00:03:26,561: control target=10 agent=10 armed=10 cmd_max=30.0 actual_max=19.9
[rosout][INFO] 2026-07-24 00:03:27,061: control target=10 agent=10 armed=10 cmd_max=30.0 actual_max=20.2
[rosout][INFO] 2026-07-24 00:03:27,660: control target=10 agent=10 armed=10 cmd_max=30.0 actual_max=20.4
[rosout][INFO] 2026-07-24 00:03:28,160: control target=10 agent=10 armed=10 cmd_max=30.0 actual_max=20.6
[rosout][INFO] 2026-07-24 00:03:28,760: control target=10 agent=10 armed=10 cmd_max=30.0 actual_max=20.8
[rosout][INFO] 2026-07-24 00:03:29,360: control target=10 agent=10 armed=10 cmd_max=30.0 actual_max=21.0
[rosout][INFO] 2026-07-24 00:03:29,961: control target=10 agent=10 armed=10 cmd_max=30.0 actual_max=21.2
[rosout][INFO] 2026-07-24 00:03:30,561: control target=10 agent=10 armed=10 cmd_max=30.0 actual_max=21.4
[rosout][INFO] 2026-07-24 00:03:31,161: control target=10 agent=10 armed=10 cmd_max=30.0 actual_max=21.6
[rosout][INFO] 2026-07-24 00:03:31,761: control target=10 agent=10 armed=10 cmd_max=30.0 actual_max=22.4
[rosout][INFO] 2026-07-24 00:03:32,361: control target=10 agent=10 armed=10 cmd_max=30.0 actual_max=22.8
[rosout][INFO] 2026-07-24 00:03:32,961: control target=10 agent=10 armed=10 cmd_max=30.0 actual_max=22.9
[rosout][INFO] 2026-07-24 00:03:33,461: control target=10 agent=10 armed=10 cmd_max=30.0 actual_max=23.0
[rosout][INFO] 2026-07-24 00:03:33,961: control target=10 agent=10 armed=10 cmd_max=30.0 actual_max=23.1
[rosout][INFO] 2026-07-24 00:03:34,561: control target=10 agent=10 armed=10 cmd_max=30.0 actual_max=23.2
[rosout][INFO] 2026-07-24 00:03:35,161: control target=10 agent=10 armed=10 cmd_max=30.0 actual_max=23.3
[rosout][INFO] 2026-07-24 00:03:35,761: control target=10 agent=10 armed=10 cmd_max=30.0 actual_max=23.4
[rosout][INFO] 2026-07-24 00:03:36,261: control target=10 agent=10 armed=10 cmd_max=30.0 actual_max=23.5
[rosout][INFO] 2026-07-24 00:03:36,861: control target=10 agent=10 armed=10 cmd_max=30.0 actual_max=23.6
[rosout][INFO] 2026-07-24 00:03:37,461: control target=10 agent=10 armed=10 cmd_max=30.0 actual_max=23.7
[rosout][INFO] 2026-07-24 00:03:38,061: control target=10 agent=10 armed=10 cmd_max=30.0 actual_max=23.8
[rosout][INFO] 2026-07-24 00:03:38,561: control target=10 agent=10 armed=10 cmd_max=30.0 actual_max=23.9
[rosout][INFO] 2026-07-24 00:03:39,161: control target=10 agent=10 armed=10 cmd_max=30.0 actual_max=24.0
[rosout][INFO] 2026-07-24 00:03:39,761: control target=10 agent=10 armed=10 cmd_max=30.0 actual_max=24.1
[rosout][INFO] 2026-07-24 00:03:40,261: control target=10 agent=10 armed=10 cmd_max=30.0 actual_max=24.2
[rosout][INFO] 2026-07-24 00:03:40,860: control target=10 agent=10 armed=10 cmd_max=30.0 actual_max=24.3
[rosout][INFO] 2026-07-24 00:03:41,460: control target=10 agent=10 armed=10 cmd_max=30.0 actual_max=24.5
[rosout][INFO] 2026-07-24 00:03:42,061: control target=10 agent=10 armed=10 cmd_max=30.0 actual_max=24.6
[rosout][INFO] 2026-07-24 00:03:42,561: control target=10 agent=10 armed=10 cmd_max=30.0 actual_max=24.7
[rosout][INFO] 2026-07-24 00:03:43,161: control target=10 agent=10 armed=10 cmd_max=30.0 actual_max=24.9
[rosout][INFO] 2026-07-24 00:03:43,761: control target=10 agent=10 armed=10 cmd_max=30.0 actual_max=25.0
[rosout][INFO] 2026-07-24 00:03:44,261: control target=10 agent=10 armed=10 cmd_max=30.0 actual_max=24.8
[rosout][INFO] 2026-07-24 00:03:44,762: control target=10 agent=10 armed=10 cmd_max=30.0 actual_max=24.9
[rosout][INFO] 2026-07-24 00:03:45,361: control target=10 agent=10 armed=10 cmd_max=30.0 actual_max=25.1
[rosout][INFO] 2026-07-24 00:03:45,961: control target=10 agent=10 armed=10 cmd_max=30.0 actual_max=24.7
[rosout][INFO] 2026-07-24 00:03:46,560: control target=10 agent=10 armed=10 cmd_max=30.0 actual_max=22.6
[rosout][INFO] 2026-07-24 00:03:47,060: control target=10 agent=10 armed=10 cmd_max=30.0 actual_max=21.0
[rosout][INFO] 2026-07-24 00:03:47,661: control target=10 agent=10 armed=10 cmd_max=30.0 actual_max=19.8
[rosout][INFO] 2026-07-24 00:03:48,161: control target=10 agent=10 armed=10 cmd_max=30.0 actual_max=19.4
[rosout][INFO] 2026-07-24 00:03:48,761: control target=10 agent=10 armed=10 cmd_max=30.0 actual_max=19.0
[rosout][INFO] 2026-07-24 00:03:49,261: control target=10 agent=10 armed=10 cmd_max=30.0 actual_max=19.1
[rosout][INFO] 2026-07-24 00:03:49,861: control target=10 agent=10 armed=10 cmd_max=30.0 actual_max=19.5
[rosout][INFO] 2026-07-24 00:03:50,462: control target=10 agent=10 armed=10 cmd_max=30.0 actual_max=19.8
[rosout][INFO] 2026-07-24 00:03:51,060: control target=10 agent=10 armed=10 cmd_max=30.0 actual_max=19.7
[rosout][INFO] 2026-07-24 00:03:51,660: control target=10 agent=10 armed=10 cmd_max=30.0 actual_max=19.9
[rosout][INFO] 2026-07-24 00:03:52,160: control target=10 agent=10 armed=10 cmd_max=30.0 actual_max=20.3
[rosout][INFO] 2026-07-24 00:03:52,761: control target=10 agent=10 armed=10 cmd_max=30.0 actual_max=21.1
[rosout][INFO] 2026-07-24 00:03:53,361: control target=10 agent=10 armed=10 cmd_max=30.0 actual_max=21.3
[rosout][INFO] 2026-07-24 00:03:53,861: control target=10 agent=10 armed=10 cmd_max=30.0 actual_max=21.0
[rosout][INFO] 2026-07-24 00:03:54,460: control target=10 agent=10 armed=10 cmd_max=30.0 actual_max=20.4
[rosout][INFO] 2026-07-24 00:03:54,961: control target=10 agent=10 armed=10 cmd_max=30.0 actual_max=20.2
[rosout][INFO] 2026-07-24 00:03:55,560: control target=10 agent=10 armed=10 cmd_max=30.0 actual_max=20.1
[rosout][INFO] 2026-07-24 00:03:56,160: control target=10 agent=10 armed=10 cmd_max=30.0 actual_max=19.7
[rosout][INFO] 2026-07-24 00:03:56,660: control target=10 agent=10 armed=10 cmd_max=30.0 actual_max=19.4
[rosout][INFO] 2026-07-24 00:03:57,260: control target=10 agent=10 armed=10 cmd_max=30.0 actual_max=19.7
[rosout][INFO] 2026-07-24 00:03:57,760: control target=10 agent=10 armed=10 cmd_max=30.0 actual_max=20.2
[rosout][INFO] 2026-07-24 00:03:58,360: control target=10 agent=10 armed=10 cmd_max=30.0 actual_max=20.5
[rosout][INFO] 2026-07-24 00:03:58,960: control target=10 agent=10 armed=10 cmd_max=30.0 actual_max=20.2
[rosout][INFO] 2026-07-24 00:03:59,461: control target=10 agent=10 armed=10 cmd_max=30.0 actual_max=19.6
[rosout][INFO] 2026-07-24 00:03:59,961: control target=10 agent=10 armed=10 cmd_max=30.0 actual_max=19.3
[rosout][INFO] 2026-07-24 00:04:00,560: control target=10 agent=10 armed=10 cmd_max=30.0 actual_max=19.4
[rosout][INFO] 2026-07-24 00:04:01,160: control target=10 agent=10 armed=10 cmd_max=30.0 actual_max=19.4
[rosout][INFO] 2026-07-24 00:04:01,660: control target=10 agent=10 armed=10 cmd_max=30.0 actual_max=20.1
[rosout][INFO] 2026-07-24 00:04:02,260: control target=10 agent=10 armed=10 cmd_max=30.0 actual_max=18.4
[rosout][INFO] 2026-07-24 00:04:02,860: control target=10 agent=10 armed=10 cmd_max=30.0 actual_max=18.6
[rosout][INFO] 2026-07-24 00:04:03,460: control target=10 agent=10 armed=10 cmd_max=30.0 actual_max=20.2
[rosout][INFO] 2026-07-24 00:04:03,960: control target=10 agent=10 armed=10 cmd_max=30.0 actual_max=19.8
[rosout][INFO] 2026-07-24 00:04:04,461: control target=10 agent=10 armed=10 cmd_max=30.0 actual_max=18.4
[rosout][INFO] 2026-07-24 00:04:04,961: control target=10 agent=10 armed=10 cmd_max=30.0 actual_max=18.4
[rosout][INFO] 2026-07-24 00:04:05,560: control target=10 agent=10 armed=10 cmd_max=30.0 actual_max=17.6
[rosout][INFO] 2026-07-24 00:04:06,060: control target=10 agent=10 armed=10 cmd_max=30.0 actual_max=16.9
[rosout][INFO] 2026-07-24 00:04:06,660: control target=10 agent=10 armed=10 cmd_max=30.0 actual_max=16.5
[rosout][INFO] 2026-07-24 00:04:07,260: control target=10 agent=10 armed=10 cmd_max=30.0 actual_max=16.3
[rosout][INFO] 2026-07-24 00:04:07,860: control target=10 agent=10 armed=10 cmd_max=30.0 actual_max=18.9
[rosout][INFO] 2026-07-24 00:04:08,360: control target=10 agent=10 armed=10 cmd_max=30.0 actual_max=18.2
[rosout][INFO] 2026-07-24 00:04:08,960: control target=10 agent=10 armed=10 cmd_max=30.0 actual_max=18.0
[rosout][INFO] 2026-07-24 00:04:09,460: control target=10 agent=10 armed=10 cmd_max=30.0 actual_max=18.2
[rosout][INFO] 2026-07-24 00:04:10,060: control target=10 agent=10 armed=10 cmd_max=30.0 actual_max=19.2
[rosout][INFO] 2026-07-24 00:04:10,560: control target=10 agent=10 armed=10 cmd_max=30.0 actual_max=20.0
[rosout][INFO] 2026-07-24 00:04:11,160: control target=10 agent=10 armed=10 cmd_max=30.0 actual_max=20.8
[rosout][INFO] 2026-07-24 00:04:11,660: control target=10 agent=10 armed=10 cmd_max=30.0 actual_max=21.5
[rosout][INFO] 2026-07-24 00:04:12,160: control target=10 agent=10 armed=10 cmd_max=30.0 actual_max=22.2
[rosout][INFO] 2026-07-24 00:04:12,760: control target=10 agent=10 armed=10 cmd_max=30.0 actual_max=23.0
[rosout][INFO] 2026-07-24 00:04:13,360: control target=10 agent=10 armed=10 cmd_max=30.0 actual_max=23.9
[rosout][INFO] 2026-07-24 00:04:13,860: control target=10 agent=10 armed=10 cmd_max=30.0 actual_max=24.7
[rosout][INFO] 2026-07-24 00:04:14,360: control target=10 agent=10 armed=10 cmd_max=30.0 actual_max=25.4
[rosout][INFO] 2026-07-24 00:04:14,960: control target=10 agent=10 armed=10 cmd_max=30.0 actual_max=26.0
[rosout][INFO] 2026-07-24 00:04:15,460: control target=10 agent=10 armed=10 cmd_max=30.0 actual_max=25.9
[rosout][INFO] 2026-07-24 00:04:15,960: control target=10 agent=10 armed=10 cmd_max=30.0 actual_max=25.7
[rosout][INFO] 2026-07-24 00:04:16,560: control target=10 agent=10 armed=10 cmd_max=30.0 actual_max=25.6
[rosout][INFO] 2026-07-24 00:04:17,060: control target=10 agent=10 armed=10 cmd_max=30.0 actual_max=25.4
[rosout][INFO] 2026-07-24 00:04:17,560: control target=10 agent=10 armed=10 cmd_max=30.0 actual_max=25.1
[rosout][INFO] 2026-07-24 00:04:18,160: control target=10 agent=10 armed=10 cmd_max=30.0 actual_max=25.3
[rosout][INFO] 2026-07-24 00:04:18,760: control target=10 agent=10 armed=10 cmd_max=30.0 actual_max=25.8
[rosout][INFO] 2026-07-24 00:04:19,360: control target=10 agent=10 armed=10 cmd_max=30.0 actual_max=26.1
[rosout][INFO] 2026-07-24 00:04:19,960: control target=10 agent=10 armed=10 cmd_max=30.0 actual_max=26.1
[rosout][INFO] 2026-07-24 00:04:20,560: control target=10 agent=10 armed=10 cmd_max=30.0 actual_max=25.5
[rosout][INFO] 2026-07-24 00:04:21,060: control target=10 agent=10 armed=10 cmd_max=30.0 actual_max=24.8
[rosout][INFO] 2026-07-24 00:04:21,560: control target=10 agent=10 armed=10 cmd_max=30.0 actual_max=24.1
[rosout][INFO] 2026-07-24 00:04:22,161: control target=10 agent=10 armed=10 cmd_max=30.0 actual_max=24.1
[rosout][INFO] 2026-07-24 00:04:22,760: control target=10 agent=10 armed=10 cmd_max=30.0 actual_max=25.1
[rosout][INFO] 2026-07-24 00:04:23,360: control target=10 agent=10 armed=10 cmd_max=30.0 actual_max=25.7
[rosout][INFO] 2026-07-24 00:04:23,960: control target=10 agent=10 armed=10 cmd_max=30.0 actual_max=25.8
[rosout][INFO] 2026-07-24 00:04:24,560: control target=10 agent=10 armed=10 cmd_max=30.0 actual_max=25.8
[rosout][INFO] 2026-07-24 00:04:25,060: control target=10 agent=10 armed=10 cmd_max=30.0 actual_max=25.8
[rosout][INFO] 2026-07-24 00:04:25,660: control target=10 agent=10 armed=10 cmd_max=30.0 actual_max=25.9
[rosout][INFO] 2026-07-24 00:04:26,260: control target=10 agent=10 armed=10 cmd_max=30.0 actual_max=25.9
[rosout][INFO] 2026-07-24 00:04:26,760: control target=10 agent=10 armed=10 cmd_max=30.0 actual_max=26.0
[rosout][INFO] 2026-07-24 00:04:27,260: control target=10 agent=10 armed=10 cmd_max=30.0 actual_max=26.0
[rosout][INFO] 2026-07-24 00:04:27,860: control target=10 agent=10 armed=10 cmd_max=30.0 actual_max=25.8
[rosout][INFO] 2026-07-24 00:04:28,360: control target=10 agent=10 armed=10 cmd_max=30.0 actual_max=26.0
[rosout][INFO] 2026-07-24 00:04:28,960: control target=10 agent=10 armed=10 cmd_max=30.0 actual_max=26.2
[rosout][INFO] 2026-07-24 00:04:29,460: control target=10 agent=10 armed=10 cmd_max=30.0 actual_max=26.4
[rosout][INFO] 2026-07-24 00:04:29,960: control target=10 agent=10 armed=10 cmd_max=30.0 actual_max=26.5
[rosout][INFO] 2026-07-24 00:04:30,560: control target=10 agent=10 armed=10 cmd_max=30.0 actual_max=26.5
[rosout][INFO] 2026-07-24 00:04:31,060: control target=10 agent=10 armed=10 cmd_max=30.0 actual_max=26.4
[rosout][INFO] 2026-07-24 00:04:31,660: control target=10 agent=10 armed=10 cmd_max=30.0 actual_max=26.3
[rosout][INFO] 2026-07-24 00:04:32,260: control target=10 agent=10 armed=10 cmd_max=30.0 actual_max=26.2
[rosout][INFO] 2026-07-24 00:04:32,760: control target=10 agent=10 armed=10 cmd_max=30.0 actual_max=26.4
[rosout][INFO] 2026-07-24 00:04:33,260: control target=10 agent=10 armed=10 cmd_max=30.0 actual_max=26.5
[rosout][INFO] 2026-07-24 00:04:33,860: control target=10 agent=10 armed=10 cmd_max=30.0 actual_max=26.4
[rosout][INFO] 2026-07-24 00:04:34,360: control target=10 agent=10 armed=10 cmd_max=30.0 actual_max=26.3
[rosout][INFO] 2026-07-24 00:04:34,960: control target=10 agent=10 armed=10 cmd_max=30.0 actual_max=25.9
[rosout][INFO] 2026-07-24 00:04:35,460: control target=10 agent=10 armed=10 cmd_max=30.0 actual_max=26.3
[rosout][INFO] 2026-07-24 00:04:36,060: control target=10 agent=10 armed=10 cmd_max=30.0 actual_max=26.4
[rosout][INFO] 2026-07-24 00:04:36,560: control target=10 agent=10 armed=10 cmd_max=30.0 actual_max=26.3
[rosout][INFO] 2026-07-24 00:04:37,160: control target=10 agent=10 armed=10 cmd_max=30.0 actual_max=26.2
[rosout][INFO] 2026-07-24 00:04:37,760: control target=10 agent=10 armed=10 cmd_max=30.0 actual_max=26.9
[rosout][INFO] 2026-07-24 00:04:38,360: control target=10 agent=10 armed=10 cmd_max=30.0 actual_max=26.8
[rosout][INFO] 2026-07-24 00:04:38,960: control target=10 agent=10 armed=10 cmd_max=30.0 actual_max=26.3
[rosout][INFO] 2026-07-24 00:04:39,460: control target=10 agent=10 armed=10 cmd_max=30.0 actual_max=25.7
[rosout][INFO] 2026-07-24 00:04:39,960: control target=10 agent=10 armed=10 cmd_max=30.0 actual_max=25.5
[rosout][INFO] 2026-07-24 00:04:40,560: control target=10 agent=10 armed=10 cmd_max=30.0 actual_max=25.5
[rosout][INFO] 2026-07-24 00:04:41,160: control target=10 agent=10 armed=10 cmd_max=30.0 actual_max=25.6
[rosout][INFO] 2026-07-24 00:04:41,660: control target=10 agent=10 armed=10 cmd_max=30.0 actual_max=25.6
[rosout][INFO] 2026-07-24 00:04:42,260: control target=10 agent=10 armed=10 cmd_max=30.0 actual_max=25.4
[rosout][INFO] 2026-07-24 00:04:42,760: control target=9 agent=10 armed=10 cmd_max=30.0 actual_max=25.3
[rosout][INFO] 2026-07-24 00:04:43,260: control target=9 agent=9 armed=9 cmd_max=30.0 actual_max=25.4
[rosout][INFO] 2026-07-24 00:04:43,860: control target=9 agent=9 armed=9 cmd_max=29.7 actual_max=25.4
[rosout][INFO] 2026-07-24 00:04:44,482: control target=8 agent=8 armed=8 cmd_max=29.5 actual_max=25.9
[rosout][INFO] 2026-07-24 00:04:45,060: control target=7 agent=8 armed=7 cmd_max=29.7 actual_max=25.3
[rosout][INFO] 2026-07-24 00:04:45,660: control target=7 agent=7 armed=7 cmd_max=30.0 actual_max=25.2
[rosout][INFO] 2026-07-24 00:04:46,260: control target=7 agent=7 armed=7 cmd_max=30.0 actual_max=27.3
[rosout][INFO] 2026-07-24 00:04:46,859: control target=7 agent=7 armed=7 cmd_max=30.0 actual_max=27.2
[rosout][INFO] 2026-07-24 00:04:47,360: control target=7 agent=7 armed=7 cmd_max=30.0 actual_max=27.9
[rosout][INFO] 2026-07-24 00:04:47,981: control target=7 agent=7 armed=7 cmd_max=30.0 actual_max=28.1
[rosout][INFO] 2026-07-24 00:04:48,480: control target=7 agent=7 armed=7 cmd_max=29.9 actual_max=27.3
[rosout][INFO] 2026-07-24 00:04:48,961: control target=7 agent=7 armed=7 cmd_max=29.7 actual_max=27.6
[rosout][INFO] 2026-07-24 00:04:49,483: control target=7 agent=7 armed=7 cmd_max=29.3 actual_max=25.0
[rosout][INFO] 2026-07-24 00:04:50,060: control target=7 agent=7 armed=7 cmd_max=28.6 actual_max=22.3
[rosout][INFO] 2026-07-24 00:04:50,660: control target=7 agent=7 armed=7 cmd_max=27.8 actual_max=22.9
[rosout][INFO] 2026-07-24 00:04:51,260: control target=7 agent=7 armed=7 cmd_max=27.1 actual_max=22.2
[rosout][INFO] 2026-07-24 00:04:51,860: control target=7 agent=7 armed=7 cmd_max=26.5 actual_max=20.6
[rosout][INFO] 2026-07-24 00:04:52,480: control target=7 agent=7 armed=7 cmd_max=26.2 actual_max=18.4
[rosout][INFO] 2026-07-24 00:04:52,981: control target=7 agent=7 armed=7 cmd_max=25.9 actual_max=17.1
[rosout][INFO] 2026-07-24 00:04:53,560: control target=7 agent=7 armed=7 cmd_max=25.6 actual_max=16.3
[rosout][INFO] 2026-07-24 00:04:54,160: control target=7 agent=7 armed=7 cmd_max=25.3 actual_max=17.2
[rosout][INFO] 2026-07-24 00:04:54,660: control target=7 agent=7 armed=7 cmd_max=25.2 actual_max=18.1
[rosout][INFO] 2026-07-24 00:04:55,260: control target=7 agent=7 armed=7 cmd_max=25.3 actual_max=20.4
[rosout][INFO] 2026-07-24 00:04:55,860: control target=7 agent=7 armed=7 cmd_max=25.4 actual_max=22.9
[rosout][INFO] 2026-07-24 00:04:56,360: control target=7 agent=7 armed=7 cmd_max=25.6 actual_max=25.1
[rosout][INFO] 2026-07-24 00:04:56,981: control target=7 agent=7 armed=7 cmd_max=25.8 actual_max=25.5
[rosout][INFO] 2026-07-24 00:04:57,559: control target=7 agent=7 armed=7 cmd_max=25.9 actual_max=26.0
[rosout][INFO] 2026-07-24 00:04:58,060: control target=7 agent=7 armed=7 cmd_max=25.9 actual_max=26.2
[rosout][INFO] 2026-07-24 00:04:58,659: control target=7 agent=7 armed=7 cmd_max=25.3 actual_max=26.0
[rosout][INFO] 2026-07-24 00:04:58,758: 目标在线退役(曾运动后持续静止): 8
[rosout][INFO] 2026-07-24 00:04:59,058: 目标在线退役(曾运动后持续静止): 5
[rosout][INFO] 2026-07-24 00:04:59,159: control target=5 agent=7 armed=7 cmd_max=23.8 actual_max=24.9
[rosout][INFO] 2026-07-24 00:04:59,358: 目标在线退役(曾运动后持续静止): 7
[rosout][INFO] 2026-07-24 00:04:59,759: control target=4 agent=7 armed=7 cmd_max=21.0 actual_max=22.2
[rosout][INFO] 2026-07-24 00:05:00,359: control target=4 agent=7 armed=7 cmd_max=18.0 actual_max=19.5
[rosout][INFO] 2026-07-24 00:05:00,980: control target=4 agent=7 armed=7 cmd_max=15.1 actual_max=16.6
[rosout][INFO] 2026-07-24 00:05:01,481: control target=4 agent=7 armed=7 cmd_max=12.6 actual_max=14.2
[rosout][INFO] 2026-07-24 00:05:01,658: 目标在线退役(曾运动后持续静止): 3
[rosout][INFO] 2026-07-24 00:05:01,981: 目标在线退役(曾运动后持续静止): 2
[rosout][INFO] 2026-07-24 00:05:01,983: control target=2 agent=7 armed=7 cmd_max=10.2 actual_max=12.1
[rosout][INFO] 2026-07-24 00:05:02,559: control target=2 agent=7 armed=7 cmd_max=9.3 actual_max=9.7
[rosout][INFO] 2026-07-24 00:05:03,159: control target=2 agent=7 armed=7 cmd_max=9.3 actual_max=8.8
[rosout][INFO] 2026-07-24 00:05:03,659: control target=2 agent=7 armed=7 cmd_max=11.3 actual_max=9.1
[rosout][INFO] 2026-07-24 00:05:04,259: control target=2 agent=7 armed=7 cmd_max=13.3 actual_max=10.5
[rosout][INFO] 2026-07-24 00:05:04,558: 目标在线退役(曾运动后持续静止): 4
[rosout][INFO] 2026-07-24 00:05:04,759: control target=1 agent=7 armed=7 cmd_max=14.3 actual_max=11.5
[rosout][INFO] 2026-07-24 00:05:05,259: control target=1 agent=7 armed=7 cmd_max=13.9 actual_max=12.9
[rosout][INFO] 2026-07-24 00:05:05,859: control target=1 agent=7 armed=7 cmd_max=11.1 actual_max=12.9
[rosout][INFO] 2026-07-24 00:05:06,479: control target=1 agent=7 armed=7 cmd_max=8.1 actual_max=10.4
[rosout][INFO] 2026-07-24 00:05:06,980: control target=1 agent=7 armed=7 cmd_max=5.6 actual_max=8.4
[rosout][INFO] 2026-07-24 00:05:07,058: 目标在线退役(曾运动后持续静止): 10
[rosout][INFO] 2026-07-24 00:05:07,559: control target=0 agent=7 armed=7 cmd_max=2.6 actual_max=5.8
[rosout][INFO] 2026-07-24 00:05:08,059: control target=0 agent=7 armed=7 cmd_max=0.1 actual_max=3.4
[rosout][INFO] 2026-07-24 00:05:08,659: control target=0 agent=7 armed=7 cmd_max=0.0 actual_max=1.0
[rosout][INFO] 2026-07-24 00:05:09,059: 全部目标话题已超时，结束控制循环
[rospy.core][INFO] 2026-07-24 00:05:09,316: signal_shutdown [atexit]
[rospy.internal][INFO] 2026-07-24 00:05:09,322: topic[/rosout] removing connection to /rosout
[rospy.internal][INFO] 2026-07-24 00:05:09,322: topic[/mavros/setpoint_raw/local] removing connection to /rostrans_ros1
[rospy.internal][INFO] 2026-07-24 00:05:09,323: topic[/mavros2/setpoint_raw/local] removing connection to /rostrans_ros1
[rospy.internal][INFO] 2026-07-24 00:05:09,323: topic[/mavros3/setpoint_raw/local] removing connection to /rostrans_ros1
[rospy.internal][INFO] 2026-07-24 00:05:09,323: topic[/mavros4/setpoint_raw/local] removing connection to /rostrans_ros1
[rospy.internal][INFO] 2026-07-24 00:05:09,323: topic[/mavros5/setpoint_raw/local] removing connection to /rostrans_ros1
[rospy.internal][INFO] 2026-07-24 00:05:09,323: topic[/mavros6/setpoint_raw/local] removing connection to /rostrans_ros1
[rospy.internal][INFO] 2026-07-24 00:05:09,323: topic[/mavros7/setpoint_raw/local] removing connection to /rostrans_ros1
[rospy.internal][INFO] 2026-07-24 00:05:09,323: topic[/mavros8/setpoint_raw/local] removing connection to /rostrans_ros1
[rospy.internal][INFO] 2026-07-24 00:05:09,323: topic[/mavros9/setpoint_raw/local] removing connection to /rostrans_ros1
[rospy.internal][INFO] 2026-07-24 00:05:09,323: topic[/mavros10/setpoint_raw/local] removing connection to /rostrans_ros1
[rospy.internal][INFO] 2026-07-24 00:05:09,323: topic[/interceptor1/origin] removing connection to http://gpufree-container:34385/
[rospy.internal][INFO] 2026-07-24 00:05:09,324: topic[/mavros/local_position/odom] removing connection to http://gpufree-container:40905/
[rospy.internal][INFO] 2026-07-24 00:05:09,324: topic[/mavros/state] removing connection to http://gpufree-container:40905/
[rospy.internal][INFO] 2026-07-24 00:05:09,324: topic[/radar/target1/position] removing connection to http://gpufree-container:34385/
[rospy.internal][INFO] 2026-07-24 00:05:09,325: topic[/interceptor2/origin] removing connection to http://gpufree-container:34385/
[rospy.internal][INFO] 2026-07-24 00:05:09,326: topic[/mavros2/local_position/odom] removing connection to http://gpufree-container:40905/
[rospy.internal][INFO] 2026-07-24 00:05:09,326: topic[/mavros2/local_position/odom] removing connection to http://gpufree-container:40905/
[rospy.internal][INFO] 2026-07-24 00:05:09,326: topic[/mavros2/state] removing connection to http://gpufree-container:40905/
[rospy.internal][INFO] 2026-07-24 00:05:09,326: topic[/radar/target2/position] removing connection to http://gpufree-container:34385/
[rospy.internal][INFO] 2026-07-24 00:05:09,327: topic[/interceptor3/origin] removing connection to http://gpufree-container:34385/
[rospy.internal][INFO] 2026-07-24 00:05:09,327: topic[/mavros3/local_position/odom] removing connection to http://gpufree-container:40905/
[rospy.internal][INFO] 2026-07-24 00:05:09,327: topic[/mavros3/state] removing connection to http://gpufree-container:40905/
[rospy.internal][INFO] 2026-07-24 00:05:09,327: topic[/radar/target3/position] removing connection to http://gpufree-container:34385/
[rospy.internal][INFO] 2026-07-24 00:05:09,327: topic[/interceptor4/origin] removing connection to http://gpufree-container:34385/
[rospy.internal][INFO] 2026-07-24 00:05:09,328: topic[/mavros4/local_position/odom] removing connection to http://gpufree-container:40905/
[rospy.internal][INFO] 2026-07-24 00:05:09,328: topic[/mavros4/local_position/odom] removing connection to http://gpufree-container:40905/
[rospy.internal][INFO] 2026-07-24 00:05:09,328: topic[/mavros4/state] removing connection to http://gpufree-container:40905/
[rospy.internal][INFO] 2026-07-24 00:05:09,328: topic[/radar/target4/position] removing connection to http://gpufree-container:34385/
[rospy.internal][INFO] 2026-07-24 00:05:09,329: topic[/interceptor5/origin] removing connection to http://gpufree-container:34385/
[rospy.internal][INFO] 2026-07-24 00:05:09,329: topic[/mavros5/local_position/odom] removing connection to http://gpufree-container:40905/
[rospy.internal][INFO] 2026-07-24 00:05:09,329: topic[/mavros5/local_position/odom] removing connection to http://gpufree-container:40905/
[rospy.internal][INFO] 2026-07-24 00:05:09,329: topic[/mavros5/state] removing connection to http://gpufree-container:40905/
[rospy.internal][INFO] 2026-07-24 00:05:09,329: topic[/radar/target5/position] removing connection to http://gpufree-container:34385/
[rospy.internal][INFO] 2026-07-24 00:05:09,330: topic[/interceptor6/origin] removing connection to http://gpufree-container:34385/
[rospy.internal][INFO] 2026-07-24 00:05:09,330: topic[/interceptor6/origin] removing connection to http://gpufree-container:34385/
[rospy.internal][INFO] 2026-07-24 00:05:09,330: topic[/mavros6/local_position/odom] removing connection to http://gpufree-container:40905/
[rospy.internal][INFO] 2026-07-24 00:05:09,330: topic[/mavros6/state] removing connection to http://gpufree-container:40905/
[rospy.internal][INFO] 2026-07-24 00:05:09,331: topic[/radar/target6/position] removing connection to http://gpufree-container:34385/
[rospy.internal][INFO] 2026-07-24 00:05:09,331: topic[/interceptor7/origin] removing connection to http://gpufree-container:34385/
[rospy.internal][INFO] 2026-07-24 00:05:09,331: topic[/interceptor7/origin] removing connection to http://gpufree-container:34385/
[rospy.internal][INFO] 2026-07-24 00:05:09,331: topic[/mavros7/local_position/odom] removing connection to http://gpufree-container:40905/
[rospy.internal][INFO] 2026-07-24 00:05:09,331: topic[/mavros7/local_position/odom] removing connection to http://gpufree-container:40905/
[rospy.internal][INFO] 2026-07-24 00:05:09,332: topic[/mavros7/state] removing connection to http://gpufree-container:40905/
[rospy.internal][INFO] 2026-07-24 00:05:09,332: topic[/radar/target7/position] removing connection to http://gpufree-container:34385/
[rospy.internal][INFO] 2026-07-24 00:05:09,332: topic[/interceptor8/origin] removing connection to http://gpufree-container:34385/
[rospy.internal][INFO] 2026-07-24 00:05:09,332: topic[/mavros8/local_position/odom] removing connection to http://gpufree-container:40905/
[rospy.internal][INFO] 2026-07-24 00:05:09,333: topic[/mavros8/state] removing connection to http://gpufree-container:40905/
[rospy.internal][INFO] 2026-07-24 00:05:09,333: topic[/radar/target8/position] removing connection to http://gpufree-container:34385/
[rospy.internal][INFO] 2026-07-24 00:05:09,333: topic[/interceptor9/origin] removing connection to http://gpufree-container:34385/
[rospy.internal][INFO] 2026-07-24 00:05:09,333: topic[/interceptor9/origin] removing connection to http://gpufree-container:34385/
[rospy.internal][INFO] 2026-07-24 00:05:09,333: topic[/mavros9/local_position/odom] removing connection to http://gpufree-container:40905/
[rospy.internal][INFO] 2026-07-24 00:05:09,334: topic[/mavros9/state] removing connection to http://gpufree-container:40905/
[rospy.internal][INFO] 2026-07-24 00:05:09,334: topic[/radar/target9/position] removing connection to http://gpufree-container:34385/
[rospy.internal][INFO] 2026-07-24 00:05:09,334: topic[/interceptor10/origin] removing connection to http://gpufree-container:34385/
[rospy.internal][INFO] 2026-07-24 00:05:09,334: topic[/mavros10/local_position/odom] removing connection to http://gpufree-container:40905/
[rospy.internal][INFO] 2026-07-24 00:05:09,334: topic[/mavros10/state] removing connection to http://gpufree-container:40905/
[rospy.internal][INFO] 2026-07-24 00:05:09,335: topic[/radar/target10/position] removing connection to http://gpufree-container:34385/
[rospy.impl.masterslave][INFO] 2026-07-24 00:05:09,335: atexit
